customerID,gender,SeniorCitizen,Partner,Dependents,tenure,PhoneService,MultipleLines,InternetService,OnlineSecurity,OnlineBackup,DeviceProtection,TechSupport,StreamingTV,StreamingMovies,Contract,PaperlessBilling,PaymentMethod,MonthlyCharges,TotalCharges,Churn
6684-LWVH,Male,0,No,No,4,Yes,Yes,No,No internet service,No internet service,No internet service,No internet service,No internet service,No internet service,One year,No,Mailed check,27.56,107.47,No
7027-JIFO,Male,0,No,No,35,Yes,No,No,No internet service,No internet service,No internet service,No internet service,No internet service,No internet service,Month-to-month,Yes,Mailed check,30.52,1020.47,No
5981-VOQO,Female,0,No,No,45,Yes,Yes,DSL,No,No,No,No,Yes,No,Month-to-month,Yes,Bank transfer (automatic),66.87,2686.35,No
7266-HYDM,Male,0,Yes,No,31,Yes,Yes,Fiber optic,No,No,No,No,No,Yes,Month-to-month,Yes,Bank transfer (automatic),86.95,2536.96,Yes
2821-JDLS,Female,0,Yes,No,5,Yes,Yes,No,No internet service,No internet service,No internet service,No internet service,No internet service,No internet service,Two year,No,Mailed check,30.18,139.12,No
5340-PDYK,Male,0,Yes,No,38,Yes,Yes,Fiber optic,Yes,No,Yes,Yes,Yes,No,Month-to-month,No,Bank transfer (automatic),92.99,3482.17,Yes
1336-CZFG,Female,0,Yes,No,27,Yes,Yes,DSL,No,No,Yes,No,Yes,No,Month-to-month,No,Bank transfer (automatic),68.02,1835.3,No
7720-JXCT,Male,0,No,No,36,No,No phone service,DSL,Yes,Yes,No,No,No,No,Two year,Yes,Electronic check,52.88,1796.16,No
7437-YWUA,Female,0,Yes,Yes,23,Yes,Yes,Fiber optic,No,No,Yes,Yes,Yes,Yes,One year,Yes,Mailed check,97.63,2046.14,Yes
8464-DRCH,Male,0,Yes,No,33,Yes,No,DSL,No,No,Yes,Yes,Yes,No,One year,No,Credit card (automatic),61.15,1889.43,Yes
2382-GEHP,Female,0,No,No,68,Yes,Yes,DSL,Yes,No,No,Yes,Yes,No,Month-to-month,No,Electronic check,71.02,4786.27,No
4362-AHBA,Male,1,Yes,Yes,26,Yes,No,No,No internet service,No internet service,No internet service,No internet service,No internet service,No internet service,Month-to-month,Yes,Electronic check,34.37,914.19,No
4307-CPGI,Male,0,No,Yes,13,Yes,No,Fiber optic,No,Yes,No,No,No,Yes,Month-to-month,No,Electronic check,83.01,960.16,Yes
9422-IPCN,Male,0,Yes,No,22,Yes,No,Fiber optic,No,No,No,Yes,No,Yes,One year,No,Electronic check,89.18,1942.52,No
4767-YMRS,Male,1,No,No,35,Yes,No,DSL,No,No,No,No,No,No,Month-to-month,No,Credit card (automatic),53.36,1674.86,Yes
2097-RWQD,Female,0,Yes,No,50,Yes,No,Fiber optic,Yes,No,No,No,No,Yes,Month-to-month,No,Bank transfer (automatic),87.87,4315.01,No
6990-RRZA,Female,0,Yes,No,41,No,No phone service,No,No internet service,No internet service,No internet service,No internet service,No internet service,No internet service,Month-to-month,No,Credit card (automatic),18.0,722.04,No
2124-CLFC,Male,0,No,Yes,11,Yes,Yes,DSL,Yes,No,No,Yes,No,Yes,Two year,No,Bank transfer (automatic),76.36,850.93,Yes
2306-TWOL,Male,0,No,No,3,No,No phone service,Fiber optic,Yes,No,Yes,No,No,Yes,Month-to-month,Yes,Credit card (automatic),78.38,229.77,Yes
3030-HMMD,Male,0,No,No,57,Yes,Yes,DSL,Yes,Yes,Yes,No,No,Yes,Month-to-month,Yes,Bank transfer (automatic),72.03,3866.18,No
3525-OVBC,Female,0,No,No,37,Yes,Yes,Fiber optic,No,No,No,No,No,No,Month-to-month,No,Mailed check,80.45,2936.83,No
2881-EIAR,Female,0,Yes,No,49,Yes,No,No,No internet service,No internet service,No internet service,No internet service,No internet service,No internet service,Two year,Yes,Bank transfer (automatic),19.76,917.82,No
3192-EACG,Female,0,Yes,No,15,Yes,Yes,DSL,No,Yes,No,Yes,Yes,No,Month-to-month,Yes,Electronic check,69.84,1053.87,No
4049-QKEA,Male,0,No,No,37,Yes,No,Fiber optic,No,No,No,No,No,Yes,Month-to-month,Yes,Electronic check,79.72,2871.0,Yes
9860-AKZC,Female,0,No,No,2,Yes,No,Fiber optic,No,No,No,No,No,No,Two year,Yes,Bank transfer (automatic),68.29,126.55,No
8788-TRUA,Male,0,No,No,5,Yes,No,Fiber optic,No,Yes,No,No,No,No,Month-to-month,Yes,Electronic check,73.36,355.59,Yes
4572-USPL,Female,0,Yes,Yes,35,Yes,Yes,No,No internet service,No internet service,No internet service,No internet service,No internet service,No internet service,One year,Yes,Credit card (automatic),37.44,1391.75,No
4089-XZQW,Male,0,Yes,Yes,1,Yes,Yes,Fiber optic,No,No,No,Yes,No,Yes,Month-to-month,Yes,Electronic check,91.85,89.35,Yes
7070-YYZP,Male,0,No,No,41,Yes,No,Fiber optic,No,Yes,Yes,Yes,Yes,No,Month-to-month,Yes,Credit card (automatic),92.83,3778.23,Yes
1458-XUIB,Male,0,No,Yes,62,Yes,Yes,No,No internet service,No internet service,No internet service,No internet service,No internet service,No internet service,Month-to-month,Yes,Electronic check,27.15,1554.09,No
9372-JTIG,Male,1,Yes,No,22,Yes,No,DSL,No,No,Yes,No,No,No,Month-to-month,Yes,Electronic check,49.51,1005.51,Yes
6430-LOLZ,Female,1,No,Yes,15,Yes,Yes,Fiber optic,Yes,No,No,No,Yes,No,One year,Yes,Bank transfer (automatic),85.93,1237.95,No
9924-JUND,Female,0,No,No,41,Yes,Yes,Fiber optic,Yes,Yes,No,No,No,Yes,Two year,No,Electronic check,94.81,3561.74,Yes
6101-ANST,Male,1,No,No,26,Yes,Yes,Fiber optic,Yes,No,No,Yes,No,Yes,Two year,Yes,Bank transfer (automatic),89.67,2270.18,No
7579-ZCTQ,Male,0,Yes,No,15,Yes,Yes,Fiber optic,Yes,No,Yes,Yes,No,No,Month-to-month,Yes,Bank transfer (automatic),91.62,1320.98,Yes
2179-OJKT,Male,0,Yes,No,16,Yes,No,Fiber optic,No,No,Yes,Yes,No,No,Month-to-month,No,Credit card (automatic),80.04,1275.97,Yes
9860-RUXC,Female,0,Yes,No,3,Yes,Yes,Fiber optic,No,Yes,Yes,No,No,No,Month-to-month,Yes,Electronic check,86.12,246.95,No
1903-YGXS,Female,0,Yes,Yes,35,Yes,Yes,DSL,Yes,No,No,No,Yes,Yes,Month-to-month,No,Bank transfer (automatic),80.85,2646.23,Yes
5337-WEYC,Female,0,Yes,No,21,Yes,No,DSL,Yes,Yes,No,No,No,No,Month-to-month,Yes,Mailed check,59.07,1194.63,Yes
7756-ERQB,Female,0,No,Yes,32,Yes,No,Fiber optic,No,Yes,No,No,No,Yes,Month-to-month,No,Mailed check,81.65,2651.58,No
8613-FCRZ,Male,0,No,No,49,Yes,Yes,DSL,No,Yes,No,Yes,No,Yes,One year,No,Mailed check,73.85,3252.49,No
6965-LDRT,Male,1,No,No,29,Yes,No,Fiber optic,No,No,No,No,Yes,No,Month-to-month,Yes,Mailed check,80.01,2259.11,Yes
4600-IOAO,Male,1,Yes,No,29,Yes,Yes,Fiber optic,No,Yes,No,No,No,No,Month-to-month,No,Electronic check,87.25,2449.58,Yes
5107-PCMQ,Male,0,Yes,No,22,Yes,Yes,No,No internet service,No internet service,No internet service,No internet service,No internet service,No internet service,Two year,No,Credit card (automatic),26.03,545.14,No
1626-QHZQ,Male,0,Yes,Yes,51,Yes,Yes,DSL,No,No,Yes,No,Yes,Yes,Two year,Yes,Electronic check,79.78,4363.02,No
8086-UTJI,Male,1,Yes,No,16,Yes,No,Fiber optic,No,No,No,No,Yes,No,Two year,Yes,Mailed check,82.46,1298.11,No
5849-VGVO,Male,0,Yes,No,46,Yes,Yes,DSL,No,Yes,Yes,Yes,Yes,No,Month-to-month,No,Credit card (automatic),76.11,3326.7,No
9779-CEWY,Female,0,Yes,No,20,Yes,Yes,DSL,No,Yes,Yes,Yes,Yes,No,Month-to-month,No,Electronic check,74.25,1467.13,Yes
1594-EQRV,Female,0,Yes,No,4,Yes,Yes,DSL,No,No,Yes,No,No,No,One year,Yes,Electronic check,62.17,225.6,No
3382-FNJI,Female,1,No,No,11,Yes,Yes,Fiber optic,Yes,No,Yes,Yes,Yes,Yes,Month-to-month,Yes,Credit card (automatic),102.8,1053.38,Yes
8254-FCOX,Female,0,No,No,20,Yes,No,No,No internet service,No internet service,No internet service,No internet service,No internet service,No internet service,Month-to-month,No,Electronic check,28.1,555.82,No
6928-ZJMH,Male,0,No,No,58,Yes,Yes,DSL,No,No,Yes,No,Yes,No,Two year,No,Mailed check,61.26,3548.58,No
1238-IXOC,Female,0,Yes,No,12,Yes,No,DSL,No,No,No,No,Yes,No,Month-to-month,No,Bank transfer (automatic),58.09,652.51,No
9838-WGOQ,Female,0,No,No,24,Yes,Yes,DSL,No,No,No,No,No,No,Month-to-month,No,Credit card (automatic),47.66,1126.25,No
1871-LMIE,Male,0,Yes,No,28,Yes,Yes,Fiber optic,No,No,Yes,No,Yes,No,Month-to-month,Yes,Mailed check,83.14,2223.39,Yes
9240-KSNB,Female,0,No,No,33,Yes,Yes,Fiber optic,No,No,Yes,No,Yes,No,Month-to-month,No,Credit card (automatic),90.91,3109.6,Yes
4476-KLLW,Male,0,Yes,Yes,49,Yes,No,Fiber optic,No,No,No,No,Yes,No,Month-to-month,Yes,Credit card (automatic),85.89,4246.88,No
1569-KJDY,Female,0,Yes,Yes,15,Yes,Yes,No,No internet service,No internet service,No internet service,No internet service,No internet service,No internet service,Month-to-month,Yes,Credit card (automatic),25.36,383.19,Yes
7496-OVFT,Female,0,No,No,24,No,No phone service,Fiber optic,Yes,Yes,Yes,No,Yes,No,Month-to-month,Yes,Electronic check,86.23,1911.18,Yes
4853-YTUX,Male,0,Yes,Yes,54,Yes,No,Fiber optic,Yes,No,Yes,No,Yes,No,Month-to-month,No,Mailed check,87.7,4642.84,No
3621-WHFK,Female,0,No,No,64,Yes,No,Fiber optic,No,Yes,No,Yes,Yes,No,One year,No,Electronic check,97.38,5620.0,No
3168-WIKS,Female,0,No,No,30,Yes,Yes,Fiber optic,No,Yes,No,No,No,No,Month-to-month,No,Electronic check,87.8,2563.46,Yes
6112-IMKL,Female,0,Yes,Yes,69,No,No phone service,Fiber optic,No,No,No,No,No,No,Two year,Yes,Electronic check,64.32,3881.51,No
4625-VQYT,Male,0,Yes,Yes,49,Yes,No,No,No internet service,No internet service,No internet service,No internet service,No internet service,No internet service,Month-to-month,Yes,Electronic check,27.58,1212.74,Yes
1347-RJZW,Female,0,Yes,Yes,41,Yes,Yes,DSL,No,Yes,Yes,No,Yes,No,Two year,Yes,Credit card (automatic),66.95,2638.4,No
7567-NBGZ,Male,0,No,Yes,11,Yes,No,No,No internet service,No internet service,No internet service,No internet service,No internet service,No internet service,One year,No,Credit card (automatic),27.81,297.6,No
8658-CKXP,Male,0,Yes,Yes,38,Yes,Yes,DSL,Yes,Yes,No,No,Yes,No,Month-to-month,Yes,Electronic check,72.19,2716.95,Yes
8081-FWKV,Female,0,Yes,No,8,No,No phone service,Fiber optic,No,No,No,No,No,No,Month-to-month,Yes,Electronic check,65.21,498.36,Yes
3556-GQWC,Male,0,No,No,59,No,No phone service,No,No internet service,No internet service,No internet service,No internet service,No internet service,No internet service,Month-to-month,No,Mailed check,22.77,1252.04,No
8970-JFTT,Male,0,No,No,10,Yes,Yes,DSL,No,No,No,Yes,Yes,No,Month-to-month,Yes,Credit card (automatic),65.36,586.35,No
2905-NVEH,Male,0,No,Yes,29,Yes,No,Fiber optic,No,No,Yes,No,No,Yes,One year,Yes,Credit card (automatic),85.01,2309.02,No
8706-DYRQ,Female,1,Yes,No,27,Yes,No,Fiber optic,No,No,No,Yes,Yes,Yes,Two year,Yes,Electronic check,97.41,2578.15,No
8466-TUGV,Male,1,Yes,Yes,47,Yes,No,Fiber optic,No,Yes,No,No,No,Yes,Month-to-month,Yes,Electronic check,87.87,3813.02,No
1289-TOTS,Female,0,Yes,No,45,Yes,Yes,Fiber optic,No,No,No,No,No,Yes,Month-to-month,Yes,Electronic check,84.97,3712.52,No
9395-ESWK,Male,0,No,Yes,56,Yes,No,Fiber optic,No,No,No,Yes,Yes,Yes,Month-to-month,Yes,Credit card (automatic),95.23,5222.84,No
3846-NEAZ,Female,0,No,No,41,Yes,No,Fiber optic,No,Yes,No,Yes,Yes,Yes,Month-to-month,No,Mailed check,87.85,3462.45,No
5446-RYYW,Female,0,Yes,Yes,5,Yes,Yes,Fiber optic,Yes,No,No,Yes,Yes,No,Month-to-month,Yes,Electronic check,91.75,429.11,Yes
2811-MOYL,Male,0,Yes,Yes,40,Yes,No,Fiber optic,No,No,Yes,No,No,Yes,Month-to-month,Yes,Mailed check,86.31,3252.24,No
7567-ASBS,Male,0,No,No,18,Yes,Yes,No,No internet service,No internet service,No internet service,No internet service,No internet service,No internet service,One year,No,Mailed check,35.1,598.53,No
4057-MRRW,Male,0,No,No,21,Yes,No,Fiber optic,Yes,No,Yes,No,Yes,No,Two year,Yes,Bank transfer (automatic),80.28,1592.81,Yes
1288-MGHL,Female,1,No,Yes,19,No,No phone service,Fiber optic,Yes,No,No,Yes,Yes,No,Month-to-month,Yes,Electronic check,79.28,1494.03,Yes
9361-JNQH,Female,0,No,Yes,41,Yes,No,Fiber optic,Yes,No,Yes,No,Yes,No,Two year,Yes,Bank transfer (automatic),89.35,3574.32,No
5033-BSWE,Male,0,Yes,No,10,Yes,No,Fiber optic,Yes,Yes,No,Yes,No,Yes,Month-to-month,No,Mailed check,90.34,871.96,Yes
5450-WTBO,Female,0,Yes,No,45,Yes,No,DSL,No,Yes,Yes,Yes,No,Yes,Month-to-month,No,Bank transfer (automatic),73.49,3188.37,No
3513-GVAJ,Male,1,No,Yes,49,No,No phone service,Fiber optic,Yes,No,No,Yes,No,Yes,Two year,Yes,Electronic check,75.37,3253.34,No
4908-JMXE,Male,0,Yes,No,42,No,No phone service,No,No internet service,No internet service,No internet service,No internet service,No internet service,No internet service,Month-to-month,Yes,Electronic check,19.87,807.72,No
3386-URLM,Male,0,Yes,No,62,Yes,No,No,No internet service,No internet service,No internet service,No internet service,No internet service,No internet service,One year,No,Electronic check,26.85,1623.84,No
6256-LFVH,Male,0,No,Yes,52,Yes,No,DSL,Yes,No,Yes,No,Yes,No,Two year,No,Credit card (automatic),65.59,3308.41,No
1789-YUXX,Female,0,Yes,No,23,Yes,Yes,Fiber optic,Yes,No,No,Yes,Yes,No,One year,Yes,Electronic check,90.22,2100.15,No
1545-YMHV,Male,1,No,No,13,Yes,No,DSL,Yes,No,Yes,No,Yes,No,One year,No,Electronic check,65.13,880.88,No
5568-GSTA,Male,0,Yes,Yes,30,Yes,Yes,Fiber optic,No,No,No,No,Yes,Yes,One year,No,Mailed check,99.11,2751.41,Yes
3768-WPPF,Male,0,No,No,30,Yes,No,Fiber optic,No,Yes,Yes,No,Yes,Yes,Two year,No,Electronic check,94.78,2869.49,No
9272-BVMQ,Male,0,No,Yes,39,Yes,Yes,DSL,No,Yes,No,No,No,Yes,Month-to-month,Yes,Mailed check,70.66,2712.48,No
2532-BQBI,Male,1,Yes,Yes,6,Yes,Yes,No,No internet service,No internet service,No internet service,No internet service,No internet service,No internet service,Month-to-month,Yes,Bank transfer (automatic),33.79,213.1,No
4298-SVKB,Male,1,Yes,No,16,Yes,No,Fiber optic,No,No,No,No,Yes,No,Month-to-month,Yes,Credit card (automatic),81.98,1278.5,Yes
7731-MHBI,Female,0,Yes,No,0,Yes,No,No,No internet service,No internet service,No internet service,No internet service,No internet service,No internet service,Month-to-month,Yes,Electronic check,24.03,,No
9386-TWIN,Female,0,Yes,Yes,44,Yes,No,No,No internet service,No internet service,No internet service,No internet service,No internet service,No internet service,One year,No,Credit card (automatic),18.0,765.07,No
7274-ZMIX,Male,0,Yes,No,62,No,No phone service,DSL,Yes,No,Yes,No,No,Yes,One year,No,Bank transfer (automatic),57.91,3560.01,No
8856-PVNZ,Female,0,No,No,50,Yes,No,DSL,Yes,No,No,No,No,No,Two year,No,Mailed check,52.04,2326.28,No
7951-CWJV,Female,0,No,Yes,63,Yes,No,Fiber optic,No,Yes,Yes,Yes,Yes,Yes,Two year,Yes,Electronic check,94.41,5954.47,No
9462-CVBP,Male,0,No,No,54,Yes,Yes,No,No internet service,No internet service,No internet service,No internet service,No internet service,No internet service,Month-to-month,Yes,Bank transfer (automatic),34.08,1826.78,No
7213-NQQN,Female,0,No,No,41,Yes,Yes,Fiber optic,Yes,Yes,No,Yes,No,No,Month-to-month,No,Credit card (automatic),87.87,3463.8,No
5173-YGGG,Female,1,No,No,17,Yes,Yes,Fiber optic,Yes,No,Yes,Yes,Yes,No,Month-to-month,No,Credit card (automatic),96.31,1652.42,Yes
1035-QSFJ,Male,1,No,No,61,Yes,No,DSL,No,No,No,No,No,No,Two year,Yes,Credit card (automatic),50.14,2716.19,No
8978-IBJH,Male,0,Yes,No,51,Yes,No,DSL,Yes,No,No,No,No,Yes,One year,Yes,Electronic check,70.58,3205.91,No
5179-MELG,Male,0,No,Yes,35,Yes,No,DSL,No,No,Yes,No,Yes,Yes,Month-to-month,Yes,Mailed check,70.23,2352.58,No
4546-VRKX,Female,0,Yes,No,35,Yes,No,Fiber optic,No,No,Yes,No,No,Yes,Two year,Yes,Mailed check,88.65,2911.25,No
3295-MTRE,Female,0,No,No,2,Yes,No,Fiber optic,No,No,No,No,Yes,No,Two year,Yes,Bank transfer (automatic),79.38,161.0,Yes
9916-YINN,Female,0,Yes,No,59,Yes,No,Fiber optic,No,No,No,No,Yes,Yes,One year,No,Electronic check,79.41,4738.82,No
5766-OUEB,Female,1,No,No,24,Yes,Yes,No,No internet service,No internet service,No internet service,No internet service,No internet service,No internet service,Month-to-month,Yes,Mailed check,36.74,830.2,No
3841-OPCP,Female,0,Yes,No,24,Yes,No,DSL,Yes,No,No,Yes,No,No,Two year,No,Bank transfer (automatic),60.58,1418.69,No
4468-YPYL,Male,1,Yes,No,4,Yes,No,Fiber optic,No,No,Yes,Yes,Yes,Yes,One year,Yes,Electronic check,96.72,362.34,Yes
3542-BMON,Male,0,No,No,46,Yes,No,Fiber optic,Yes,No,Yes,Yes,Yes,No,Month-to-month,Yes,Electronic check,96.5,4330.91,Yes
6847-LJQY,Female,0,No,Yes,69,Yes,Yes,No,No internet service,No internet service,No internet service,No internet service,No internet service,No internet service,One year,Yes,Mailed check,34.08,2348.46,No
1938-JFIN,Male,0,Yes,No,43,Yes,Yes,Fiber optic,Yes,Yes,Yes,No,Yes,No,Two year,No,Mailed check,101.2,4275.17,No
2141-DKCS,Male,0,Yes,No,69,Yes,Yes,DSL,Yes,Yes,No,Yes,Yes,Yes,Month-to-month,Yes,Mailed check,77.34,5186.61,No
6109-ZKXK,Male,1,No,No,19,Yes,Yes,No,No internet service,No internet service,No internet service,No internet service,No internet service,No internet service,Month-to-month,No,Mailed check,30.33,578.46,Yes
5245-DYRU,Male,0,No,No,25,Yes,No,DSL,Yes,No,Yes,No,No,No,Month-to-month,No,Bank transfer (automatic),62.04,1583.85,No
4027-CUNF,Male,0,Yes,Yes,41,Yes,Yes,No,No internet service,No internet service,No internet service,No internet service,No internet service,No internet service,Two year,No,Electronic check,33.05,1308.37,No
3503-AEPV,Male,1,Yes,No,23,Yes,Yes,DSL,No,Yes,No,No,Yes,No,Month-to-month,No,Bank transfer (automatic),65.56,1561.44,No
1996-PRPN,Male,1,Yes,Yes,21,Yes,Yes,Fiber optic,No,No,No,Yes,No,Yes,Two year,No,Electronic check,82.43,1760.27,No
3070-TJGJ,Male,1,Yes,No,51,Yes,Yes,DSL,Yes,No,No,No,Yes,Yes,Month-to-month,No,Bank transfer (automatic),74.39,3688.35,Yes
8044-SVQA,Female,0,No,Yes,25,Yes,No,No,No internet service,No internet service,No internet service,No internet service,No internet service,No internet service,Month-to-month,No,Credit card (automatic),35.2,841.61,Yes
3405-MCPU,Male,0,No,Yes,17,Yes,Yes,Fiber optic,Yes,Yes,No,No,Yes,No,Two year,No,Credit card (automatic),92.94,1487.53,No
3318-CIKQ,Female,0,No,No,62,No,No phone service,No,No internet service,No internet service,No internet service,No internet service,No internet service,No internet service,Two year,No,Credit card (automatic),24.0,1452.7,No
2713-YULB,Male,0,Yes,No,62,Yes,No,DSL,Yes,No,No,No,No,Yes,One year,Yes,Electronic check,64.44,3919.1,No
8442-OBBH,Female,0,Yes,No,51,Yes,No,No,No internet service,No internet service,No internet service,No internet service,No internet service,No internet service,Month-to-month,No,Mailed check,27.03,1347.19,No
9878-TUPH,Female,0,No,No,36,Yes,Yes,DSL,Yes,No,Yes,No,No,Yes,One year,No,Bank transfer (automatic),75.75,2532.37,Yes
4492-SFQT,Female,0,No,No,33,No,No phone service,DSL,No,Yes,Yes,Yes,No,No,Month-to-month,Yes,Electronic check,55.89,1709.71,No
8306-CVHO,Male,0,Yes,No,44,Yes,Yes,DSL,Yes,Yes,Yes,No,No,No,Month-to-month,No,Mailed check,68.59,2928.04,No
8216-SHIH,Female,0,Yes,No,58,Yes,No,DSL,Yes,Yes,No,Yes,Yes,Yes,Two year,Yes,Credit card (automatic),74.83,3960.18,No
7388-MEQR,Female,0,No,No,43,Yes,No,DSL,Yes,No,Yes,No,Yes,Yes,Month-to-month,No,Credit card (automatic),73.54,3169.49,No
1238-VWMD,Male,0,Yes,No,22,Yes,Yes,Fiber optic,No,Yes,Yes,No,Yes,No,One year,Yes,Mailed check,99.71,2113.32,No
3800-ICCU,Female,0,Yes,No,58,Yes,No,No,No internet service,No internet service,No internet service,No internet service,No internet service,No internet service,Month-to-month,No,Electronic check,29.64,1570.99,No
7046-LSNL,Male,1,No,No,39,Yes,No,DSL,Yes,Yes,Yes,Yes,No,No,Month-to-month,Yes,Mailed check,67.04,2551.23,Yes
1326-PAXN,Female,0,No,No,0,Yes,No,Fiber optic,No,No,Yes,Yes,No,No,Month-to-month,Yes,Bank transfer (automatic),81.13,0.0,Yes
1619-NMQW,Female,0,Yes,Yes,48,Yes,No,Fiber optic,No,Yes,Yes,Yes,No,No,Month-to-month,No,Credit card (automatic),89.6,3852.25,No
1777-NJNR,Female,0,No,No,42,Yes,Yes,Fiber optic,Yes,Yes,Yes,No,No,Yes,Two year,No,Mailed check,97.57,3976.11,No
1008-YVOQ,Male,0,No,No,2,Yes,Yes,DSL,No,Yes,Yes,Yes,Yes,No,Month-to-month,No,Bank transfer (automatic),75.48,135.64,No
9388-ZLXE,Female,1,No,No,24,Yes,Yes,Fiber optic,No,No,Yes,Yes,No,Yes,Month-to-month,Yes,Mailed check,90.38,2059.88,No
7462-LPQZ,Female,0,No,No,57,Yes,No,Fiber optic,Yes,No,No,Yes,No,No,One year,Yes,Credit card (automatic),82.55,4748.13,Yes
5260-MZAA,Male,0,No,No,50,Yes,Yes,Fiber optic,No,No,No,Yes,Yes,No,Month-to-month,Yes,Electronic check,87.81,4386.97,Yes
6603-SNYN,Male,0,No,Yes,51,Yes,Yes,DSL,No,No,No,Yes,No,No,One year,Yes,Mailed check,64.88,3249.48,No
9235-SPSK,Male,0,No,No,26,Yes,Yes,Fiber optic,Yes,Yes,No,Yes,Yes,No,Month-to-month,No,Electronic check,97.57,2495.8,Yes
9419-KZFL,Male,0,Yes,No,23,Yes,No,No,No internet service,No internet service,No internet service,No internet service,No internet service,No internet service,Two year,No,Mailed check,27.79,611.98,No
1957-DDEF,Male,1,Yes,Yes,48,Yes,No,Fiber optic,Yes,Yes,No,No,Yes,Yes,Two year,No,Mailed check,95.38,4469.38,No
3675-PLWT,Male,0,Yes,No,26,Yes,Yes,No,No internet service,No internet service,No internet service,No internet service,No internet service,No internet service,Month-to-month,Yes,Bank transfer (automatic),25.98,643.77,No
4239-ICOW,Male,0,Yes,No,26,Yes,No,No,No internet service,No internet service,No internet service,No internet service,No internet service,No internet service,One year,Yes,Mailed check,34.22,856.88,No
3694-HZLH,Male,0,Yes,No,52,Yes,Yes,Fiber optic,No,Yes,Yes,Yes,No,No,Month-to-month,Yes,Bank transfer (automatic),97.37,5020.12,No
8658-AONR,Female,1,Yes,No,43,Yes,No,Fiber optic,No,No,No,No,No,No,Two year,No,Credit card (automatic),77.76,3122.72,No
3785-VWWT,Male,0,No,No,52,Yes,No,DSL,No,Yes,No,No,Yes,Yes,Month-to-month,No,Mailed check,77.16,3706.35,Yes
8359-CKRR,Male,0,No,No,27,No,No phone service,DSL,No,Yes,Yes,Yes,Yes,No,Month-to-month,Yes,Bank transfer (automatic),64.05,1629.09,No
2381-MAAV,Female,0,No,Yes,6,Yes,No,No,No internet service,No internet service,No internet service,No internet service,No internet service,No internet service,Two year,Yes,Mailed check,23.04,128.37,No
8567-QDRU,Female,0,No,No,56,Yes,Yes,DSL,No,No,No,No,No,Yes,One year,Yes,Mailed check,64.13,3483.02,No
3549-QNGB,Female,0,No,Yes,65,Yes,Yes,Fiber optic,Yes,Yes,No,Yes,No,Yes,One year,No,Bank transfer (automatic),97.7,5773.68,No
4710-HPZQ,Male,0,Yes,No,42,Yes,No,DSL,No,Yes,No,Yes,No,Yes,One year,Yes,Mailed check,63.22,2692.55,No
5772-YTSG,Female,1,Yes,No,31,Yes,No,DSL,Yes,No,No,No,No,No,Month-to-month,Yes,Electronic check,57.11,1718.65,No
9188-RCDC,Male,0,No,No,48,Yes,Yes,DSL,No,No,No,No,Yes,No,Month-to-month,No,Electronic check,68.72,3204.01,No
6339-PCBB,Male,0,No,Yes,48,Yes,Yes,DSL,Yes,No,Yes,No,Yes,Yes,Two year,Yes,Mailed check,74.14,3518.09,No
4968-YJCP,Female,0,Yes,No,25,Yes,No,DSL,No,Yes,No,Yes,No,Yes,Month-to-month,Yes,Electronic check,67.22,1547.44,No
2551-GHGZ,Female,0,Yes,Yes,19,Yes,Yes,Fiber optic,Yes,Yes,No,Yes,No,Yes,Month-to-month,Yes,Mailed check,97.52,1755.38,No
4195-BKNE,Male,0,No,No,53,Yes,Yes,No,No internet service,No internet service,No internet service,No internet service,No internet service,No internet service,Two year,No,Bank transfer (automatic),31.83,1700.71,No
5923-OERE,Female,0,Yes,No,25,Yes,Yes,No,No internet service,No internet service,No internet service,No internet service,No internet service,No internet service,Month-to-month,Yes,Electronic check,31.1,684.2,No
2406-VLOB,Male,0,No,Yes,58,Yes,No,DSL,No,Yes,No,No,Yes,Yes,One year,Yes,Electronic check,70.81,3900.68,No
9165-JMHI,Female,0,Yes,No,28,Yes,Yes,DSL,No,No,Yes,Yes,Yes,No,One year,No,Credit card (automatic),70.73,1938.37,No
7579-SNXQ,Male,1,No,No,61,Yes,Yes,Fiber optic,No,Yes,No,No,No,No,Month-to-month,No,Electronic check,84.85,5091.93,No
9168-LBAK,Female,0,No,No,31,Yes,No,DSL,Yes,No,Yes,Yes,No,Yes,Month-to-month,Yes,Mailed check,74.96,2297.23,No
7294-LUDW,Male,1,Yes,No,9,Yes,Yes,Fiber optic,No,No,No,No,Yes,No,One year,No,Credit card (automatic),85.31,725.71,No
5038-XRBN,Female,0,No,Yes,6,Yes,No,DSL,No,Yes,No,Yes,Yes,Yes,Two year,Yes,Bank transfer (automatic),79.88,460.65,No
7956-SMTK,Male,0,Yes,No,14,No,No phone service,Fiber optic,Yes,Yes,Yes,Yes,Yes,No,One year,Yes,Mailed check,89.71,1152.87,Yes
3510-ENYY,Male,1,Yes,No,29,Yes,No,DSL,No,Yes,Yes,No,Yes,Yes,Month-to-month,Yes,Credit card (automatic),78.21,2218.73,Yes
2406-XBXY,Male,0,Yes,No,29,Yes,No,Fiber optic,No,No,Yes,Yes,Yes,No,Month-to-month,No,Electronic check,83.33,2547.69,Yes
8181-FANW,Male,0,No,No,17,Yes,Yes,Fiber optic,No,No,No,No,No,Yes,Month-to-month,Yes,Mailed check,89.49,1439.55,Yes
1224-VGAY,Male,0,Yes,No,56,Yes,No,DSL,Yes,No,Yes,No,No,No,Month-to-month,No,Electronic check,65.63,3709.05,Yes
3824-VWYN,Male,0,Yes,Yes,47,Yes,No,No,No internet service,No internet service,No internet service,No internet service,No internet service,No internet service,Month-to-month,Yes,Bank transfer (automatic),24.27,1116.9,No
5243-THFF,Male,0,Yes,No,65,Yes,Yes,Fiber optic,Yes,Yes,No,Yes,No,Yes,One year,Yes,Credit card (automatic),101.56,6274.4,No
2470-XJWT,Male,0,Yes,Yes,38,Yes,Yes,Fiber optic,Yes,No,Yes,No,No,No,Month-to-month,Yes,Mailed check,84.11,2992.32,Yes
8457-BAOU,Male,0,No,Yes,21,Yes,Yes,Fiber optic,Yes,No,Yes,Yes,Yes,Yes,Month-to-month,Yes,Credit card (automatic),107.77,2012.37,Yes
3944-HQKJ,Female,0,Yes,Yes,51,Yes,No,Fiber optic,Yes,No,No,No,No,No,Month-to-month,Yes,Bank transfer (automatic),73.39,3480.83,No
3595-EECT,Male,0,Yes,Yes,8,Yes,Yes,Fiber optic,No,No,Yes,No,No,Yes,One year,No,Electronic check,97.28,756.83,No
2028-NZDP,Male,0,No,No,37,Yes,No,DSL,No,No,No,Yes,Yes,Yes,Month-to-month,No,Electronic check,67.37,2417.28,No
1266-LXBE,Male,0,Yes,No,34,Yes,No,Fiber optic,No,Yes,No,No,Yes,No,Month-to-month,Yes,Electronic check,86.62,2871.65,Yes
1334-MZTF,Male,0,Yes,Yes,43,Yes,Yes,Fiber optic,Yes,No,No,No,Yes,No,Two year,Yes,Electronic check,87.2,3631.3,No
8951-OBQE,Male,0,Yes,No,11,Yes,No,No,No internet service,No internet service,No internet service,No internet service,No internet service,No internet service,Two year,No,Bank transfer (automatic),26.86,283.18,No
9758-MSCC,Male,0,No,Yes,54,Yes,No,No,No internet service,No internet service,No internet service,No internet service,No internet service,No internet service,Two year,No,Bank transfer (automatic),20.05,1086.29,No
5024-HJHD,Female,0,No,No,8,Yes,Yes,No,No internet service,No internet service,No internet service,No internet service,No internet service,No internet service,One year,No,Electronic check,26.78,208.36,No
6168-HCCZ,Male,0,No,Yes,18,Yes,No,DSL,Yes,No,No,Yes,Yes,Yes,Two year,No,Electronic check,63.22,1149.09,No
9971-RITU,Female,1,No,No,18,Yes,Yes,DSL,Yes,Yes,Yes,No,Yes,Yes,Month-to-month,Yes,Credit card (automatic),79.91,1406.45,No
8141-HBJM,Female,0,Yes,No,41,Yes,No,Fiber optic,No,No,No,No,Yes,Yes,Month-to-month,Yes,Electronic check,93.18,3704.39,Yes
7135-PJTT,Female,0,No,No,46,Yes,No,DSL,No,Yes,Yes,No,Yes,No,Month-to-month,Yes,Credit card (automatic),73.64,2870.7,No
4735-DFOM,Female,1,No,Yes,18,Yes,No,No,No internet service,No internet service,No internet service,No internet service,No internet service,No internet service,Month-to-month,Yes,Mailed check,21.2,318.39,No
9245-BQZY,Female,0,No,No,48,Yes,No,DSL,No,No,Yes,Yes,Yes,Yes,Month-to-month,Yes,Electronic check,72.57,3422.82,Yes
4925-ZSPL,Female,0,No,No,35,Yes,No,DSL,Yes,Yes,No,No,No,Yes,Month-to-month,Yes,Mailed check,61.87,1948.79,No
3989-NPTE,Female,0,No,No,38,Yes,No,Fiber optic,Yes,No,No,No,Yes,Yes,Month-to-month,No,Credit card (automatic),95.94,3371.06,No
5548-BOHU,Male,0,Yes,Yes,17,Yes,Yes,DSL,No,Yes,No,Yes,No,No,Month-to-month,Yes,Credit card (automatic),68.25,1111.67,Yes
1981-HDVV,Female,0,No,No,3,Yes,Yes,Fiber optic,No,No,No,Yes,No,Yes,Month-to-month,Yes,Bank transfer (automatic),94.32,275.81,No
8914-KZOI,Male,0,No,Yes,23,Yes,No,No,No internet service,No internet service,No internet service,No internet service,No internet service,No internet service,Two year,Yes,Electronic check,27.25,603.44,No
2944-REIW,Female,1,Yes,Yes,58,Yes,No,No,No internet service,No internet service,No internet service,No internet service,No internet service,No internet service,Month-to-month,Yes,Electronic check,28.17,1567.61,No
3140-SHTQ,Female,0,Yes,No,41,Yes,No,Fiber optic,Yes,No,Yes,No,No,No,Two year,No,Bank transfer (automatic),81.02,3359.44,No
8306-FNFT,Male,0,Yes,No,5,Yes,Yes,DSL,Yes,Yes,Yes,Yes,No,No,Month-to-month,Yes,Credit card (automatic),66.95,318.23,No
2499-XGTQ,Female,0,Yes,No,27,No,No phone service,DSL,Yes,No,No,Yes,No,Yes,Month-to-month,Yes,Mailed check,61.09,1511.0,No
1229-LSPN,Male,1,No,No,35,Yes,Yes,DSL,No,No,No,No,No,No,Two year,No,Bank transfer (automatic),64.42,2276.57,No
5946-WBOS,Male,1,Yes,No,53,Yes,Yes,Fiber optic,Yes,No,Yes,No,Yes,No,Month-to-month,Yes,Mailed check,100.93,5249.85,Yes
1464-BLKJ,Male,0,Yes,Yes,17,Yes,Yes,Fiber optic,Yes,Yes,No,No,No,Yes,Month-to-month,Yes,Mailed check,96.44,1514.54,Yes
8529-KONR,Female,0,No,No,44,Yes,No,Fiber optic,No,No,No,No,No,Yes,Month-to-month,No,Credit card (automatic),74.24,3190.92,Yes
5499-PJWZ,Female,0,No,No,31,Yes,No,DSL,No,No,No,Yes,Yes,Yes,Two year,No,Electronic check,72.62,2046.83,No
9454-BZZM,Female,1,Yes,No,40,Yes,No,Fiber optic,No,Yes,No,Yes,Yes,Yes,Month-to-month,Yes,Electronic check,90.12,3563.23,Yes
5773-KIAS,Male,1,No,No,53,Yes,No,DSL,Yes,Yes,Yes,Yes,No,No,One year,Yes,Electronic check,64.81,3407.5,No
9197-ODZT,Female,0,No,No,5,Yes,No,Fiber optic,Yes,Yes,Yes,No,Yes,Yes,Month-to-month,No,Electronic check,96.6,449.48,Yes
6082-LSLQ,Male,0,Yes,Yes,49,Yes,No,Fiber optic,Yes,Yes,Yes,Yes,No,No,Month-to-month,Yes,Bank transfer (automatic),91.04,4424.56,Yes
1447-HVJG,Male,1,Yes,Yes,50,Yes,No,DSL,Yes,No,No,No,No,Yes,Month-to-month,Yes,Bank transfer (automatic),60.17,2944.82,No
5034-WTIQ,Male,0,No,No,24,Yes,No,Fiber optic,Yes,No,No,Yes,No,Yes,Month-to-month,Yes,Bank transfer (automatic),85.38,1909.88,No
9260-ROBC,Female,0,No,No,40,Yes,No,DSL,Yes,No,No,Yes,Yes,Yes,Month-to-month,Yes,Mailed check,74.44,2734.08,No
8817-ISBP,Male,0,Yes,No,33,No,No phone service,Fiber optic,Yes,No,No,Yes,Yes,Yes,Two year,No,Bank transfer (automatic),86.25,2793.65,No
2279-HACW,Male,0,Yes,No,44,Yes,No,No,No internet service,No internet service,No internet service,No internet service,No internet service,No internet service,Two year,No,Mailed check,34.18,1406.07,No
5099-WFEK,Female,0,No,No,52,Yes,No,Fiber optic,No,Yes,No,Yes,No,Yes,One year,No,Electronic check,83.05,4187.18,Yes
7545-OPES,Female,0,Yes,No,41,Yes,Yes,Fiber optic,Yes,Yes,Yes,No,No,Yes,Month-to-month,Yes,Credit card (automatic),99.69,3985.97,Yes
2399-ABYT,Female,0,No,Yes,30,No,No phone service,Fiber optic,No,No,No,No,Yes,Yes,One year,Yes,Bank transfer (automatic),81.85,2260.85,Yes
8287-VHBI,Female,1,No,No,67,Yes,Yes,Fiber optic,No,Yes,No,No,Yes,No,Month-to-month,Yes,Bank transfer (automatic),85.26,5665.7,No
6968-DNIX,Female,0,No,Yes,18,Yes,Yes,Fiber optic,No,No,Yes,Yes,Yes,Yes,Two year,No,Credit card (automatic),98.99,1720.42,No
2734-IQEM,Male,0,No,Yes,54,Yes,Yes,Fiber optic,No,Yes,Yes,No,No,No,Month-to-month,Yes,Mailed check,93.11,5057.31,No
6459-OLHF,Male,1,Yes,Yes,25,Yes,No,No,No internet service,No internet service,No internet service,No internet service,No internet service,No internet service,Month-to-month,No,Mailed check,28.93,655.94,No
2571-AQCG,Male,0,No,No,46,Yes,No,Fiber optic,Yes,Yes,Yes,Yes,No,No,Month-to-month,Yes,Bank transfer (automatic),91.4,4205.28,Yes
6522-GOMY,Male,0,No,Yes,15,Yes,Yes,DSL,No,No,No,No,No,Yes,Month-to-month,No,Bank transfer (automatic),58.88,822.27,Yes
3041-ULQW,Male,0,No,Yes,36,Yes,No,DSL,No,No,No,No,Yes,No,Month-to-month,No,Electronic check,54.06,1920.43,No
8171-VEKD,Female,0,No,Yes,70,Yes,No,Fiber optic,Yes,Yes,Yes,Yes,Yes,Yes,Month-to-month,No,Electronic check,101.22,6656.36,No
9026-JYGP,Female,0,No,Yes,44,Yes,No,Fiber optic,Yes,Yes,No,No,Yes,No,Month-to-month,Yes,Mailed check,88.85,3640.58,No
8699-VGNO,Male,0,No,No,3,Yes,No,Fiber optic,No,Yes,Yes,No,Yes,Yes,Month-to-month,Yes,Bank transfer (automatic),96.66,281.23,Yes
1902-HDCZ,Female,0,Yes,No,18,Yes,No,Fiber optic,No,No,Yes,No,No,No,Two year,No,Electronic check,79.05,1393.89,No
4426-BBXE,Female,0,Yes,No,33,Yes,Yes,No,No internet service,No internet service,No internet service,No internet service,No internet service,No internet service,One year,No,Electronic check,37.76,1263.11,No
5229-QIYV,Female,0,No,No,62,No,No phone service,DSL,Yes,No,No,Yes,No,Yes,Month-to-month,Yes,Electronic check,63.92,3868.01,No
8379-JZMT,Male,0,No,No,72,Yes,Yes,Fiber optic,No,No,Yes,No,No,Yes,Two year,Yes,Bank transfer (automatic),89.68,6300.06,No
3701-DPUG,Female,0,Yes,No,43,Yes,No,Fiber optic,No,No,No,No,No,Yes,One year,Yes,Electronic check,77.97,2997.79,No
3436-JYIP,Female,0,Yes,No,8,Yes,Yes,Fiber optic,No,No,Yes,Yes,No,No,Month-to-month,No,Mailed check,91.58,720.87,Yes
7609-MHQS,Female,0,No,No,48,Yes,Yes,No,No internet service,No internet service,No internet service,No internet service,No internet service,No internet service,One year,Yes,Mailed check,31.07,1621.24,No
1763-ITVY,Male,0,No,No,45,Yes,Yes,Fiber optic,No,Yes,No,Yes,Yes,Yes,Two year,No,Mailed check,98.06,4213.1,No
6350-PQGO,Male,0,No,No,9,Yes,No,DSL,Yes,No,No,No,No,No,Month-to-month,Yes,Credit card (automatic),65.65,574.75,Yes
5973-UCGF,Male,0,No,Yes,36,Yes,No,No,No internet service,No internet service,No internet service,No internet service,No internet service,No internet service,Two year,Yes,Credit card (automatic),22.03,773.68,No
2400-KWAC,Male,0,No,No,60,Yes,Yes,Fiber optic,Yes,No,Yes,No,Yes,Yes,Month-to-month,No,Mailed check,102.37,5802.31,Yes
5852-IXND,Female,0,No,Yes,35,Yes,No,No,No internet service,No internet service,No internet service,No internet service,No internet service,No internet service,Two year,Yes,Bank transfer (automatic),20.29,665.31,No
2069-INLB,Male,0,No,No,11,Yes,No,No,No internet service,No internet service,No internet service,No internet service,No internet service,No internet service,One year,Yes,Bank transfer (automatic),31.26,346.61,No
2051-EUDS,Male,0,Yes,No,34,Yes,Yes,Fiber optic,Yes,Yes,Yes,No,No,No,Two year,No,Electronic check,91.26,3075.87,No
3026-EBWU,Female,0,Yes,No,16,Yes,Yes,Fiber optic,No,Yes,No,No,No,Yes,Month-to-month,Yes,Electronic check,89.71,1328.27,Yes
2646-ALAA,Female,1,Yes,No,39,Yes,Yes,No,No internet service,No internet service,No internet service,No internet service,No internet service,No internet service,Month-to-month,Yes,Electronic check,30.59,1187.91,Yes
6462-NBQD,Female,0,No,No,4,Yes,Yes,No,No internet service,No internet service,No internet service,No internet service,No internet service,No internet service,Month-to-month,Yes,Mailed check,34.37,127.11,Yes
9567-JMGF,Male,0,Yes,No,35,Yes,Yes,No,No internet service,No internet service,No internet service,No internet service,No internet service,No internet service,Two year,Yes,Mailed check,35.89,1165.65,No
5004-TWEE,Female,0,Yes,Yes,54,Yes,Yes,DSL,Yes,Yes,No,Yes,Yes,No,One year,Yes,Electronic check,68.0,3660.82,No
6870-EHXW,Male,0,Yes,No,35,Yes,No,Fiber optic,Yes,Yes,Yes,Yes,Yes,Yes,Month-to-month,No,Bank transfer (automatic),109.1,3435.05,No
8557-LUPB,Male,0,Yes,No,59,No,No phone service,Fiber optic,Yes,Yes,Yes,Yes,No,No,One year,Yes,Bank transfer (automatic),91.53,5171.04,No
2759-FJSJ,Male,1,Yes,Yes,37,Yes,Yes,DSL,No,Yes,Yes,Yes,No,Yes,One year,Yes,Bank transfer (automatic),83.07,2994.19,No
8542-LVRC,Female,0,Yes,No,8,Yes,Yes,No,No internet service,No internet service,No internet service,No internet service,No internet service,No internet service,Month-to-month,No,Electronic check,26.71,193.39,No
5339-QVCY,Male,0,Yes,Yes,37,Yes,Yes,No,No internet service,No internet service,No internet service,No internet service,No internet service,No internet service,Month-to-month,Yes,Mailed check,32.23,1153.13,No
8546-XLCZ,Female,0,Yes,Yes,66,Yes,Yes,Fiber optic,Yes,No,Yes,Yes,No,Yes,One year,No,Electronic check,97.66,6150.97,No
7237-NVCB,Male,0,No,No,54,Yes,No,No,No internet service,No internet service,No internet service,No internet service,No internet service,No internet service,One year,Yes,Credit card (automatic),31.15,1571.56,No
7715-JMMV,Female,0,No,Yes,62,Yes,No,Fiber optic,No,Yes,Yes,No,Yes,No,Month-to-month,No,Bank transfer (automatic),89.98,5184.11,No
3462-LKLU,Female,0,Yes,Yes,22,Yes,No,No,No internet service,No internet service,No internet service,No internet service,No internet service,No internet service,One year,Yes,Bank transfer (automatic),25.12,520.39,No
7350-IVMN,Female,0,No,No,37,Yes,Yes,Fiber optic,Yes,No,No,No,Yes,No,One year,Yes,Electronic check,88.35,3136.95,Yes
9658-RDSQ,Female,0,No,Yes,28,Yes,No,DSL,Yes,No,No,No,Yes,No,Two year,Yes,Electronic check,62.37,1642.59,No
2029-QXAH,Female,0,Yes,Yes,60,Yes,Yes,No,No internet service,No internet service,No internet service,No internet service,No internet service,No internet service,One year,Yes,Mailed check,32.91,1870.09,No
7004-MLHG,Female,0,Yes,No,65,Yes,No,Fiber optic,No,No,No,Yes,Yes,No,Month-to-month,No,Bank transfer (automatic),81.07,4943.52,No
7815-MKJS,Male,0,No,No,50,Yes,No,DSL,No,No,No,No,No,No,One year,Yes,Electronic check,52.19,2562.33,No
9232-WGPR,Male,0,No,No,42,Yes,No,No,No internet service,No internet service,No internet service,No internet service,No internet service,No internet service,Month-to-month,No,Electronic check,25.01,933.32,No
3723-PDZE,Female,0,No,No,43,Yes,Yes,DSL,No,Yes,No,No,No,Yes,Month-to-month,No,Mailed check,72.09,2871.54,No
8558-NJGC,Female,1,Yes,Yes,13,Yes,No,Fiber optic,No,No,Yes,No,No,Yes,Two year,Yes,Mailed check,79.82,1017.34,No
9637-EKZA,Male,1,Yes,No,22,Yes,No,Fiber optic,No,No,No,No,No,No,Month-to-month,No,Bank transfer (automatic),70.41,1595.92,No
1950-PVTC,Male,0,No,Yes,34,Yes,Yes,Fiber optic,No,No,No,Yes,Yes,Yes,Month-to-month,Yes,Electronic check,102.65,3398.18,Yes
6214-FQWQ,Female,0,Yes,Yes,44,Yes,Yes,DSL,No,Yes,Yes,No,Yes,No,One year,Yes,Electronic check,75.88,3168.26,Yes
4817-GOUG,Female,0,Yes,No,62,Yes,No,DSL,Yes,Yes,No,Yes,No,No,One year,Yes,Mailed check,64.39,3709.67,No
4174-WOFI,Male,0,Yes,No,15,Yes,Yes,DSL,No,Yes,No,Yes,Yes,No,Month-to-month,Yes,Bank transfer (automatic),71.45,946.24,No
8706-XDEQ,Male,0,No,No,37,Yes,Yes,DSL,No,No,Yes,No,No,Yes,Month-to-month,Yes,Electronic check,66.23,2199.64,Yes
6370-QDAX,Female,0,No,No,52,Yes,Yes,DSL,No,Yes,Yes,Yes,No,No,Two year,Yes,Credit card (automatic),71.86,3762.36,No
7100-IPXY,Female,0,No,No,44,Yes,Yes,Fiber optic,Yes,Yes,No,No,Yes,Yes,Two year,No,Mailed check,107.87,4705.84,No
7823-QQSS,Male,0,No,No,38,No,No phone service,Fiber optic,Yes,Yes,No,Yes,No,Yes,Month-to-month,No,Electronic check,85.83,3126.71,Yes
5515-JCCS,Female,0,Yes,No,48,Yes,Yes,Fiber optic,No,No,Yes,No,No,No,Two year,Yes,Bank transfer (automatic),81.54,3668.48,No
7318-QXXS,Male,0,Yes,Yes,58,Yes,No,DSL,No,No,No,No,No,Yes,Two year,Yes,Electronic check,61.25,3394.24,No
4190-SMNH,Female,0,Yes,No,46,No,No phone service,Fiber optic,No,Yes,Yes,Yes,Yes,Yes,Month-to-month,Yes,Electronic check,94.26,3948.68,Yes
3895-BHQM,Male,0,No,No,42,Yes,Yes,DSL,No,Yes,Yes,No,Yes,No,Two year,No,Mailed check,73.0,2708.84,No
6350-FCHS,Male,1,Yes,Yes,67,Yes,No,DSL,No,No,No,No,No,Yes,One year,No,Bank transfer (automatic),63.92,4201.34,No
4443-UHPY,Female,0,Yes,No,24,No,No phone service,DSL,No,No,No,No,No,No,One year,Yes,Electronic check,50.07,1086.48,No
4253-STUX,Male,0,No,No,14,Yes,No,DSL,No,Yes,No,Yes,Yes,No,Month-to-month,Yes,Mailed check,67.26,976.34,No
7613-YDVW,Male,0,No,Yes,38,No,No phone service,DSL,No,Yes,No,No,Yes,Yes,Month-to-month,Yes,Electronic check,59.03,2142.03,No
4035-WNZU,Male,0,No,No,22,Yes,Yes,DSL,No,Yes,No,Yes,No,Yes,Two year,Yes,Electronic check,74.53,1554.44,No
5589-CIIK,Male,0,No,No,4,Yes,Yes,DSL,No,Yes,No,No,No,No,Month-to-month,Yes,Electronic check,54.73,219.68,Yes
8169-ZKNG,Male,0,Yes,No,68,Yes,Yes,DSL,Yes,Yes,Yes,Yes,No,No,Two year,Yes,Bank transfer (automatic),73.63,4636.33,No
4054-FUAV,Male,0,No,Yes,40,Yes,No,Fiber optic,Yes,Yes,Yes,No,No,No,Two year,No,Electronic check,81.28,3303.86,No
9978-OFHZ,Male,0,Yes,Yes,16,No,No phone service,Fiber optic,No,No,No,No,Yes,No,Month-to-month,No,Mailed check,72.55,1169.99,No
7611-LFOC,Male,0,No,No,48,Yes,Yes,DSL,No,Yes,Yes,No,No,Yes,Two year,No,Electronic check,72.84,3555.61,No
5907-PENG,Male,0,No,No,63,Yes,No,No,No internet service,No internet service,No internet service,No internet service,No internet service,No internet service,Two year,Yes,Bank transfer (automatic),23.89,1465.06,No
7232-QGSU,Female,0,Yes,Yes,15,Yes,Yes,Fiber optic,Yes,Yes,Yes,No,No,Yes,One year,Yes,Credit card (automatic),95.27,1377.31,No
2760-IYHE,Female,0,Yes,No,40,Yes,No,No,No internet service,No internet service,No internet service,No internet service,No internet service,No internet service,One year,No,Credit card (automatic),22.72,912.37,No
5188-FRVA,Female,0,No,Yes,39,No,No phone service,DSL,Yes,Yes,Yes,No,No,Yes,One year,Yes,Credit card (automatic),66.0,2445.08,No
8739-WRJG,Female,0,Yes,No,24,Yes,Yes,Fiber optic,No,No,Yes,No,No,No,Month-to-month,Yes,Electronic check,85.85,1974.54,No
7182-AQZQ,Female,0,Yes,No,26,Yes,Yes,DSL,Yes,No,No,No,Yes,No,Month-to-month,Yes,Electronic check,61.52,1528.28,No
4535-XSAM,Male,1,No,No,51,Yes,No,DSL,Yes,Yes,Yes,No,No,Yes,Month-to-month,No,Credit card (automatic),65.98,3343.81,Yes
3378-STMO,Male,0,Yes,No,23,Yes,No,Fiber optic,No,No,No,Yes,No,No,Month-to-month,No,Electronic check,80.15,1782.09,Yes
5934-ABVH,Female,1,Yes,No,41,Yes,No,Fiber optic,No,No,No,Yes,Yes,Yes,Two year,No,Credit card (automatic),95.56,3609.47,No
5835-CFUY,Female,1,No,No,35,Yes,No,Fiber optic,Yes,Yes,Yes,Yes,Yes,Yes,One year,No,Credit card (automatic),104.66,3388.31,No
9932-IMER,Female,0,No,No,8,Yes,No,DSL,No,No,No,Yes,No,Yes,Month-to-month,Yes,Electronic check,64.18,444.82,No
4765-PQIG,Female,0,No,No,30,Yes,Yes,DSL,No,No,No,No,Yes,Yes,One year,No,Mailed check,67.59,1996.49,No
4180-YZVJ,Male,0,No,No,67,Yes,No,No,No internet service,No internet service,No internet service,No internet service,No internet service,No internet service,Month-to-month,Yes,Electronic check,24.41,1671.07,No
6955-KSNO,Female,0,No,No,16,Yes,No,DSL,No,Yes,Yes,Yes,Yes,No,Two year,No,Electronic check,70.38,1042.48,No
2703-NYEH,Female,1,No,Yes,60,Yes,No,Fiber optic,No,Yes,No,No,No,No,One year,Yes,Electronic check,82.84,5109.17,No
8957-URAI,Male,0,No,No,1,Yes,No,Fiber optic,No,Yes,Yes,No,Yes,No,Two year,Yes,Electronic check,87.37,82.26,Yes
9829-HAAY,Male,0,Yes,No,62,No,No phone service,DSL,Yes,Yes,Yes,No,Yes,No,Two year,No,Bank transfer (automatic),66.29,3978.71,No
5613-ACZA,Male,0,Yes,No,34,No,No phone service,Fiber optic,No,Yes,No,No,No,No,Two year,Yes,Bank transfer (automatic),67.62,2291.96,No
1440-XNXY,Female,0,No,No,26,Yes,Yes,Fiber optic,No,Yes,No,No,No,Yes,One year,Yes,Electronic check,86.52,2265.12,No
8139-NFTF,Female,0,No,No,47,Yes,No,DSL,No,No,Yes,Yes,Yes,Yes,One year,No,Electronic check,75.78,3362.21,No
5064-DRRO,Female,0,No,No,49,Yes,Yes,Fiber optic,No,No,Yes,No,Yes,Yes,Month-to-month,Yes,Credit card (automatic),95.68,4264.29,No
6994-AOJI,Male,0,No,No,12,Yes,Yes,Fiber optic,Yes,No,Yes,No,Yes,No,One year,No,Mailed check,93.31,1094.4,No
2368-UYPJ,Female,0,Yes,Yes,13,Yes,Yes,No,No internet service,No internet service,No internet service,No internet service,No internet service,No internet service,Month-to-month,Yes,Credit card (automatic),32.3,381.23,No
9180-LXLB,Male,0,Yes,Yes,35,Yes,No,Fiber optic,No,No,No,No,No,No,Month-to-month,No,Credit card (automatic),71.58,2355.91,No
3651-ACTF,Male,1,Yes,No,29,Yes,No,Fiber optic,No,No,Yes,Yes,Yes,No,One year,Yes,Electronic check,96.91,2590.28,No
4054-FNUR,Male,0,Yes,No,68,Yes,Yes,Fiber optic,No,No,Yes,No,Yes,Yes,Month-to-month,No,Mailed check,93.79,6460.76,No
7237-AJCK,Male,0,Yes,No,68,Yes,No,Fiber optic,No,No,Yes,Yes,No,Yes,Two year,Yes,Credit card (automatic),92.44,5699.37,No
7669-ITVB,Female,0,Yes,No,23,Yes,Yes,DSL,No,Yes,Yes,No,No,No,One year,Yes,Electronic check,62.22,1426.87,No
4237-BCBR,Male,0,Yes,No,37,Yes,Yes,DSL,Yes,Yes,No,Yes,No,No,Two year,No,Electronic check,67.62,2287.94,No
2268-FYZD,Female,0,No,No,47,Yes,No,DSL,No,Yes,Yes,No,No,No,Two year,Yes,Bank transfer (automatic),64.48,2896.67,No
3059-WDFU,Female,0,No,No,67,Yes,No,Fiber optic,No,Yes,Yes,No,Yes,No,Month-to-month,Yes,Electronic check,90.76,5237.18,Yes
3306-QJJL,Female,0,Yes,No,48,Yes,Yes,No,No internet service,No internet service,No internet service,No internet service,No internet service,No internet service,One year,No,Credit card (automatic),27.19,1222.62,No
9754-YLYK,Female,1,Yes,Yes,23,Yes,Yes,DSL,No,Yes,No,Yes,No,No,Two year,No,Credit card (automatic),67.39,1467.17,No
7476-FIZO,Male,0,No,No,49,Yes,Yes,Fiber optic,Yes,No,No,No,Yes,Yes,Two year,No,Mailed check,99.36,4551.32,No
5428-JULB,Female,0,Yes,Yes,59,Yes,No,Fiber optic,Yes,No,Yes,No,No,No,One year,Yes,Mailed check,81.09,4595.29,No
5896-VEGE,Female,1,Yes,No,35,No,No phone service,Fiber optic,No,Yes,No,No,No,No,One year,Yes,Electronic check,64.59,2165.69,No
1692-YSPI,Female,0,Yes,Yes,52,Yes,Yes,No,No internet service,No internet service,No internet service,No internet service,No internet service,No internet service,Month-to-month,Yes,Electronic check,26.38,1236.07,No
6407-DYVF,Male,0,No,No,59,Yes,No,DSL,No,Yes,No,No,No,Yes,Month-to-month,No,Bank transfer (automatic),64.88,3634.8,No
3325-HEVV,Male,0,Yes,No,58,Yes,No,Fiber optic,No,No,Yes,No,Yes,Yes,One year,No,Mailed check,89.34,5045.72,No
4523-OGIR,Female,0,Yes,No,35,Yes,No,DSL,Yes,No,Yes,No,No,No,Two year,No,Credit card (automatic),68.21,2187.46,No
9356-GNKC,Female,0,Yes,No,21,No,No phone service,Fiber optic,No,No,Yes,No,No,No,Month-to-month,Yes,Electronic check,69.23,1390.36,Yes
9758-KSLD,Male,0,No,No,57,Yes,No,DSL,No,Yes,Yes,No,Yes,No,Month-to-month,Yes,Mailed check,60.21,3315.25,No
2879-PDGO,Male,0,Yes,Yes,31,Yes,Yes,No,No internet service,No internet service,No internet service,No internet service,No internet service,No internet service,Month-to-month,Yes,Bank transfer (automatic),32.22,980.35,No
4551-PABN,Female,0,No,Yes,70,No,No phone service,No,No internet service,No internet service,No internet service,No internet service,No internet service,No internet service,Month-to-month,No,Electronic check,19.5,1358.38,No
5387-SVJW,Male,1,No,No,12,Yes,Yes,No,No internet service,No internet service,No internet service,No internet service,No internet service,No internet service,Two year,No,Credit card (automatic),33.54,408.53,No
7062-ZUKW,Female,1,No,Yes,39,Yes,No,Fiber optic,No,Yes,Yes,No,No,Yes,Month-to-month,No,Credit card (automatic),91.77,3449.95,No
1570-AAOY,Male,0,Yes,No,28,Yes,No,Fiber optic,No,No,Yes,Yes,Yes,Yes,Month-to-month,No,Credit card (automatic),90.59,2511.71,Yes
1208-WTDE,Female,0,Yes,No,63,Yes,No,DSL,No,No,Yes,No,No,Yes,One year,No,Mailed check,57.35,3451.03,No
6720-XXKG,Male,1,No,No,28,Yes,Yes,DSL,No,No,Yes,No,No,Yes,One year,Yes,Electronic check,65.85,1719.48,Yes
1547-SBSK,Female,0,No,No,70,Yes,Yes,No,No internet service,No internet service,No internet service,No internet service,No internet service,No internet service,One year,Yes,Mailed check,31.8,2190.47,No
3649-OJQQ,Male,0,No,No,68,No,No phone service,No,No internet service,No internet service,No internet service,No internet service,No internet service,No internet service,Month-to-month,No,Credit card (automatic),18.0,1237.17,No
9436-VKUK,Female,1,No,No,50,No,No phone service,Fiber optic,No,No,Yes,No,No,Yes,Month-to-month,No,Bank transfer (automatic),76.81,3661.91,Yes
6900-THXO,Male,0,Yes,No,62,Yes,No,No,No internet service,No internet service,No internet service,No internet service,No internet service,No internet service,Month-to-month,Yes,Credit card (automatic),25.33,1474.7,No
7962-XUOJ,Female,0,No,No,46,Yes,Yes,Fiber optic,No,Yes,Yes,Yes,Yes,No,Month-to-month,Yes,Credit card (automatic),97.24,4421.63,No
3592-YNWI,Male,0,Yes,No,47,Yes,No,DSL,No,No,Yes,Yes,No,Yes,One year,No,Electronic check,68.26,2900.55,No
6777-NSGP,Male,0,No,No,27,Yes,Yes,No,No internet service,No internet service,No internet service,No internet service,No internet service,No internet service,Month-to-month,Yes,Credit card (automatic),33.7,852.91,No
3699-FWTM,Male,1,No,No,27,Yes,No,Fiber optic,No,No,No,No,No,No,One year,No,Bank transfer (automatic),73.95,1890.21,No
8634-HHAN,Male,0,Yes,No,24,Yes,No,Fiber optic,No,No,Yes,No,No,Yes,Month-to-month,No,Electronic check,88.18,1879.95,Yes
7562-DGEE,Female,0,Yes,No,28,Yes,No,Fiber optic,No,Yes,Yes,No,Yes,Yes,Two year,No,Mailed check,100.64,2660.84,Yes
4531-BQGT,Male,0,Yes,No,63,Yes,Yes,Fiber optic,Yes,Yes,Yes,No,Yes,No,Month-to-month,Yes,Electronic check,99.0,6417.37,Yes
9312-AYZI,Female,0,Yes,No,5,Yes,No,Fiber optic,Yes,No,No,Yes,Yes,Yes,Month-to-month,Yes,Mailed check,98.02,465.04,Yes
8426-REAC,Female,1,Yes,No,33,Yes,Yes,Fiber optic,No,No,No,No,Yes,No,Two year,No,Electronic check,85.12,2671.14,Yes
1240-IKAS,Male,0,Yes,Yes,5,Yes,Yes,Fiber optic,Yes,Yes,No,No,Yes,Yes,Month-to-month,Yes,Bank transfer (automatic),101.2,479.85,Yes
7867-BTMY,Male,0,No,Yes,16,No,No phone service,No,No internet service,No internet service,No internet service,No internet service,No internet service,No internet service,Month-to-month,Yes,Mailed check,24.2,366.76,No
6359-NFFX,Male,0,Yes,No,41,Yes,Yes,Fiber optic,No,No,No,No,Yes,No,Two year,Yes,Electronic check,85.83,3412.82,No
6543-HDGG,Male,1,No,No,60,Yes,No,Fiber optic,No,No,Yes,No,No,No,Month-to-month,No,Electronic check,70.29,4054.0,No
6277-IJZI,Female,0,No,No,42,Yes,No,DSL,Yes,Yes,Yes,Yes,Yes,No,Month-to-month,Yes,Bank transfer (automatic),73.78,2967.28,No
1811-YROO,Male,0,Yes,No,37,Yes,No,No,No internet service,No internet service,No internet service,No internet service,No internet service,No internet service,Two year,No,Credit card (automatic),25.25,927.35,No
3278-KAYZ,Male,0,Yes,No,47,Yes,No,Fiber optic,No,No,No,No,No,Yes,Month-to-month,Yes,Bank transfer (automatic),78.17,3487.72,No
5496-FDAD,Male,0,Yes,No,57,Yes,No,Fiber optic,No,Yes,No,Yes,Yes,No,One year,Yes,Mailed check,95.03,5444.32,No
4316-BSGW,Male,1,No,No,31,Yes,Yes,DSL,Yes,Yes,Yes,Yes,No,No,Month-to-month,No,Electronic check,72.68,2271.2,No
2960-QMYY,Female,0,Yes,No,36,Yes,No,DSL,Yes,Yes,No,No,No,Yes,Month-to-month,No,Electronic check,65.7,2361.21,No
7356-LZJH,Male,1,No,Yes,27,Yes,No,Fiber optic,Yes,Yes,No,Yes,No,Yes,Month-to-month,No,Bank transfer (automatic),93.38,2199.53,Yes
1287-JXZB,Male,0,Yes,No,7,Yes,Yes,DSL,Yes,Yes,No,No,No,No,One year,No,Credit card (automatic),58.28,363.48,No
3692-WBXB,Female,0,Yes,Yes,7,No,No phone service,Fiber optic,No,Yes,No,Yes,Yes,No,Month-to-month,Yes,Bank transfer (automatic),79.6,552.03,No
1399-VWJH,Female,0,No,No,27,Yes,No,Fiber optic,No,No,Yes,Yes,Yes,No,Month-to-month,No,Mailed check,84.46,2207.74,No
6427-DIFJ,Female,1,Yes,No,2,Yes,Yes,Fiber optic,No,No,No,No,No,No,Month-to-month,No,Credit card (automatic),79.85,145.72,Yes
5873-PYRA,Female,0,No,No,43,Yes,No,Fiber optic,Yes,Yes,No,Yes,Yes,Yes,Month-to-month,Yes,Electronic check,95.1,3849.49,Yes
6108-FDED,Male,1,Yes,No,21,Yes,No,Fiber optic,No,No,Yes,No,No,Yes,Two year,Yes,Mailed check,78.79,1625.89,No
7081-WSFB,Male,0,No,No,14,Yes,Yes,Fiber optic,Yes,No,Yes,No,Yes,No,Month-to-month,No,Electronic check,92.82,1211.64,No
2462-SLDX,Male,1,Yes,No,68,No,No phone service,Fiber optic,No,No,Yes,Yes,Yes,Yes,Two year,No,Bank transfer (automatic),91.45,6096.51,No
5379-EQGS,Female,0,No,Yes,8,Yes,Yes,Fiber optic,Yes,Yes,No,No,No,No,One year,No,Bank transfer (automatic),78.95,591.29,No
9798-OSED,Female,1,Yes,Yes,21,Yes,No,Fiber optic,Yes,Yes,No,No,Yes,Yes,Month-to-month,Yes,Bank transfer (automatic),100.75,2261.92,No
4279-IMMY,Female,0,No,Yes,62,Yes,No,Fiber optic,No,Yes,Yes,Yes,No,No,Two year,Yes,Mailed check,86.7,5677.96,No
9292-VSTY,Female,0,Yes,No,65,No,No phone service,Fiber optic,No,No,Yes,No,No,Yes,One year,Yes,Credit card (automatic),74.65,5043.24,Yes
2439-PCCF,Male,0,Yes,No,46,Yes,Yes,No,No internet service,No internet service,No internet service,No internet service,No internet service,No internet service,One year,Yes,Electronic check,28.91,1250.63,No
2545-CXOU,Male,0,No,No,29,Yes,No,No,No internet service,No internet service,No internet service,No internet service,No internet service,No internet service,Two year,Yes,Bank transfer (automatic),30.3,827.93,No
1484-XQIE,Female,0,Yes,No,3,Yes,No,Fiber optic,Yes,Yes,No,No,Yes,Yes,One year,No,Credit card (automatic),93.41,274.3,No
7318-VAGK,Male,1,Yes,No,57,Yes,No,Fiber optic,No,No,Yes,No,No,No,Month-to-month,Yes,Mailed check,77.82,4302.49,No
8602-TJQK,Male,0,No,No,16,No,No phone service,DSL,Yes,Yes,No,No,No,No,Month-to-month,Yes,Credit card (automatic),49.97,842.94,Yes
9781-FQNL,Female,0,No,No,66,Yes,No,Fiber optic,No,No,No,Yes,No,No,Month-to-month,Yes,Electronic check,73.27,4691.87,No
3543-AMSK,Female,1,No,Yes,51,Yes,No,DSL,No,No,No,No,Yes,No,Month-to-month,Yes,Mailed check,54.92,2552.63,No
1872-NORZ,Male,0,Yes,No,35,Yes,Yes,DSL,No,No,No,Yes,Yes,Yes,Two year,Yes,Electronic check,72.24,2490.91,No
6728-CLRS,Male,1,Yes,No,47,Yes,No,Fiber optic,No,No,Yes,No,No,No,Month-to-month,Yes,Electronic check,72.1,3324.65,Yes
6647-FWXV,Female,0,No,No,68,Yes,Yes,No,No internet service,No internet service,No internet service,No internet service,No internet service,No internet service,Month-to-month,No,Credit card (automatic),27.23,1805.97,No
7286-NHRX,Male,1,Yes,No,38,Yes,No,Fiber optic,No,Yes,No,Yes,No,Yes,Two year,No,Mailed check,90.43,3042.78,No
7462-DKKG,Male,0,No,Yes,28,Yes,No,Fiber optic,No,Yes,Yes,No,No,No,Month-to-month,No,Electronic check,82.58,2124.87,Yes
6735-OCXH,Female,1,Yes,No,28,Yes,No,No,No internet service,No internet service,No internet service,No internet service,No internet service,No internet service,Month-to-month,Yes,Bank transfer (automatic),26.72,744.59,Yes
3109-MWQL,Female,0,Yes,No,36,Yes,Yes,No,No internet service,No internet service,No internet service,No internet service,No internet service,No internet service,Month-to-month,Yes,Credit card (automatic),24.84,892.89,No
2314-LVSE,Female,1,Yes,Yes,46,Yes,No,Fiber optic,Yes,Yes,No,No,No,No,Month-to-month,Yes,Bank transfer (automatic),81.16,3690.25,Yes
9960-CGZY,Male,0,No,No,64,Yes,Yes,Fiber optic,No,No,Yes,Yes,No,Yes,Month-to-month,No,Electronic check,88.27,5164.96,No
1522-WKTR,Male,0,Yes,No,25,Yes,Yes,Fiber optic,No,Yes,No,Yes,Yes,Yes,Two year,No,Electronic check,100.26,2265.16,Yes
5389-JRAQ,Female,0,Yes,No,4,Yes,No,No,No internet service,No internet service,No internet service,No internet service,No internet service,No internet service,Two year,No,Credit card (automatic),27.48,100.39,No
4453-CHNL,Male,0,No,Yes,71,Yes,Yes,DSL,No,No,Yes,Yes,No,Yes,Month-to-month,Yes,Electronic check,70.18,4219.39,No
6866-QZGY,Male,0,No,No,44,Yes,Yes,DSL,No,Yes,No,No,Yes,Yes,Two year,Yes,Bank transfer (automatic),76.12,3112.64,No
4379-CLFP,Female,0,Yes,No,23,Yes,No,No,No internet service,No internet service,No internet service,No internet service,No internet service,No internet service,Month-to-month,Yes,Bank transfer (automatic),18.0,399.48,No
1499-XRQQ,Male,0,Yes,Yes,45,Yes,Yes,Fiber optic,Yes,No,No,No,Yes,No,One year,Yes,Mailed check,89.91,4057.36,No
9685-EBWN,Female,0,Yes,Yes,51,Yes,Yes,DSL,No,No,No,No,No,Yes,One year,No,Credit card (automatic),62.32,2882.53,No
4811-FSBY,Male,0,Yes,No,22,Yes,Yes,Fiber optic,Yes,Yes,Yes,Yes,No,No,Month-to-month,Yes,Electronic check,95.99,1961.17,No
1095-UTNA,Female,1,Yes,No,44,Yes,No,DSL,Yes,Yes,Yes,No,Yes,Yes,Two year,No,Bank transfer (automatic),81.89,3410.59,No
1971-OHKJ,Female,0,No,No,41,Yes,No,Fiber optic,No,No,No,Yes,No,Yes,One year,No,Electronic check,89.08,3395.79,No
8369-FFAT,Female,0,No,No,17,Yes,No,Fiber optic,Yes,No,Yes,Yes,Yes,No,One year,No,Electronic check,96.87,1499.52,Yes
9858-QRCW,Female,0,No,Yes,22,Yes,Yes,Fiber optic,Yes,No,No,Yes,No,Yes,Month-to-month,Yes,Bank transfer (automatic),92.02,1903.39,No
2487-QAIS,Male,0,Yes,No,27,No,No phone service,Fiber optic,No,No,No,No,Yes,Yes,Month-to-month,Yes,Mailed check,78.22,2120.57,Yes
3806-MYHV,Female,0,No,No,14,No,No phone service,DSL,Yes,No,No,Yes,Yes,No,Month-to-month,No,Credit card (automatic),59.79,837.14,Yes
6613-FFMI,Male,0,Yes,No,37,Yes,Yes,No,No internet service,No internet service,No internet service,No internet service,No internet service,No internet service,Two year,No,Bank transfer (automatic),29.47,1085.66,No
8314-ICMY,Female,0,Yes,No,50,Yes,Yes,No,No internet service,No internet service,No internet service,No internet service,No internet service,No internet service,Month-to-month,Yes,Mailed check,43.26,1959.99,No
2462-OXVS,Female,1,No,No,30,Yes,No,DSL,No,No,Yes,No,No,No,Month-to-month,Yes,Credit card (automatic),54.24,1525.34,No
8744-REYM,Male,0,Yes,Yes,11,Yes,Yes,No,No internet service,No internet service,No internet service,No internet service,No internet service,No internet service,Two year,No,Credit card (automatic),31.92,346.68,No
6012-JQVI,Female,0,Yes,No,51,Yes,Yes,DSL,Yes,Yes,Yes,Yes,Yes,Yes,Two year,Yes,Mailed check,87.83,4574.09,No
2318-TXTD,Female,0,No,No,35,Yes,No,DSL,Yes,Yes,No,No,No,Yes,Month-to-month,Yes,Mailed check,63.24,2175.26,No
8856-JPRP,Female,0,No,Yes,38,Yes,Yes,No,No internet service,No internet service,No internet service,No internet service,No internet service,No internet service,Month-to-month,Yes,Bank transfer (automatic),25.7,897.71,No
6115-FQSC,Male,0,Yes,Yes,68,No,No phone service,DSL,Yes,No,Yes,No,Yes,No,One year,No,Bank transfer (automatic),57.97,3730.98,No
7862-FMNX,Female,0,Yes,No,19,Yes,No,DSL,Yes,No,No,No,No,No,One year,No,Bank transfer (automatic),58.29,1035.35,No
4696-HCXG,Male,0,No,Yes,58,Yes,Yes,DSL,Yes,No,Yes,Yes,Yes,No,Two year,No,Credit card (automatic),80.12,4244.16,No
9597-XULS,Male,0,No,No,1,Yes,No,DSL,No,No,No,Yes,Yes,Yes,One year,Yes,Electronic check,78.07,73.83,No
2188-EFSE,Female,0,No,No,45,Yes,Yes,Fiber optic,No,Yes,No,No,Yes,No,One year,Yes,Credit card (automatic),85.55,3719.28,Yes
9380-MMEQ,Female,1,No,No,57,Yes,No,Fiber optic,Yes,No,Yes,Yes,Yes,Yes,Month-to-month,No,Mailed check,98.49,5563.7,Yes
5865-YLVN,Male,0,Yes,No,60,Yes,No,Fiber optic,Yes,No,Yes,No,No,No,Month-to-month,No,Mailed check,83.66,4616.24,No
6412-RCQW,Male,0,Yes,Yes,34,Yes,Yes,DSL,No,No,No,Yes,No,Yes,One year,No,Electronic check,65.73,2155.12,No
7045-FCUM,Male,1,No,No,39,Yes,No,No,No internet service,No internet service,No internet service,No internet service,No internet service,No internet service,Two year,Yes,Mailed check,19.03,737.23,No
5448-GQHE,Female,0,No,Yes,28,Yes,Yes,Fiber optic,Yes,Yes,Yes,Yes,No,Yes,Month-to-month,No,Mailed check,98.2,2630.88,No
6632-ZXKT,Male,0,Yes,No,55,Yes,No,DSL,No,Yes,Yes,Yes,Yes,No,Two year,Yes,Mailed check,70.83,3796.6,No
6715-RVGW,Male,0,Yes,No,8,Yes,Yes,Fiber optic,No,No,Yes,Yes,Yes,Yes,Month-to-month,No,Credit card (automatic),103.12,816.65,Yes
4666-BFEC,Female,1,No,No,4,Yes,No,Fiber optic,Yes,Yes,Yes,No,No,No,One year,Yes,Electronic check,88.62,346.57,No
5260-ENYG,Female,0,Yes,No,63,No,No phone service,Fiber optic,Yes,No,No,Yes,Yes,No,Month-to-month,Yes,Bank transfer (automatic),79.95,4870.91,No
8482-UVES,Male,0,Yes,No,26,Yes,No,DSL,No,No,Yes,Yes,No,No,Month-to-month,Yes,Credit card (automatic),61.61,1535.45,No
4854-YMQZ,Female,0,No,No,35,Yes,Yes,DSL,No,Yes,No,No,Yes,No,One year,No,Electronic check,64.7,2085.57,No
7997-LMYA,Female,0,Yes,No,17,Yes,Yes,DSL,Yes,No,No,No,Yes,Yes,Two year,Yes,Bank transfer (automatic),74.44,1235.05,No
3890-LOQE,Male,0,No,No,35,Yes,Yes,DSL,No,No,No,Yes,No,No,Month-to-month,Yes,Bank transfer (automatic),58.47,2002.24,No
8159-VUFR,Male,0,Yes,Yes,38,Yes,No,Fiber optic,No,No,Yes,No,No,No,Month-to-month,No,Electronic check,74.96,2608.02,Yes
5593-TTWP,Female,0,No,No,56,Yes,No,No,No internet service,No internet service,No internet service,No internet service,No internet service,No internet service,One year,Yes,Credit card (automatic),32.86,1639.61,No
7898-FDNQ,Male,1,No,Yes,63,Yes,Yes,Fiber optic,Yes,No,No,No,No,No,Two year,Yes,Mailed check,83.74,5211.85,No
4513-OKJW,Female,1,Yes,Yes,6,Yes,No,No,No internet service,No internet service,No internet service,No internet service,No internet service,No internet service,Month-to-month,Yes,Bank transfer (automatic),32.91,190.48,No
8408-JKFX,Male,0,No,No,14,Yes,Yes,DSL,Yes,Yes,No,Yes,No,Yes,Two year,Yes,Credit card (automatic),78.48,1076.68,No
2578-HBAV,Female,0,Yes,No,67,Yes,Yes,DSL,No,No,No,No,Yes,No,Month-to-month,Yes,Credit card (automatic),68.72,4255.95,Yes
1644-VRCQ,Female,0,No,No,4,Yes,Yes,DSL,No,Yes,No,No,Yes,Yes,Month-to-month,No,Mailed check,68.3,256.05,No
6717-SGUK,Female,0,Yes,No,61,Yes,No,Fiber optic,No,Yes,No,Yes,Yes,No,Month-to-month,Yes,Mailed check,91.71,5181.85,No
1464-UFAC,Male,0,Yes,No,37,Yes,No,Fiber optic,No,Yes,No,No,No,Yes,Month-to-month,No,Electronic check,77.56,2908.75,Yes
5174-ZTWC,Male,0,Yes,Yes,30,Yes,Yes,Fiber optic,Yes,No,No,No,No,Yes,Month-to-month,No,Mailed check,86.53,2387.4,Yes
1009-ZUUC,Male,0,Yes,No,48,Yes,Yes,DSL,No,Yes,No,No,No,No,One year,No,Credit card (automatic),55.36,2652.51,No
9362-QCRG,Male,0,No,No,9,Yes,Yes,No,No internet service,No internet service,No internet service,No internet service,No internet service,No internet service,One year,Yes,Mailed check,38.95,336.58,No
5618-LSDN,Male,0,No,No,18,No,No phone service,Fiber optic,No,No,No,No,No,Yes,Two year,Yes,Electronic check,63.46,1065.69,No
6047-PUSP,Male,0,Yes,No,63,Yes,Yes,Fiber optic,No,Yes,Yes,Yes,Yes,No,Month-to-month,Yes,Credit card (automatic),97.83,5884.03,No
2226-WZKF,Female,0,No,No,33,Yes,No,Fiber optic,Yes,No,No,Yes,No,No,Two year,No,Electronic check,86.36,2626.9,No
6497-LBHX,Male,0,No,No,50,Yes,No,Fiber optic,Yes,No,No,No,No,No,Month-to-month,Yes,Credit card (automatic),70.98,3552.22,No
9676-XPKT,Male,0,Yes,No,37,Yes,No,DSL,Yes,No,Yes,No,No,Yes,Month-to-month,Yes,Mailed check,67.62,2425.88,No
7050-WHBS,Female,1,Yes,No,5,Yes,No,DSL,No,Yes,No,No,No,No,One year,Yes,Electronic check,54.57,256.38,No
1694-LIRW,Male,1,No,Yes,24,Yes,Yes,Fiber optic,Yes,No,Yes,No,No,Yes,Month-to-month,Yes,Mailed check,94.82,2197.33,Yes
7453-ICHJ,Female,0,Yes,Yes,13,No,No phone service,No,No internet service,No internet service,No internet service,No internet service,No internet service,No internet service,Two year,No,Credit card (automatic),18.0,220.23,No
7549-DAWD,Male,1,No,Yes,42,Yes,No,DSL,Yes,No,No,Yes,Yes,Yes,One year,Yes,Credit card (automatic),70.7,2980.82,Yes
6328-BURI,Male,0,No,No,14,No,No phone service,Fiber optic,Yes,Yes,No,No,Yes,Yes,Two year,Yes,Electronic check,93.53,1277.97,Yes
7917-PMNV,Female,0,Yes,Yes,26,Yes,Yes,DSL,No,No,No,Yes,No,No,Month-to-month,Yes,Electronic check,66.88,1672.49,No
2234-QSTQ,Female,0,Yes,No,47,Yes,Yes,No,No internet service,No internet service,No internet service,No internet service,No internet service,No internet service,Month-to-month,No,Bank transfer (automatic),35.15,1665.53,No
3424-CAMB,Male,0,No,No,11,Yes,No,No,No internet service,No internet service,No internet service,No internet service,No internet service,No internet service,Month-to-month,Yes,Mailed check,28.16,303.86,No
3562-WSWT,Male,0,No,Yes,29,Yes,Yes,DSL,No,Yes,Yes,Yes,Yes,Yes,Month-to-month,Yes,Electronic check,87.95,2451.32,Yes
6197-YEUG,Male,0,Yes,Yes,21,Yes,No,No,No internet service,No internet service,No internet service,No internet service,No internet service,No internet service,One year,No,Mailed check,21.76,444.48,No
9607-WXPY,Male,0,Yes,Yes,22,Yes,Yes,DSL,No,Yes,Yes,Yes,No,No,Month-to-month,Yes,Bank transfer (automatic),67.43,1367.15,No
9303-KVNM,Male,0,Yes,Yes,48,Yes,Yes,DSL,No,No,No,Yes,Yes,No,Month-to-month,Yes,Electronic check,67.24,2895.26,Yes
3706-CDXD,Male,0,No,No,28,Yes,No,No,No internet service,No internet service,No internet service,No internet service,No internet service,No internet service,Month-to-month,Yes,Electronic check,22.66,587.46,Yes
2553-HTEH,Female,0,No,Yes,40,Yes,Yes,DSL,Yes,No,No,No,No,No,Two year,No,Electronic check,69.03,2695.8,No
8977-KGBS,Male,0,No,No,41,Yes,No,Fiber optic,No,No,No,No,No,Yes,One year,Yes,Electronic check,84.66,3119.45,Yes
1191-AQTJ,Female,1,No,No,62,Yes,Yes,DSL,Yes,Yes,Yes,Yes,No,Yes,One year,Yes,Credit card (automatic),82.73,4303.14,No
6615-BOQM,Male,0,No,Yes,47,Yes,Yes,Fiber optic,No,No,Yes,Yes,Yes,Yes,Month-to-month,Yes,Electronic check,109.74,4889.27,No
1032-SHMM,Male,1,Yes,No,8,Yes,Yes,DSL,No,Yes,Yes,No,No,Yes,Month-to-month,Yes,Mailed check,64.71,499.98,Yes
1949-HUSB,Male,0,Yes,No,42,Yes,Yes,Fiber optic,Yes,Yes,No,Yes,No,No,Month-to-month,No,Bank transfer (automatic),96.13,3854.39,Yes
8638-MYPH,Male,0,Yes,No,38,Yes,No,Fiber optic,Yes,Yes,No,Yes,No,No,Month-to-month,No,Mailed check,92.22,3135.74,No
7986-LEZP,Female,0,Yes,Yes,15,Yes,No,DSL,No,No,Yes,Yes,Yes,No,One year,Yes,Bank transfer (automatic),61.65,882.94,No
3077-CHNF,Male,0,Yes,No,27,Yes,No,Fiber optic,Yes,No,Yes,Yes,No,Yes,Month-to-month,No,Mailed check,89.98,2329.51,Yes
3055-WANF,Female,0,Yes,No,26,Yes,No,No,No internet service,No internet service,No internet service,No internet service,No internet service,No internet service,Month-to-month,Yes,Credit card (automatic),23.54,600.43,No
2311-MNRR,Female,1,No,No,60,Yes,No,Fiber optic,Yes,No,Yes,Yes,No,Yes,Month-to-month,Yes,Mailed check,98.18,5465.59,Yes
8596-UWZD,Male,0,Yes,No,62,Yes,No,Fiber optic,No,No,No,Yes,Yes,Yes,Two year,Yes,Mailed check,92.91,5401.05,No
6526-FUQC,Male,0,Yes,No,59,Yes,No,Fiber optic,No,No,No,Yes,No,Yes,Month-to-month,Yes,Mailed check,83.99,4913.32,No
8403-CXXA,Male,1,Yes,No,45,Yes,No,Fiber optic,Yes,Yes,Yes,No,No,No,Month-to-month,No,Mailed check,80.3,3211.38,No
1623-JXMM,Male,0,No,No,61,Yes,Yes,DSL,No,No,Yes,No,No,No,One year,No,Mailed check,61.88,3774.06,No
7955-YQIC,Female,1,Yes,No,44,Yes,No,DSL,Yes,Yes,Yes,Yes,No,Yes,Month-to-month,Yes,Bank transfer (automatic),76.75,3228.73,No
5375-SCZA,Female,0,No,No,5,Yes,Yes,Fiber optic,Yes,No,No,No,No,No,Month-to-month,Yes,Credit card (automatic),88.45,456.85,No
9220-QUAP,Female,0,Yes,Yes,55,Yes,Yes,Fiber optic,Yes,Yes,Yes,Yes,Yes,No,Month-to-month,Yes,Credit card (automatic),101.61,5492.58,No
4162-QSPV,Male,0,No,No,33,Yes,Yes,Fiber optic,No,Yes,Yes,Yes,No,No,Month-to-month,No,Credit card (automatic),94.48,3122.92,Yes
6389-EDDI,Male,0,Yes,Yes,53,Yes,Yes,DSL,No,No,No,No,No,Yes,Month-to-month,No,Electronic check,64.71,3306.74,No
9848-AQRV,Male,0,Yes,No,10,Yes,Yes,DSL,No,No,No,No,No,No,Two year,No,Electronic check,48.64,480.85,No
4232-TWZM,Male,0,No,No,33,Yes,No,No,No internet service,No internet service,No internet service,No internet service,No internet service,No internet service,One year,Yes,Bank transfer (automatic),26.81,855.65,No
7892-OCDF,Female,0,Yes,Yes,16,Yes,Yes,No,No internet service,No internet service,No internet service,No internet service,No internet service,No internet service,Month-to-month,Yes,Credit card (automatic),29.98,457.86,No
2608-MBFL,Female,0,Yes,No,27,Yes,Yes,Fiber optic,Yes,No,Yes,Yes,Yes,Yes,Month-to-month,Yes,Credit card (automatic),104.51,2641.48,Yes
9597-CCLR,Female,0,Yes,No,64,Yes,No,DSL,Yes,No,No,No,Yes,Yes,Two year,Yes,Electronic check,59.23,3591.13,No
7500-XHNS,Male,1,Yes,No,34,Yes,Yes,Fiber optic,No,No,No,Yes,No,Yes,One year,No,Electronic check,85.88,2908.21,No
3926-BJUD,Female,0,No,No,17,Yes,No,Fiber optic,Yes,Yes,Yes,No,No,Yes,Two year,Yes,Mailed check,98.6,1698.44,No
5501-ESPD,Male,0,No,Yes,64,Yes,No,Fiber optic,No,Yes,Yes,No,No,Yes,One year,No,Bank transfer (automatic),89.04,5518.41,Yes
4436-HZHC,Male,0,Yes,No,24,Yes,Yes,Fiber optic,No,No,No,No,Yes,Yes,Month-to-month,Yes,Mailed check,83.21,1972.79,Yes
8715-BOQY,Male,0,Yes,No,63,Yes,No,DSL,No,No,Yes,Yes,No,No,Month-to-month,Yes,Bank transfer (automatic),63.94,3886.22,No
3488-KVZQ,Male,1,Yes,No,52,Yes,No,Fiber optic,Yes,No,No,Yes,No,Yes,One year,Yes,Bank transfer (automatic),93.61,5092.25,No
3240-NTJK,Female,0,No,Yes,64,Yes,Yes,DSL,No,No,No,No,Yes,Yes,Month-to-month,Yes,Electronic check,69.04,4196.39,Yes
7491-DVRK,Male,1,Yes,No,33,Yes,No,Fiber optic,Yes,Yes,Yes,No,Yes,No,Two year,Yes,Electronic check,91.35,2775.11,No
5704-SJOI,Female,0,No,Yes,18,Yes,No,DSL,Yes,No,No,No,Yes,No,Two year,No,Electronic check,63.12,1063.67,No
3505-NMEX,Female,0,Yes,Yes,19,Yes,Yes,DSL,No,Yes,No,No,Yes,No,Month-to-month,Yes,Electronic check,66.46,1227.6,No
1362-TMZY,Female,1,Yes,No,36,No,No phone service,DSL,No,Yes,No,No,No,Yes,One year,No,Electronic check,54.61,1910.64,No
4262-DACT,Female,0,Yes,No,29,Yes,No,Fiber optic,No,No,Yes,No,No,Yes,Two year,Yes,Mailed check,76.17,2260.87,No
3103-ERXZ,Male,0,No,Yes,6,Yes,Yes,Fiber optic,Yes,No,No,No,Yes,No,Month-to-month,No,Credit card (automatic),88.77,501.52,Yes
2637-NLAQ,Male,0,Yes,No,4,No,No phone service,DSL,No,Yes,No,No,No,No,Month-to-month,Yes,Electronic check,45.83,166.81,Yes
8125-CQRB,Female,0,No,No,9,Yes,Yes,DSL,No,No,No,Yes,No,No,Month-to-month,Yes,Mailed check,66.03,619.85,No
3677-KXHK,Female,0,No,No,47,Yes,No,No,No internet service,No internet service,No internet service,No internet service,No internet service,No internet service,One year,No,Credit card (automatic),26.17,1185.86,No
6780-AUVI,Female,0,Yes,Yes,34,Yes,Yes,No,No internet service,No internet service,No internet service,No internet service,No internet service,No internet service,One year,Yes,Electronic check,31.71,1017.6,No
2047-FIHG,Male,0,Yes,Yes,54,Yes,No,Fiber optic,No,No,Yes,No,No,Yes,Two year,Yes,Electronic check,80.7,3999.84,No
8390-FQMX,Male,0,No,Yes,11,Yes,No,Fiber optic,No,No,Yes,No,No,No,Month-to-month,Yes,Credit card (automatic),71.47,754.72,Yes
2823-XMCF,Female,0,Yes,No,10,Yes,No,DSL,No,No,No,No,Yes,Yes,Month-to-month,No,Mailed check,56.8,542.09,Yes
7820-OILK,Male,0,No,Yes,36,Yes,Yes,Fiber optic,Yes,No,Yes,No,Yes,No,Two year,No,Electronic check,90.5,3235.02,No
9223-FBRS,Female,0,Yes,No,48,Yes,Yes,DSL,No,Yes,Yes,Yes,No,No,Month-to-month,Yes,Mailed check,65.81,3198.44,No
4800-GUYW,Female,0,No,No,3,Yes,No,Fiber optic,No,Yes,Yes,No,No,No,One year,No,Bank transfer (automatic),88.42,256.07,No
7917-KUUK,Male,0,No,No,36,No,No phone service,DSL,No,No,Yes,Yes,No,Yes,Two year,Yes,Mailed check,60.01,2151.7,No
3922-YQDR,Female,0,No,No,21,No,No phone service,Fiber optic,Yes,No,Yes,No,No,Yes,One year,Yes,Electronic check,82.23,1625.78,No
6462-LIDH,Male,0,Yes,No,24,Yes,No,DSL,No,Yes,No,No,Yes,Yes,Month-to-month,No,Mailed check,68.57,1566.47,No
5824-EXOB,Female,0,Yes,No,6,Yes,Yes,Fiber optic,No,Yes,Yes,No,Yes,No,Two year,Yes,Mailed check,93.61,538.68,No
8837-SYDK,Female,0,No,No,7,Yes,Yes,Fiber optic,No,Yes,Yes,No,No,Yes,Month-to-month,Yes,Electronic check,93.29,649.23,Yes
6167-LEDP,Female,0,No,No,37,Yes,No,Fiber optic,No,No,Yes,Yes,No,No,Month-to-month,No,Mailed check,78.09,2642.87,No
5221-YIAH,Female,1,No,Yes,36,Yes,No,Fiber optic,Yes,Yes,Yes,No,Yes,No,Month-to-month,No,Electronic check,95.26,3143.63,Yes
6721-CPDO,Male,0,No,No,57,Yes,Yes,Fiber optic,Yes,No,Yes,Yes,No,No,Month-to-month,Yes,Bank transfer (automatic),88.99,4770.78,Yes
8545-YNRZ,Female,0,No,No,27,Yes,Yes,No,No internet service,No internet service,No internet service,No internet service,No internet service,No internet service,Two year,Yes,Mailed check,30.54,783.56,No
9746-ESSE,Male,0,No,Yes,25,Yes,No,DSL,No,No,No,No,No,Yes,Month-to-month,Yes,Mailed check,55.27,1355.8,No
2619-GVUF,Female,1,No,No,6,Yes,Yes,DSL,No,No,Yes,No,Yes,Yes,Two year,Yes,Electronic check,76.14,467.41,No
4149-IDUK,Male,0,Yes,No,35,Yes,No,No,No internet service,No internet service,No internet service,No internet service,No internet service,No internet service,Month-to-month,Yes,Bank transfer (automatic),29.95,998.75,No
1881-SSYL,Female,0,No,No,41,Yes,No,DSL,Yes,No,Yes,No,No,No,Month-to-month,No,Mailed check,62.35,2374.25,Yes
2161-BYKK,Male,0,Yes,No,62,Yes,Yes,DSL,No,Yes,No,No,No,No,Month-to-month,Yes,Electronic check,61.92,3696.75,No
5499-NWRV,Male,0,No,No,43,Yes,No,Fiber optic,No,No,No,Yes,Yes,Yes,Month-to-month,Yes,Credit card (automatic),101.91,4262.61,Yes
5343-UXUI,Female,1,Yes,Yes,12,Yes,No,DSL,No,Yes,Yes,Yes,No,Yes,Two year,Yes,Credit card (automatic),69.18,801.25,No
4159-PKAH,Male,0,No,No,46,Yes,No,Fiber optic,Yes,Yes,No,No,No,Yes,Month-to-month,Yes,Mailed check,84.49,3998.46,Yes
5963-DVKB,Male,1,Yes,No,55,Yes,No,Fiber optic,No,No,No,Yes,Yes,No,Month-to-month,Yes,Electronic check,77.22,3978.76,No
7558-YBMF,Male,0,No,No,29,Yes,No,DSL,No,Yes,Yes,No,No,No,One year,No,Mailed check,62.89,1707.46,No
1877-DTKJ,Female,0,No,No,3,Yes,Yes,DSL,No,Yes,Yes,Yes,Yes,No,Month-to-month,No,Credit card (automatic),81.86,229.13,Yes
8190-BNRM,Male,1,Yes,No,52,Yes,Yes,No,No internet service,No internet service,No internet service,No internet service,No internet service,No internet service,Two year,Yes,Bank transfer (automatic),30.54,1576.46,No
4972-NMKL,Male,0,Yes,No,23,Yes,Yes,Fiber optic,Yes,Yes,No,Yes,No,Yes,One year,No,Mailed check,101.56,2273.07,No
2651-AAER,Male,0,Yes,Yes,40,Yes,No,DSL,No,Yes,No,No,Yes,Yes,Month-to-month,Yes,Electronic check,70.6,2581.18,No
9132-HANS,Female,0,Yes,Yes,31,Yes,Yes,Fiber optic,No,No,Yes,No,No,Yes,Month-to-month,Yes,Mailed check,87.88,2594.61,No
2860-JITX,Male,0,No,No,63,Yes,No,Fiber optic,No,Yes,No,Yes,No,No,Month-to-month,No,Mailed check,86.23,5088.53,No
4049-RWFN,Female,1,Yes,Yes,13,Yes,No,DSL,No,Yes,Yes,Yes,No,Yes,Month-to-month,No,Electronic check,69.82,843.5,Yes
3160-NLZH,Female,0,No,No,64,Yes,No,No,No internet service,No internet service,No internet service,No internet service,No internet service,No internet service,Month-to-month,No,Electronic check,29.85,1743.88,Yes
7132-QTOM,Male,0,No,No,27,Yes,Yes,DSL,No,No,No,No,No,No,One year,Yes,Credit card (automatic),53.56,1376.33,No
5059-URGW,Male,1,Yes,Yes,23,Yes,No,No,No internet service,No internet service,No internet service,No internet service,No internet service,No internet service,One year,No,Credit card (automatic),26.16,560.01,No
1760-IIFH,Female,0,Yes,No,59,Yes,Yes,DSL,Yes,No,No,No,No,No,One year,No,Bank transfer (automatic),67.69,4039.95,No
1218-CQFS,Female,0,Yes,Yes,4,Yes,No,Fiber optic,Yes,No,Yes,No,No,No,Month-to-month,No,Credit card (automatic),89.48,342.71,Yes
5398-LMBB,Female,0,Yes,No,14,Yes,Yes,No,No internet service,No internet service,No internet service,No internet service,No internet service,No internet service,Month-to-month,Yes,Bank transfer (automatic),24.94,312.37,No
4921-PMYV,Female,0,Yes,Yes,62,Yes,No,Fiber optic,Yes,No,Yes,No,No,No,Month-to-month,Yes,Credit card (automatic),78.52,4842.53,No
5336-RZPB,Male,0,No,No,20,Yes,Yes,DSL,No,Yes,No,Yes,Yes,No,Month-to-month,Yes,Electronic check,73.91,1426.51,No
8852-MWKP,Female,1,No,Yes,29,Yes,No,Fiber optic,Yes,Yes,No,No,Yes,No,One year,No,Mailed check,91.29,2518.31,Yes
4319-DLJU,Male,0,No,No,35,Yes,Yes,Fiber optic,Yes,No,No,Yes,No,Yes,Month-to-month,No,Electronic check,96.67,3201.53,No
9121-NETB,Female,0,Yes,No,16,Yes,No,DSL,Yes,Yes,No,Yes,No,No,Two year,Yes,Electronic check,65.33,1069.47,No
4387-XHUM,Male,0,Yes,No,20,Yes,Yes,DSL,Yes,No,Yes,No,No,Yes,Month-to-month,No,Credit card (automatic),66.39,1256.28,Yes
6753-TYRF,Male,0,Yes,Yes,67,Yes,No,No,No internet service,No internet service,No internet service,No internet service,No internet service,No internet service,Month-to-month,No,Credit card (automatic),28.12,1723.24,No
3688-ZYKP,Male,0,Yes,No,56,Yes,No,Fiber optic,Yes,No,Yes,No,No,Yes,Month-to-month,Yes,Electronic check,90.78,4862.04,No
2934-MLTM,Female,0,No,No,21,Yes,No,Fiber optic,No,No,Yes,No,No,Yes,Two year,Yes,Electronic check,87.85,1831.31,Yes
5997-GYPB,Female,1,No,Yes,5,Yes,No,Fiber optic,Yes,No,No,Yes,Yes,Yes,Month-to-month,Yes,Credit card (automatic),102.91,451.87,Yes
5609-KZEZ,Female,0,No,No,13,No,No phone service,DSL,Yes,No,No,No,Yes,No,Month-to-month,Yes,Electronic check,53.51,729.69,Yes
9817-KVPJ,Female,0,Yes,Yes,4,Yes,Yes,DSL,Yes,No,Yes,Yes,No,Yes,Two year,Yes,Mailed check,78.69,294.65,No
4908-QIKK,Female,0,Yes,No,5,Yes,No,No,No internet service,No internet service,No internet service,No internet service,No internet service,No internet service,Two year,Yes,Bank transfer (automatic),25.11,119.23,No
2733-VKLU,Female,0,No,No,15,Yes,No,Fiber optic,No,No,No,Yes,No,No,Month-to-month,No,Electronic check,80.03,1045.88,No
2448-LOVH,Male,0,No,Yes,24,Yes,Yes,No,No internet service,No internet service,No internet service,No internet service,No internet service,No internet service,Month-to-month,No,Mailed check,31.07,780.54,No
6342-KAOS,Female,0,No,No,3,Yes,No,Fiber optic,No,Yes,No,Yes,No,Yes,Month-to-month,Yes,Bank transfer (automatic),85.6,243.08,Yes
3081-ACAZ,Female,1,Yes,No,39,Yes,No,Fiber optic,No,Yes,No,No,No,Yes,Two year,Yes,Bank transfer (automatic),88.59,3345.19,No
9216-LAOD,Male,1,No,No,38,Yes,No,Fiber optic,No,No,Yes,No,Yes,No,Month-to-month,Yes,Mailed check,84.18,3289.44,Yes
5306-NVFK,Female,0,No,No,58,Yes,No,DSL,No,Yes,Yes,No,No,No,Month-to-month,Yes,Electronic check,58.14,3531.55,No
5103-NOLZ,Male,0,No,No,32,Yes,No,DSL,No,Yes,Yes,Yes,No,Yes,One year,No,Mailed check,69.28,2159.34,No
8666-RLKM,Female,0,Yes,No,18,Yes,No,Fiber optic,No,No,No,Yes,Yes,No,One year,No,Mailed check,86.7,1558.99,No
3045-SJQV,Male,0,No,No,4,Yes,Yes,No,No internet service,No internet service,No internet service,No internet service,No internet service,No internet service,Month-to-month,No,Bank transfer (automatic),31.78,126.64,No
8264-TEGD,Female,0,Yes,No,25,Yes,No,DSL,No,No,Yes,Yes,Yes,Yes,Two year,Yes,Credit card (automatic),67.95,1654.28,No
6703-ZXYK,Female,0,Yes,Yes,43,Yes,Yes,DSL,Yes,No,Yes,No,No,No,One year,Yes,Electronic check,73.53,3229.61,No
7177-LTPQ,Female,0,No,No,39,Yes,No,DSL,No,Yes,No,Yes,No,No,One year,No,Mailed check,61.15,2197.65,No
1508-HDKE,Male,0,No,No,68,Yes,No,No,No internet service,No internet service,No internet service,No internet service,No internet service,No internet service,Month-to-month,Yes,Electronic check,28.72,1808.79,No
1971-JOMG,Female,0,Yes,Yes,35,Yes,No,Fiber optic,No,No,No,No,No,No,Month-to-month,Yes,Electronic check,80.41,2650.69,Yes
2999-JHTN,Male,0,No,No,28,Yes,No,Fiber optic,Yes,Yes,No,Yes,No,No,Month-to-month,Yes,Credit card (automatic),88.47,2492.88,Yes
6128-SGWO,Female,0,No,No,22,Yes,No,DSL,No,Yes,Yes,No,No,No,Month-to-month,Yes,Credit card (automatic),62.13,1352.06,No
1458-MHXX,Male,0,No,No,21,Yes,No,No,No internet service,No internet service,No internet service,No internet service,No internet service,No internet service,Month-to-month,No,Bank transfer (automatic),28.28,565.42,No
6140-UTVK,Male,0,No,No,52,Yes,No,Fiber optic,No,No,Yes,No,No,Yes,Month-to-month,Yes,Credit card (automatic),90.65,4560.22,Yes
3007-XCBY,Female,0,Yes,No,23,No,No phone service,Fiber optic,Yes,Yes,No,No,No,No,Two year,No,Credit card (automatic),77.57,1717.3,No
5011-NHFM,Male,0,Yes,Yes,36,Yes,Yes,DSL,No,No,Yes,No,Yes,Yes,Two year,Yes,Credit card (automatic),78.23,2669.56,No
6501-PZOH,Male,0,No,Yes,14,Yes,No,Fiber optic,Yes,Yes,No,Yes,No,Yes,Two year,No,Electronic check,103.86,1341.24,No
2621-CYLE,Male,0,No,No,52,Yes,No,No,No internet service,No internet service,No internet service,No internet service,No internet service,No internet service,Month-to-month,No,Bank transfer (automatic),28.67,1423.37,No
6911-SMYT,Female,0,No,Yes,54,Yes,No,No,No internet service,No internet service,No internet service,No internet service,No internet service,No internet service,Month-to-month,No,Electronic check,30.73,1726.6,No
2608-HDII,Male,0,No,No,16,Yes,No,Fiber optic,No,Yes,No,No,No,No,One year,No,Credit card (automatic),78.63,1272.02,No
1847-FPOW,Male,0,Yes,No,28,Yes,Yes,Fiber optic,No,Yes,Yes,Yes,Yes,Yes,Month-to-month,No,Credit card (automatic),114.41,3098.47,No
5418-UDXC,Male,0,Yes,No,6,Yes,Yes,Fiber optic,No,No,No,No,No,Yes,Two year,Yes,Electronic check,80.49,467.2,No
8935-LFYG,Male,0,No,Yes,21,Yes,No,Fiber optic,No,No,No,Yes,No,Yes,Month-to-month,No,Electronic check,86.42,1749.36,No
8897-QMUD,Male,0,Yes,No,17,Yes,No,Fiber optic,Yes,Yes,No,No,Yes,No,Month-to-month,Yes,Electronic check,93.09,1456.68,Yes
4295-UXOI,Male,1,Yes,No,47,Yes,No,DSL,No,No,No,No,No,No,Month-to-month,Yes,Bank transfer (automatic),56.7,2600.64,Yes
5507-PSHG,Male,0,No,Yes,48,No,No phone service,DSL,Yes,Yes,Yes,No,No,Yes,Two year,Yes,Mailed check,62.77,2825.83,No
6591-EXXE,Female,0,No,No,28,Yes,No,No,No internet service,No internet service,No internet service,No internet service,No internet service,No internet service,Month-to-month,Yes,Credit card (automatic),18.0,466.83,No
2904-UQDC,Male,0,Yes,No,51,Yes,No,Fiber optic,Yes,Yes,No,Yes,Yes,Yes,Two year,No,Bank transfer (automatic),98.55,4798.46,No
1283-PRRT,Male,1,Yes,No,62,Yes,No,Fiber optic,No,Yes,No,No,Yes,Yes,Month-to-month,Yes,Electronic check,90.35,5219.04,Yes
5236-DIII,Female,0,Yes,No,56,Yes,Yes,DSL,No,No,Yes,Yes,Yes,Yes,Month-to-month,No,Electronic check,83.34,4398.7,No
7625-UGNK,Female,0,Yes,No,27,Yes,No,DSL,No,Yes,Yes,No,No,No,Two year,Yes,Credit card (automatic),60.91,1485.04,No
2462-ARVX,Male,0,Yes,No,53,Yes,Yes,Fiber optic,No,No,No,No,Yes,No,One year,No,Mailed check,91.97,4807.97,No
6813-TVGO,Male,0,No,No,42,Yes,No,DSL,No,No,No,No,Yes,Yes,One year,Yes,Electronic check,71.29,2981.23,No
3027-UJXV,Male,0,No,Yes,66,Yes,Yes,Fiber optic,No,No,Yes,No,No,Yes,One year,No,Bank transfer (automatic),95.07,6200.16,No
9251-TWPI,Female,0,No,No,35,Yes,No,Fiber optic,No,No,No,No,Yes,Yes,Month-to-month,Yes,Mailed check,88.6,3101.88,Yes
4137-RUNU,Female,0,Yes,No,43,Yes,No,DSL,No,No,Yes,No,No,No,Month-to-month,Yes,Bank transfer (automatic),52.54,2194.55,No
8982-QBHY,Female,0,No,No,20,No,No phone service,No,No internet service,No internet service,No internet service,No internet service,No internet service,No internet service,Month-to-month,Yes,Mailed check,18.0,328.12,No
8334-KRPT,Female,1,Yes,No,53,Yes,Yes,DSL,Yes,No,No,Yes,No,Yes,Two year,Yes,Credit card (automatic),71.83,3551.0,No
9336-KJAV,Female,1,No,No,35,Yes,No,Fiber optic,Yes,No,No,Yes,No,Yes,Month-to-month,No,Bank transfer (automatic),88.52,2991.03,No
6336-WPKA,Male,0,Yes,Yes,43,Yes,No,Fiber optic,No,No,No,No,Yes,Yes,Two year,Yes,Mailed check,90.62,3823.55,No
3776-NIRE,Male,0,Yes,Yes,24,Yes,Yes,DSL,Yes,No,No,No,Yes,No,One year,No,Electronic check,62.45,1454.81,No
8661-DHVM,Male,1,Yes,No,13,Yes,No,Fiber optic,No,No,No,Yes,No,Yes,Two year,Yes,Electronic check,86.32,1115.21,No
4781-ZHCA,Male,0,Yes,Yes,58,Yes,No,No,No internet service,No internet service,No internet service,No internet service,No internet service,No internet service,Month-to-month,Yes,Mailed check,29.17,1638.29,No
9118-GLCP,Male,0,Yes,No,43,Yes,No,Fiber optic,No,Yes,Yes,Yes,No,Yes,Two year,Yes,Mailed check,95.19,3722.38,No
3114-NRHA,Female,1,Yes,No,20,Yes,Yes,DSL,No,No,Yes,No,No,Yes,Month-to-month,No,Mailed check,69.04,1277.24,No
8750-BSVS,Male,1,No,No,53,Yes,No,Fiber optic,No,Yes,No,Yes,No,No,One year,Yes,Bank transfer (automatic),84.86,4337.47,No
8331-MEHM,Male,0,No,No,23,Yes,Yes,DSL,No,Yes,Yes,Yes,No,Yes,Month-to-month,Yes,Credit card (automatic),74.78,1703.67,Yes
2601-LWMS,Male,0,No,No,23,Yes,No,No,No internet service,No internet service,No internet service,No internet service,No internet service,No internet service,One year,Yes,Mailed check,27.31,633.33,No
8915-VJVZ,Male,0,Yes,No,35,Yes,No,Fiber optic,No,Yes,Yes,No,No,No,Two year,Yes,Mailed check,89.53,3231.5,No
3860-HJTQ,Female,1,No,No,42,Yes,Yes,DSL,No,Yes,No,No,No,No,One year,No,Electronic check,50.66,2130.25,No
2861-DYWV,Male,0,No,Yes,41,Yes,No,Fiber optic,No,No,Yes,No,Yes,No,Month-to-month,Yes,Bank transfer (automatic),79.85,3378.47,Yes
1505-ZGOR,Male,0,No,Yes,60,Yes,No,DSL,No,No,No,No,Yes,Yes,Month-to-month,No,Electronic check,66.95,3857.18,No
8183-TOPU,Female,0,Yes,No,61,No,No phone service,No,No internet service,No internet service,No internet service,No internet service,No internet service,No internet service,Month-to-month,No,Electronic check,26.85,1522.16,No
5173-JJZO,Male,0,No,Yes,7,Yes,Yes,Fiber optic,Yes,No,Yes,No,Yes,Yes,One year,Yes,Mailed check,103.75,681.68,No
3152-VJTG,Male,1,Yes,Yes,14,Yes,No,DSL,Yes,No,Yes,Yes,No,No,Month-to-month,No,Bank transfer (automatic),60.81,786.37,No
6605-RPRG,Female,0,Yes,No,41,Yes,No,Fiber optic,No,Yes,Yes,No,Yes,No,One year,No,Electronic check,88.77,3412.8,No
3347-HFMO,Female,0,No,No,10,Yes,No,DSL,No,Yes,No,Yes,Yes,Yes,One year,Yes,Electronic check,74.95,691.33,No
8334-ATYH,Female,0,Yes,Yes,6,Yes,No,No,No internet service,No internet service,No internet service,No internet service,No internet service,No internet service,Month-to-month,No,Credit card (automatic),20.45,114.18,No
3593-ERQC,Male,0,No,Yes,30,Yes,No,DSL,Yes,Yes,Yes,No,Yes,Yes,Two year,Yes,Electronic check,75.24,2152.14,No
1138-WAGY,Male,0,Yes,No,29,Yes,No,Fiber optic,Yes,Yes,No,Yes,Yes,Yes,One year,Yes,Credit card (automatic),95.89,2664.1,No
8564-FUHX,Male,0,No,No,11,No,No phone service,Fiber optic,No,No,Yes,Yes,No,No,One year,Yes,Mailed check,74.22,820.53,No
3466-RNWW,Male,0,No,No,59,Yes,Yes,No,No internet service,No internet service,No internet service,No internet service,No internet service,No internet service,Month-to-month,No,Electronic check,34.0,1961.05,No
3633-XZGP,Female,0,No,Yes,13,Yes,Yes,No,No internet service,No internet service,No internet service,No internet service,No internet service,No internet service,One year,Yes,Credit card (automatic),25.55,317.41,No
4542-EMNU,Female,0,No,No,59,No,No phone service,Fiber optic,No,No,Yes,Yes,Yes,No,Month-to-month,Yes,Bank transfer (automatic),85.38,4721.19,Yes
6940-SIIO,Female,0,Yes,No,43,Yes,Yes,Fiber optic,No,No,Yes,No,No,Yes,Two year,Yes,Mailed check,84.08,3616.59,No
8205-CDIY,Female,0,Yes,No,21,Yes,No,DSL,No,Yes,No,Yes,Yes,Yes,Month-to-month,Yes,Bank transfer (automatic),73.71,1471.27,No
3728-HBSD,Male,1,Yes,Yes,35,Yes,Yes,No,No internet service,No internet service,No internet service,No internet service,No internet service,No internet service,One year,Yes,Credit card (automatic),32.52,1138.33,No
2144-ERLC,Male,0,No,No,26,Yes,Yes,DSL,Yes,No,No,Yes,Yes,Yes,One year,Yes,Electronic check,79.05,2042.71,No
7730-RZJX,Male,0,Yes,No,41,No,No phone service,Fiber optic,Yes,No,Yes,No,No,Yes,Month-to-month,Yes,Mailed check,76.99,2810.68,No
5575-SQTN,Male,0,Yes,No,71,Yes,No,DSL,No,No,No,No,No,No,Month-to-month,Yes,Electronic check,51.06,3707.22,No
3504-ZORJ,Male,0,Yes,No,61,Yes,No,DSL,Yes,Yes,No,No,Yes,No,Month-to-month,No,Electronic check,64.83,4077.75,No
5051-RQOR,Male,0,Yes,No,70,Yes,Yes,Fiber optic,Yes,No,No,No,Yes,Yes,Month-to-month,No,Mailed check,95.66,5877.47,Yes
8692-TFTQ,Male,0,Yes,No,46,Yes,Yes,Fiber optic,Yes,Yes,Yes,Yes,Yes,No,Month-to-month,Yes,Bank transfer (automatic),108.64,4713.83,No
1138-APVM,Male,0,No,Yes,60,No,No phone service,Fiber optic,Yes,No,No,No,Yes,Yes,Two year,Yes,Bank transfer (automatic),84.34,4751.74,No
1151-TXZO,Male,0,No,No,24,Yes,Yes,No,No internet service,No internet service,No internet service,No internet service,No internet service,No internet service,Month-to-month,Yes,Mailed check,29.91,693.03,No
8733-DLAD,Female,0,No,No,25,No,No phone service,DSL,Yes,No,Yes,No,No,No,Month-to-month,Yes,Credit card (automatic),42.21,967.24,No
1460-YJJK,Female,0,Yes,No,55,Yes,No,Fiber optic,No,Yes,No,No,No,No,One year,Yes,Electronic check,74.83,4045.75,No
1643-MGWE,Female,0,No,No,9,Yes,No,Fiber optic,No,Yes,Yes,Yes,No,Yes,One year,No,Electronic check,96.26,866.51,Yes
6088-PQSQ,Female,0,Yes,Yes,31,No,No phone service,DSL,No,No,No,No,No,Yes,Month-to-month,No,Electronic check,46.04,1371.35,No
3870-ZDUN,Male,0,No,No,60,Yes,Yes,No,No internet service,No internet service,No internet service,No internet service,No internet service,No internet service,Month-to-month,No,Mailed check,32.3,1837.49,No
2721-PRID,Female,0,Yes,No,55,Yes,No,Fiber optic,Yes,No,Yes,No,No,No,Month-to-month,No,Mailed check,76.56,3937.16,No
1447-YKMN,Female,0,Yes,Yes,36,Yes,No,No,No internet service,No internet service,No internet service,No internet service,No internet service,No internet service,Month-to-month,No,Mailed check,22.14,769.83,No
4072-XVQZ,Female,0,Yes,No,14,No,No phone service,Fiber optic,No,Yes,Yes,Yes,No,No,One year,No,Electronic check,81.98,1224.75,No
3408-URQW,Female,0,No,Yes,3,Yes,No,No,No internet service,No internet service,No internet service,No internet service,No internet service,No internet service,Month-to-month,Yes,Electronic check,25.98,77.99,No
7596-YEPW,Female,0,Yes,No,16,Yes,No,Fiber optic,No,No,No,Yes,Yes,No,Month-to-month,Yes,Credit card (automatic),81.99,1257.95,No
4134-KQZQ,Male,1,No,Yes,33,Yes,No,Fiber optic,Yes,No,Yes,No,No,No,One year,Yes,Electronic check,81.91,2797.38,No
2876-OVLY,Female,0,Yes,Yes,56,Yes,No,Fiber optic,No,Yes,No,Yes,Yes,No,Month-to-month,Yes,Electronic check,92.16,4838.5,Yes
7364-CWRR,Female,0,No,No,38,Yes,Yes,DSL,No,No,Yes,No,No,Yes,Month-to-month,No,Electronic check,68.46,2521.02,Yes
1684-ETNA,Male,0,No,No,39,No,No phone service,No,No internet service,No internet service,No internet service,No internet service,No internet service,No internet service,Month-to-month,Yes,Electronic check,26.4,1014.26,No
9533-MSJA,Male,0,Yes,Yes,63,Yes,No,Fiber optic,No,No,Yes,No,No,No,Two year,Yes,Mailed check,74.4,4273.33,No
9772-VQGY,Female,0,Yes,Yes,6,Yes,Yes,Fiber optic,Yes,Yes,Yes,No,No,No,One year,Yes,Electronic check,91.86,533.02,Yes
9969-AAFB,Male,0,No,No,34,Yes,Yes,Fiber optic,No,Yes,Yes,No,No,No,Two year,Yes,Bank transfer (automatic),83.33,2682.47,No
9956-UYFT,Female,0,Yes,No,10,Yes,Yes,Fiber optic,Yes,No,Yes,Yes,Yes,No,Two year,Yes,Electronic check,100.67,946.83,No
2267-FLQX,Male,0,Yes,Yes,26,Yes,Yes,No,No internet service,No internet service,No internet service,No internet service,No internet service,No internet service,Month-to-month,No,Credit card (automatic),24.37,618.12,No
2578-BTYL,Female,1,No,No,5,Yes,No,Fiber optic,No,No,Yes,No,No,No,Month-to-month,Yes,Electronic check,78.38,392.39,Yes
6963-BNSU,Male,0,No,No,31,Yes,Yes,Fiber optic,Yes,No,No,No,No,Yes,One year,Yes,Bank transfer (automatic),89.57,2531.8,Yes
1873-LDZP,Male,0,No,No,36,Yes,No,No,No internet service,No internet service,No internet service,No internet service,No internet service,No internet service,Month-to-month,No,Electronic check,21.12,773.7,No
8992-MHCQ,Female,0,Yes,No,48,Yes,No,DSL,Yes,No,Yes,No,Yes,Yes,Month-to-month,Yes,Bank transfer (automatic),67.47,3269.65,No
5505-BIBJ,Female,0,No,Yes,10,Yes,Yes,DSL,Yes,No,No,Yes,No,No,Month-to-month,Yes,Bank transfer (automatic),61.18,559.69,No
9975-HKCM,Male,0,Yes,No,58,Yes,Yes,Fiber optic,No,Yes,No,No,No,Yes,Two year,No,Bank transfer (automatic),89.03,5094.62,No
7078-PGNQ,Male,0,Yes,No,13,Yes,No,Fiber optic,Yes,Yes,Yes,No,No,No,One year,Yes,Electronic check,85.41,1065.7,Yes
3817-AOFY,Female,0,No,Yes,30,Yes,Yes,No,No internet service,No internet service,No internet service,No internet service,No internet service,No internet service,One year,Yes,Bank transfer (automatic),26.6,762.68,No
4352-MAFP,Female,0,Yes,Yes,53,Yes,No,Fiber optic,No,No,Yes,Yes,Yes,Yes,Two year,Yes,Credit card (automatic),87.15,4654.68,No
9542-MXRJ,Male,0,No,No,31,Yes,No,Fiber optic,No,Yes,No,No,No,Yes,Month-to-month,Yes,Bank transfer (automatic),88.09,2599.39,No
4409-RZMP,Male,0,Yes,No,34,Yes,No,DSL,Yes,Yes,Yes,Yes,No,Yes,Two year,No,Electronic check,69.4,2317.01,No
7841-XPIT,Male,0,Yes,No,7,Yes,No,Fiber optic,Yes,No,Yes,No,No,No,Two year,Yes,Electronic check,84.06,558.63,Yes
1413-ZLLT,Male,0,Yes,Yes,28,Yes,No,Fiber optic,No,Yes,No,No,No,Yes,Two year,No,Bank transfer (automatic),89.68,2408.22,No
5842-RNPG,Male,0,Yes,Yes,47,Yes,Yes,Fiber optic,No,No,Yes,Yes,No,Yes,Month-to-month,Yes,Electronic check,93.22,3933.34,No
9041-RWIK,Female,0,No,Yes,57,Yes,Yes,DSL,No,Yes,No,No,Yes,Yes,Month-to-month,No,Mailed check,82.09,4055.7,No
7490-MQQP,Female,0,Yes,No,59,Yes,Yes,Fiber optic,Yes,Yes,No,Yes,Yes,No,Two year,No,Electronic check,99.41,5601.26,Yes
7370-DUXT,Female,0,No,No,32,Yes,Yes,No,No internet service,No internet service,No internet service,No internet service,No internet service,No internet service,Two year,Yes,Bank transfer (automatic),40.9,1221.6,No
8918-FJQT,Male,0,No,No,23,Yes,Yes,DSL,No,Yes,No,Yes,Yes,No,Month-to-month,Yes,Electronic check,70.28,1491.69,No
7028-UGMC,Female,0,No,No,20,Yes,Yes,DSL,Yes,Yes,Yes,Yes,No,Yes,Two year,No,Electronic check,82.51,1657.28,No
5598-JHGR,Female,0,No,Yes,34,Yes,Yes,No,No internet service,No internet service,No internet service,No internet service,No internet service,No internet service,Month-to-month,Yes,Bank transfer (automatic),26.62,839.84,No
6601-CNJQ,Female,0,No,No,47,Yes,No,No,No internet service,No internet service,No internet service,No internet service,No internet service,No internet service,Two year,Yes,Credit card (automatic),25.9,1151.81,No
5869-UMQO,Male,0,No,Yes,20,Yes,No,Fiber optic,Yes,Yes,No,No,Yes,Yes,Month-to-month,No,Mailed check,94.29,1731.56,Yes
9493-MKKP,Male,0,Yes,No,29,Yes,Yes,Fiber optic,Yes,Yes,No,No,No,Yes,Two year,No,Electronic check,96.08,2714.9,No
5493-ZMPG,Female,0,No,No,27,Yes,Yes,No,No internet service,No internet service,No internet service,No internet service,No internet service,No internet service,One year,Yes,Electronic check,29.92,811.54,No
6503-NTBJ,Female,0,Yes,No,34,No,No phone service,DSL,No,Yes,Yes,No,No,No,Month-to-month,Yes,Credit card (automatic),50.6,1701.91,No
6622-AXXH,Male,0,Yes,No,14,Yes,No,Fiber optic,No,No,No,No,Yes,Yes,Month-to-month,Yes,Mailed check,80.99,1049.06,Yes
7412-RIOP,Male,1,Yes,No,51,Yes,Yes,No,No internet service,No internet service,No internet service,No internet service,No internet service,No internet service,One year,Yes,Credit card (automatic),27.71,1331.54,Yes
1479-TQOE,Female,1,No,Yes,64,Yes,Yes,Fiber optic,No,Yes,Yes,Yes,No,No,Month-to-month,Yes,Electronic check,88.42,5328.4,No
5180-USRF,Male,0,Yes,Yes,50,Yes,Yes,No,No internet service,No internet service,No internet service,No internet service,No internet service,No internet service,Month-to-month,Yes,Bank transfer (automatic),27.99,1332.62,No
9410-RTZD,Female,0,Yes,No,22,Yes,Yes,Fiber optic,Yes,No,No,Yes,No,Yes,Month-to-month,Yes,Electronic check,102.3,2174.02,No
7508-DKTN,Female,0,Yes,No,29,Yes,No,Fiber optic,Yes,Yes,No,No,Yes,Yes,Month-to-month,Yes,Electronic check,97.06,2642.51,No
9456-ZIZP,Male,0,Yes,Yes,43,Yes,No,No,No internet service,No internet service,No internet service,No internet service,No internet service,No internet service,One year,No,Electronic check,20.53,813.98,No
7846-XENY,Male,0,Yes,Yes,29,Yes,Yes,DSL,No,No,Yes,No,No,Yes,Two year,No,Bank transfer (automatic),68.43,1926.73,Yes
9510-XXAE,Female,0,Yes,No,33,Yes,Yes,DSL,Yes,No,No,Yes,Yes,No,One year,Yes,Electronic check,69.15,2140.14,No
1410-FTAK,Male,0,No,No,26,Yes,No,Fiber optic,Yes,Yes,Yes,No,No,No,Month-to-month,No,Mailed check,87.97,1987.21,No
1151-DCKY,Male,0,Yes,No,35,Yes,Yes,Fiber optic,No,Yes,Yes,No,Yes,No,Month-to-month,Yes,Bank transfer (automatic),91.18,2878.48,No
5929-HNKR,Male,0,No,Yes,66,Yes,No,DSL,No,No,No,Yes,Yes,Yes,Month-to-month,Yes,Credit card (automatic),76.08,4923.83,No
9892-UAWU,Male,1,No,Yes,32,Yes,No,Fiber optic,Yes,No,No,Yes,No,No,Month-to-month,Yes,Credit card (automatic),86.84,2590.64,No
9884-NFPQ,Male,1,No,Yes,42,Yes,Yes,No,No internet service,No internet service,No internet service,No internet service,No internet service,No internet service,Month-to-month,Yes,Credit card (automatic),33.65,1305.83,No
7254-YDBV,Female,0,Yes,No,55,Yes,Yes,No,No internet service,No internet service,No internet service,No internet service,No internet service,No internet service,One year,Yes,Bank transfer (automatic),27.29,1252.74,No
2347-VCTP,Female,0,Yes,Yes,41,No,No phone service,Fiber optic,No,No,No,No,No,No,Month-to-month,Yes,Bank transfer (automatic),67.64,2798.38,Yes
3203-SPON,Female,0,Yes,Yes,6,Yes,No,DSL,No,No,Yes,No,Yes,Yes,One year,Yes,Electronic check,76.29,430.24,No
3362-XKGL,Female,0,No,Yes,66,Yes,No,Fiber optic,No,No,No,No,Yes,No,Month-to-month,No,Electronic check,86.48,5428.44,Yes
8320-HEJB,Male,0,Yes,No,43,Yes,No,DSL,No,No,Yes,Yes,Yes,No,Month-to-month,No,Credit card (automatic),70.71,2991.7,Yes
6592-WTDM,Female,0,No,Yes,17,Yes,No,DSL,Yes,No,No,No,Yes,Yes,Two year,No,Electronic check,75.2,1298.46,No
4539-JDGV,Female,0,Yes,Yes,8,Yes,No,Fiber optic,Yes,No,No,Yes,No,Yes,Month-to-month,No,Mailed check,90.81,705.91,Yes
7430-LZAG,Male,0,No,No,49,Yes,Yes,No,No internet service,No internet service,No internet service,No internet service,No internet service,No internet service,Month-to-month,No,Bank transfer (automatic),35.53,1666.59,No
4376-CJOG,Male,0,Yes,No,44,Yes,Yes,No,No internet service,No internet service,No internet service,No internet service,No internet service,No internet service,Month-to-month,No,Credit card (automatic),30.92,1306.39,No
1184-POXA,Female,0,Yes,Yes,37,Yes,No,DSL,No,No,No,No,No,No,Two year,Yes,Electronic check,48.18,1743.96,Yes
1255-HQOV,Male,0,Yes,No,46,Yes,No,Fiber optic,No,No,No,No,Yes,Yes,One year,No,Bank transfer (automatic),92.17,4157.51,No
5894-XKBT,Male,0,Yes,No,63,Yes,Yes,Fiber optic,Yes,Yes,No,No,No,No,Month-to-month,Yes,Bank transfer (automatic),88.69,5733.11,No
4692-QVUQ,Female,0,Yes,Yes,53,Yes,Yes,DSL,Yes,Yes,Yes,No,No,Yes,Month-to-month,No,Electronic check,84.21,4536.91,No
9664-HIFY,Female,0,No,No,27,No,No phone service,Fiber optic,No,No,Yes,No,Yes,No,Month-to-month,No,Mailed check,75.95,2129.26,No
9290-QMGH,Female,0,No,No,48,Yes,Yes,DSL,No,No,Yes,No,Yes,No,One year,No,Bank transfer (automatic),65.49,3056.7,No
6120-CSGQ,Female,0,Yes,No,13,Yes,Yes,No,No internet service,No internet service,No internet service,No internet service,No internet service,No internet service,Month-to-month,No,Electronic check,35.96,436.83,No
7845-JZDD,Female,1,No,No,9,No,No phone service,No,No internet service,No internet service,No internet service,No internet service,No internet service,No internet service,Month-to-month,Yes,Bank transfer (automatic),18.0,149.52,No
1538-EMCR,Male,0,No,No,57,Yes,Yes,No,No internet service,No internet service,No internet service,No internet service,No internet service,No internet service,Month-to-month,Yes,Mailed check,31.19,1874.22,No
9815-XCFA,Female,0,Yes,No,40,Yes,Yes,Fiber optic,Yes,No,No,Yes,No,No,One year,Yes,Credit card (automatic),86.29,3616.67,No
2140-IBVN,Female,0,Yes,No,33,Yes,Yes,Fiber optic,No,Yes,Yes,No,Yes,Yes,Month-to-month,Yes,Electronic check,95.14,2833.58,Yes
9102-KNEL,Male,0,Yes,No,3,Yes,No,DSL,Yes,Yes,No,No,No,No,Month-to-month,No,Credit card (automatic),58.1,164.47,No
2804-RTJN,Female,0,Yes,Yes,51,Yes,No,DSL,No,No,Yes,No,Yes,No,Month-to-month,No,Bank transfer (automatic),61.66,3042.97,Yes
3205-TLGO,Male,1,Yes,Yes,12,Yes,Yes,DSL,No,Yes,No,No,No,No,Two year,Yes,Mailed check,59.38,653.32,No
5597-HFZV,Male,0,Yes,Yes,47,Yes,No,Fiber optic,No,No,Yes,Yes,No,Yes,Month-to-month,Yes,Credit card (automatic),85.94,3708.62,No
2615-RFOH,Female,0,Yes,No,47,Yes,Yes,Fiber optic,Yes,No,No,No,Yes,Yes,Two year,Yes,Credit card (automatic),86.39,4410.87,No
6658-EBAL,Male,0,No,No,45,Yes,Yes,No,No internet service,No internet service,No internet service,No internet service,No internet service,No internet service,Month-to-month,Yes,Bank transfer (automatic),36.15,1552.03,No
2989-YRMS,Female,0,Yes,Yes,15,No,No phone service,Fiber optic,No,Yes,No,Yes,No,Yes,Month-to-month,Yes,Electronic check,81.32,1164.34,No
8888-ETWN,Male,0,No,Yes,34,Yes,No,Fiber optic,Yes,No,No,No,Yes,No,Month-to-month,No,Electronic check,86.78,2681.96,No
2338-LPRB,Male,0,No,No,70,Yes,Yes,No,No internet service,No internet service,No internet service,No internet service,No internet service,No internet service,Month-to-month,No,Electronic check,27.2,1827.28,No
6765-DESG,Male,0,No,No,22,Yes,No,Fiber optic,No,Yes,No,Yes,Yes,No,Month-to-month,No,Electronic check,83.33,1642.65,Yes
1025-SXNI,Male,1,No,No,10,Yes,No,Fiber optic,No,No,Yes,No,Yes,Yes,Month-to-month,No,Electronic check,100.19,944.22,Yes
2661-MJZO,Female,0,No,No,51,Yes,Yes,No,No internet service,No internet service,No internet service,No internet service,No internet service,No internet service,Two year,Yes,Bank transfer (automatic),29.54,1521.19,No
6695-AKXB,Male,0,No,No,31,No,No phone service,Fiber optic,Yes,No,Yes,No,Yes,Yes,Two year,No,Mailed check,83.81,2564.79,No
9913-KGLQ,Female,0,Yes,Yes,68,Yes,No,Fiber optic,Yes,Yes,Yes,No,No,Yes,Month-to-month,Yes,Credit card (automatic),91.44,5974.28,Yes
9281-RLWV,Female,0,No,No,50,Yes,No,No,No internet service,No internet service,No internet service,No internet service,No internet service,No internet service,One year,Yes,Electronic check,22.59,1042.93,No
2230-PJIN,Female,0,No,No,4,Yes,Yes,DSL,Yes,No,No,Yes,Yes,No,Month-to-month,Yes,Electronic check,71.21,291.11,No
6308-ZAYP,Male,0,Yes,No,33,Yes,No,Fiber optic,Yes,Yes,No,No,Yes,No,Month-to-month,No,Credit card (automatic),93.65,2916.79,No
2066-OQAN,Male,0,No,Yes,47,Yes,No,DSL,No,No,Yes,No,Yes,Yes,Month-to-month,No,Mailed check,73.56,3347.28,No
9030-CWZT,Female,0,Yes,No,50,Yes,No,DSL,No,No,Yes,No,No,Yes,Month-to-month,Yes,Credit card (automatic),59.73,2720.83,No
2011-YZQI,Male,0,No,No,35,Yes,No,Fiber optic,Yes,Yes,Yes,Yes,No,No,Month-to-month,Yes,Bank transfer (automatic),89.2,3005.43,Yes
2636-PGAF,Male,0,No,No,34,Yes,Yes,Fiber optic,No,No,Yes,No,Yes,No,Month-to-month,Yes,Electronic check,90.96,3017.59,Yes
7501-ZBTF,Male,0,Yes,No,39,No,No phone service,DSL,No,Yes,No,No,No,No,One year,Yes,Electronic check,50.17,2034.95,No
5019-KABT,Female,0,No,No,46,Yes,No,No,No internet service,No internet service,No internet service,No internet service,No internet service,No internet service,One year,No,Credit card (automatic),27.85,1232.78,No
1594-WEBL,Female,0,Yes,No,54,Yes,No,No,No internet service,No internet service,No internet service,No internet service,No internet service,No internet service,Two year,Yes,Electronic check,26.45,1354.94,No
2279-CVUS,Male,0,No,No,43,No,No phone service,DSL,Yes,Yes,No,Yes,Yes,No,Two year,No,Electronic check,63.77,2826.49,No
9332-MDOS,Female,0,No,Yes,23,Yes,No,Fiber optic,No,No,No,Yes,Yes,Yes,Month-to-month,Yes,Mailed check,88.84,1948.82,No
3139-GKJX,Male,0,Yes,No,41,Yes,No,Fiber optic,No,No,No,No,No,Yes,Month-to-month,Yes,Bank transfer (automatic),76.65,2908.16,Yes
7586-ICFY,Female,0,No,Yes,4,Yes,No,Fiber optic,No,Yes,No,No,Yes,No,Month-to-month,No,Credit card (automatic),83.82,310.64,No
4653-FORU,Female,1,No,No,21,Yes,Yes,Fiber optic,Yes,Yes,No,Yes,No,Yes,Month-to-month,No,Bank transfer (automatic),103.67,2055.02,Yes
6900-HRHU,Male,0,Yes,Yes,59,Yes,No,No,No internet service,No internet service,No internet service,No internet service,No internet service,No internet service,Month-to-month,Yes,Bank transfer (automatic),21.44,1233.89,No
9679-DGFK,Male,0,Yes,No,40,Yes,Yes,DSL,Yes,No,No,Yes,No,Yes,Month-to-month,No,Mailed check,73.54,2976.52,No
9129-AXLJ,Male,0,No,No,36,Yes,No,Fiber optic,Yes,No,Yes,No,No,Yes,Month-to-month,Yes,Credit card (automatic),92.47,3278.03,Yes
1878-TCRF,Male,0,Yes,Yes,21,Yes,No,Fiber optic,No,Yes,Yes,No,Yes,No,Two year,Yes,Credit card (automatic),86.23,1695.69,No
1546-YOVA,Male,0,No,No,16,Yes,Yes,No,No internet service,No internet service,No internet service,No internet service,No internet service,No internet service,Month-to-month,Yes,Credit card (automatic),25.19,375.87,No
4976-BMKT,Male,0,Yes,No,50,No,No phone service,Fiber optic,Yes,No,No,Yes,Yes,Yes,Month-to-month,No,Mailed check,87.43,4495.13,No
1825-WCSB,Female,0,No,No,18,Yes,Yes,Fiber optic,No,No,Yes,No,Yes,No,Month-to-month,Yes,Credit card (automatic),88.93,1517.23,Yes
9312-XRCD,Male,0,No,No,29,Yes,Yes,Fiber optic,No,No,No,No,Yes,Yes,One year,No,Credit card (automatic),90.96,2574.53,No
3913-OUVR,Female,1,Yes,Yes,12,Yes,No,DSL,Yes,Yes,No,No,Yes,No,One year,No,Mailed check,69.37,791.08,No
6174-RURA,Female,0,Yes,Yes,54,Yes,No,Fiber optic,No,Yes,Yes,No,No,No,Month-to-month,No,Mailed check,82.44,4655.28,No
2515-QMGG,Female,0,Yes,No,42,Yes,Yes,DSL,Yes,Yes,Yes,No,Yes,Yes,Month-to-month,Yes,Electronic check,85.69,3328.65,No
2650-MXFI,Female,0,Yes,No,42,Yes,No,Fiber optic,Yes,Yes,No,No,No,Yes,Two year,Yes,Bank transfer (automatic),88.02,3767.89,No
8938-FEGX,Male,0,No,No,18,Yes,No,DSL,Yes,No,Yes,No,Yes,Yes,Two year,Yes,Electronic check,76.0,1352.74,No
9431-VWQZ,Male,0,Yes,No,47,Yes,No,DSL,No,No,No,No,No,Yes,One year,No,Electronic check,58.04,2568.54,No
5919-ARLD,Male,0,No,No,7,Yes,Yes,Fiber optic,No,No,No,Yes,No,Yes,Month-to-month,Yes,Bank transfer (automatic),91.98,626.46,Yes
9311-XWXV,Female,0,No,No,25,Yes,Yes,DSL,Yes,No,No,No,No,Yes,One year,No,Electronic check,67.11,1572.24,No
5728-FFFD,Female,1,No,No,13,Yes,No,Fiber optic,Yes,Yes,Yes,Yes,No,No,Month-to-month,Yes,Bank transfer (automatic),94.47,1191.36,Yes
7258-TSEK,Female,1,Yes,No,38,Yes,Yes,DSL,No,No,Yes,Yes,Yes,Yes,Month-to-month,Yes,Credit card (automatic),81.68,3048.3,Yes
8321-ZAOX,Female,1,No,No,44,Yes,Yes,No,No internet service,No internet service,No internet service,No internet service,No internet service,No internet service,Month-to-month,Yes,Electronic check,32.33,1398.71,No
8242-VQUO,Male,1,No,No,45,Yes,Yes,Fiber optic,No,Yes,No,No,No,Yes,Month-to-month,Yes,Mailed check,85.2,3611.87,No
3160-FZYV,Female,0,No,Yes,22,Yes,Yes,DSL,No,No,No,No,Yes,Yes,Month-to-month,No,Bank transfer (automatic),72.83,1411.54,No
4147-SXPT,Female,0,Yes,No,51,Yes,Yes,Fiber optic,Yes,No,No,Yes,No,Yes,Month-to-month,Yes,Mailed check,97.84,5213.55,No
5743-PJEE,Male,0,Yes,No,31,No,No phone service,Fiber optic,No,No,No,No,No,Yes,Month-to-month,No,Mailed check,67.1,1928.06,Yes
7136-IAUH,Male,1,No,No,28,Yes,No,DSL,No,Yes,Yes,Yes,No,No,One year,Yes,Credit card (automatic),69.02,1781.82,No
2413-WNDB,Female,1,Yes,No,59,Yes,No,DSL,No,No,No,Yes,No,Yes,One year,No,Mailed check,63.19,3445.14,No
4090-EABV,Male,0,Yes,No,38,Yes,Yes,DSL,No,Yes,Yes,No,Yes,No,Month-to-month,Yes,Electronic check,72.0,2707.46,No
6765-DMPL,Male,0,No,No,53,Yes,No,Fiber optic,Yes,No,No,Yes,No,No,Two year,Yes,Electronic check,79.61,4163.84,No
7936-MIPJ,Male,0,No,No,60,Yes,No,Fiber optic,Yes,Yes,Yes,No,No,No,One year,No,Credit card (automatic),87.47,5043.7,No
7292-HFJO,Female,0,No,No,6,Yes,Yes,DSL,No,No,Yes,No,No,Yes,Month-to-month,Yes,Mailed check,70.54,429.64,No
5934-TZVS,Male,0,No,No,64,Yes,Yes,Fiber optic,Yes,Yes,No,Yes,No,Yes,Two year,Yes,Bank transfer (automatic),99.96,6283.83,No
3672-SJRZ,Female,1,Yes,No,15,Yes,No,Fiber optic,Yes,Yes,No,No,No,Yes,Month-to-month,Yes,Bank transfer (automatic),77.82,1087.12,Yes
8076-HHGB,Male,0,Yes,Yes,60,Yes,Yes,Fiber optic,Yes,No,No,No,Yes,No,Two year,No,Electronic check,86.61,4842.77,No
1958-WXHU,Female,0,No,No,18,Yes,No,No,No internet service,No internet service,No internet service,No internet service,No internet service,No internet service,One year,No,Electronic check,21.09,370.61,No
6068-MTQP,Male,0,No,No,40,Yes,No,DSL,No,Yes,No,Yes,No,No,Month-to-month,Yes,Credit card (automatic),59.49,2349.47,No
9184-NONB,Male,0,Yes,No,37,Yes,No,Fiber optic,Yes,No,Yes,No,Yes,No,Month-to-month,No,Bank transfer (automatic),83.04,3151.84,No
8560-SXSQ,Male,0,No,No,47,Yes,Yes,Fiber optic,No,Yes,No,No,No,No,Two year,Yes,Bank transfer (automatic),79.17,3628.03,No
4943-UAYW,Male,0,No,Yes,27,Yes,No,Fiber optic,Yes,Yes,Yes,No,No,Yes,Month-to-month,Yes,Bank transfer (automatic),95.41,2600.1,No
1412-AKPG,Male,0,Yes,Yes,39,Yes,No,Fiber optic,No,No,No,Yes,Yes,No,One year,Yes,Electronic check,85.07,3207.62,No
8046-HQVD,Male,1,Yes,No,39,No,No phone service,No,No internet service,No internet service,No internet service,No internet service,No internet service,No internet service,Month-to-month,Yes,Electronic check,18.12,710.69,Yes
7534-LVQD,Female,0,Yes,No,54,Yes,Yes,No,No internet service,No internet service,No internet service,No internet service,No internet service,No internet service,Month-to-month,No,Electronic check,26.23,1485.55,No
8043-URBU,Female,0,Yes,No,20,Yes,No,Fiber optic,No,No,Yes,No,No,Yes,Month-to-month,No,Electronic check,76.9,1466.97,Yes
1360-WTTE,Male,0,No,No,2,Yes,No,Fiber optic,No,No,No,No,Yes,Yes,Two year,No,Bank transfer (automatic),85.09,171.86,No
8228-RPWQ,Male,0,Yes,No,58,Yes,No,Fiber optic,Yes,No,Yes,No,No,No,Month-to-month,Yes,Credit card (automatic),75.56,4350.42,No
9167-LGIC,Female,1,No,Yes,60,No,No phone service,No,No internet service,No internet service,No internet service,No internet service,No internet service,No internet service,Month-to-month,Yes,Credit card (automatic),18.26,1048.23,No
3708-AWSC,Female,0,No,No,39,Yes,Yes,Fiber optic,Yes,Yes,No,No,No,Yes,One year,Yes,Mailed check,93.6,3490.05,No
8834-VPIU,Male,1,Yes,Yes,0,Yes,Yes,Fiber optic,No,Yes,Yes,No,No,No,Month-to-month,Yes,Bank transfer (automatic),83.01,,No
4779-DWIY,Male,0,No,No,61,Yes,No,DSL,No,No,Yes,No,No,No,Month-to-month,No,Bank transfer (automatic),60.46,3582.07,No
6032-GIVE,Male,0,Yes,Yes,21,Yes,No,No,No internet service,No internet service,No internet service,No internet service,No internet service,No internet service,Two year,Yes,Bank transfer (automatic),18.0,360.22,No
8237-YYXI,Female,0,No,No,13,Yes,No,DSL,No,No,No,No,Yes,No,Month-to-month,Yes,Electronic check,62.86,748.12,Yes
6397-BMHI,Female,1,No,Yes,24,No,No phone service,Fiber optic,No,No,No,Yes,No,No,Month-to-month,Yes,Electronic check,67.79,1607.91,Yes
8377-GXDM,Female,1,Yes,No,54,Yes,Yes,DSL,No,No,Yes,No,No,No,Month-to-month,Yes,Credit card (automatic),59.45,3313.77,Yes
8767-IPSG,Male,0,Yes,Yes,38,Yes,No,DSL,Yes,Yes,No,No,Yes,No,One year,No,Mailed check,64.42,2373.27,No
5104-RYMX,Male,0,Yes,No,23,Yes,Yes,DSL,Yes,Yes,No,No,No,No,One year,Yes,Mailed check,61.71,1396.28,No
4998-IVDW,Male,0,No,No,68,Yes,No,DSL,No,No,No,Yes,Yes,No,One year,Yes,Mailed check,68.11,4645.38,No
3324-YHDQ,Male,0,No,No,46,Yes,Yes,Fiber optic,No,Yes,Yes,No,No,No,Month-to-month,No,Mailed check,86.43,3472.57,Yes
8207-XUJV,Female,0,No,No,40,Yes,No,DSL,Yes,No,No,Yes,Yes,No,One year,No,Bank transfer (automatic),63.2,2508.7,No
6070-FOUT,Male,1,Yes,No,55,Yes,Yes,No,No internet service,No internet service,No internet service,No internet service,No internet service,No internet service,Month-to-month,No,Electronic check,30.87,1704.13,No
9136-WWKV,Female,0,Yes,No,33,Yes,No,Fiber optic,Yes,Yes,Yes,Yes,Yes,Yes,Two year,No,Electronic check,105.41,3109.91,No
1793-MXQS,Male,0,Yes,No,37,Yes,No,DSL,No,No,No,No,Yes,No,Month-to-month,No,Electronic check,62.0,2224.1,No
3914-FKNT,Male,0,Yes,No,39,Yes,Yes,Fiber optic,No,Yes,Yes,No,No,No,One year,Yes,Credit card (automatic),86.57,3345.35,No
3471-ZSXX,Male,0,No,No,62,Yes,No,No,No internet service,No internet service,No internet service,No internet service,No internet service,No internet service,Month-to-month,No,Electronic check,31.22,1961.8,No
1877-NEIN,Female,1,No,No,69,Yes,Yes,Fiber optic,No,Yes,Yes,No,No,No,Month-to-month,No,Electronic check,85.76,5760.39,Yes
4881-QEBZ,Male,0,Yes,Yes,59,Yes,No,Fiber optic,Yes,Yes,Yes,Yes,No,Yes,Month-to-month,No,Bank transfer (automatic),102.2,6228.97,No
1882-VELL,Female,0,Yes,No,6,Yes,No,Fiber optic,Yes,No,No,No,No,No,Two year,Yes,Electronic check,77.25,468.21,No
2909-KNBJ,Male,0,No,No,8,Yes,Yes,No,No internet service,No internet service,No internet service,No internet service,No internet service,No internet service,Two year,Yes,Mailed check,25.39,174.61,No
5654-WRRN,Male,1,No,Yes,54,Yes,No,DSL,No,No,No,No,Yes,Yes,One year,Yes,Bank transfer (automatic),68.72,3444.09,No
3204-LZBA,Male,0,No,No,40,Yes,No,No,No internet service,No internet service,No internet service,No internet service,No internet service,No internet service,Month-to-month,No,Bank transfer (automatic),26.89,953.88,No
3520-KZSR,Male,0,No,No,38,Yes,Yes,DSL,No,Yes,No,No,No,No,Month-to-month,Yes,Credit card (automatic),56.12,1921.55,Yes
1338-NHVJ,Male,0,No,Yes,38,Yes,No,DSL,No,Yes,Yes,No,No,Yes,Month-to-month,No,Electronic check,65.55,2327.51,Yes
6715-ZISX,Male,0,No,No,59,Yes,No,Fiber optic,No,Yes,Yes,No,Yes,Yes,Month-to-month,No,Electronic check,94.92,5486.27,Yes
7185-GZMQ,Female,0,No,No,31,Yes,No,DSL,Yes,Yes,No,Yes,Yes,Yes,Month-to-month,No,Electronic check,81.86,2507.1,No
3307-AQVE,Male,0,No,No,23,Yes,Yes,DSL,No,Yes,No,No,No,No,Month-to-month,Yes,Electronic check,54.31,1275.22,No
8806-FKIK,Female,0,Yes,Yes,62,Yes,Yes,Fiber optic,No,No,Yes,No,Yes,Yes,Two year,No,Bank transfer (automatic),101.77,6386.91,No
7698-BGHI,Female,0,Yes,No,32,Yes,No,No,No internet service,No internet service,No internet service,No internet service,No internet service,No internet service,One year,Yes,Mailed check,27.72,892.14,No
8078-TPQY,Male,1,No,No,17,Yes,Yes,Fiber optic,No,No,No,No,Yes,Yes,Month-to-month,No,Electronic check,91.0,1460.09,Yes
8474-OVCS,Female,0,Yes,No,60,Yes,No,Fiber optic,No,No,Yes,No,Yes,No,Two year,No,Bank transfer (automatic),82.49,4618.55,No
5003-PPTM,Female,0,Yes,No,58,Yes,Yes,Fiber optic,No,Yes,Yes,No,Yes,Yes,Month-to-month,No,Electronic check,102.41,5680.84,Yes
1518-YSSR,Female,0,No,Yes,13,Yes,Yes,DSL,No,No,Yes,Yes,No,Yes,Month-to-month,Yes,Electronic check,69.13,826.52,No
2935-IQXP,Male,0,No,No,52,Yes,Yes,DSL,Yes,No,No,Yes,No,No,Month-to-month,No,Bank transfer (automatic),66.98,3403.21,No
8274-GPUK,Male,1,Yes,No,28,Yes,Yes,No,No internet service,No internet service,No internet service,No internet service,No internet service,No internet service,Two year,Yes,Credit card (automatic),29.83,753.08,No
1620-FGGD,Female,1,Yes,Yes,16,Yes,Yes,No,No internet service,No internet service,No internet service,No internet service,No internet service,No internet service,Two year,Yes,Credit card (automatic),32.23,527.09,No
3638-MQRX,Male,0,Yes,Yes,21,Yes,Yes,DSL,No,Yes,Yes,No,Yes,Yes,Two year,Yes,Bank transfer (automatic),78.89,1538.21,No
9482-UOQC,Female,0,No,No,60,No,No phone service,No,No internet service,No internet service,No internet service,No internet service,No internet service,No internet service,Month-to-month,Yes,Mailed check,18.0,1055.25,No
6471-ABYO,Male,0,No,Yes,62,Yes,No,Fiber optic,No,No,Yes,Yes,Yes,Yes,Two year,Yes,Bank transfer (automatic),98.27,5996.81,No
2468-UMKW,Female,0,Yes,No,12,Yes,No,Fiber optic,No,Yes,No,No,No,Yes,Month-to-month,No,Bank transfer (automatic),88.0,1036.28,Yes
9715-WOTA,Female,0,Yes,No,27,No,No phone service,Fiber optic,No,No,No,No,No,Yes,Month-to-month,No,Bank transfer (automatic),77.73,2069.71,Yes
7622-XVXO,Male,0,No,No,44,Yes,Yes,Fiber optic,No,No,No,Yes,No,No,Month-to-month,Yes,Mailed check,86.06,3626.59,No
2837-GPLW,Male,0,No,Yes,1,Yes,No,DSL,Yes,Yes,No,Yes,No,Yes,Month-to-month,No,Credit card (automatic),73.66,68.18,Yes
9974-UPSN,Male,0,No,Yes,64,Yes,Yes,Fiber optic,No,No,No,Yes,Yes,Yes,Two year,No,Electronic check,102.39,6174.47,No
9465-NQQI,Female,1,No,No,10,Yes,No,No,No internet service,No internet service,No internet service,No internet service,No internet service,No internet service,Month-to-month,No,Credit card (automatic),26.57,241.98,No
6183-CULT,Male,0,Yes,No,19,Yes,Yes,Fiber optic,Yes,Yes,No,Yes,Yes,No,Month-to-month,Yes,Mailed check,110.38,1965.45,No
6504-MUJG,Male,0,No,No,45,Yes,Yes,DSL,Yes,No,No,No,Yes,Yes,Month-to-month,Yes,Mailed check,76.35,3301.11,No
6603-REZA,Female,0,No,Yes,1,Yes,Yes,No,No internet service,No internet service,No internet service,No internet service,No internet service,No internet service,Month-to-month,No,Electronic check,30.04,28.24,No
9679-UZZX,Male,0,Yes,No,27,No,No phone service,Fiber optic,No,No,No,Yes,Yes,No,Month-to-month,Yes,Mailed check,83.08,2202.42,No
8760-JFHQ,Female,0,No,Yes,50,Yes,No,DSL,No,No,No,No,Yes,Yes,Two year,Yes,Bank transfer (automatic),64.61,2927.08,No
7199-OAMP,Female,0,Yes,No,49,Yes,No,No,No internet service,No internet service,No internet service,No internet service,No internet service,No internet service,One year,Yes,Credit card (automatic),24.27,1198.61,No
3761-CJUM,Female,0,Yes,No,67,Yes,No,Fiber optic,Yes,Yes,No,No,No,Yes,Two year,No,Electronic check,89.62,5922.51,No
8499-ZGZN,Male,0,Yes,Yes,2,Yes,No,DSL,No,No,Yes,No,No,Yes,Month-to-month,Yes,Credit card (automatic),62.49,117.74,Yes
9007-CCOF,Female,1,No,Yes,33,Yes,No,Fiber optic,No,No,No,No,Yes,No,Month-to-month,Yes,Electronic check,72.91,2293.59,Yes
9311-CMUN,Female,0,Yes,No,31,No,No phone service,Fiber optic,Yes,No,No,No,Yes,Yes,One year,No,Electronic check,82.08,2309.05,No
5944-WRUC,Male,0,No,Yes,33,Yes,Yes,No,No internet service,No internet service,No internet service,No internet service,No internet service,No internet service,Month-to-month,Yes,Electronic check,36.41,1130.46,No
2002-YJCX,Male,0,Yes,Yes,8,Yes,Yes,DSL,Yes,No,No,No,No,No,Month-to-month,Yes,Electronic check,54.19,435.31,No
7068-HZJG,Male,1,Yes,Yes,9,Yes,No,Fiber optic,No,No,No,Yes,Yes,Yes,Two year,Yes,Bank transfer (automatic),96.71,908.68,No
4159-GVKD,Male,0,Yes,No,68,Yes,No,Fiber optic,Yes,No,Yes,Yes,No,No,Month-to-month,No,Electronic check,83.2,5006.54,No
8247-BWGQ,Male,0,Yes,No,44,No,No phone service,Fiber optic,No,No,Yes,No,No,No,Two year,Yes,Bank transfer (automatic),67.6,3154.37,No
8917-YAIN,Female,0,No,No,50,No,No phone service,No,No internet service,No internet service,No internet service,No internet service,No internet service,No internet service,Two year,Yes,Electronic check,19.34,916.42,No
6788-HLJG,Female,0,No,Yes,64,Yes,No,Fiber optic,No,Yes,No,No,Yes,No,Month-to-month,No,Credit card (automatic),79.74,4531.11,No
3084-FQTH,Male,0,No,Yes,17,Yes,No,No,No internet service,No internet service,No internet service,No internet service,No internet service,No internet service,Two year,Yes,Mailed check,32.65,524.69,No
7747-YBKP,Male,0,No,No,35,Yes,Yes,No,No internet service,No internet service,No internet service,No internet service,No internet service,No internet service,Month-to-month,Yes,Bank transfer (automatic),22.27,780.06,No
8257-UTFI,Female,0,No,No,31,Yes,No,DSL,No,No,Yes,No,Yes,No,Two year,Yes,Mailed check,62.9,1794.46,No
7823-BNCG,Female,0,Yes,No,10,Yes,No,Fiber optic,No,Yes,Yes,Yes,No,No,Month-to-month,No,Credit card (automatic),82.16,797.61,Yes
2528-KKFW,Male,0,No,Yes,47,No,No phone service,Fiber optic,No,No,No,No,No,Yes,Two year,Yes,Credit card (automatic),75.08,3314.46,No
1329-AQLB,Male,0,No,No,52,Yes,No,DSL,No,Yes,Yes,No,Yes,Yes,Month-to-month,Yes,Credit card (automatic),79.28,3961.74,No
5752-LDGN,Female,0,Yes,No,28,No,No phone service,Fiber optic,No,No,Yes,No,Yes,Yes,Month-to-month,No,Electronic check,84.2,2321.97,No
6256-GPVE,Female,0,No,No,6,Yes,Yes,DSL,No,No,No,No,No,Yes,Two year,Yes,Credit card (automatic),62.2,344.63,Yes
5834-UKYP,Female,1,Yes,No,13,No,No phone service,Fiber optic,Yes,No,Yes,No,Yes,No,One year,No,Electronic check,80.87,1004.37,No
1705-SDVO,Male,0,No,Yes,53,Yes,Yes,No,No internet service,No internet service,No internet service,No internet service,No internet service,No internet service,Two year,Yes,Electronic check,30.04,1507.54,No
5570-GUFT,Female,0,Yes,No,46,Yes,Yes,Fiber optic,Yes,No,Yes,No,Yes,Yes,Month-to-month,No,Credit card (automatic),105.44,4616.51,No
3651-KMCX,Female,0,No,Yes,0,Yes,Yes,DSL,No,Yes,No,Yes,No,Yes,Month-to-month,No,Credit card (automatic),68.81,,No
7442-OWGN,Male,0,Yes,No,17,Yes,No,No,No internet service,No internet service,No internet service,No internet service,No internet service,No internet service,Month-to-month,Yes,Electronic check,26.55,450.51,No
2672-BHQI,Male,0,Yes,No,13,No,No phone service,DSL,No,No,No,Yes,No,No,Month-to-month,Yes,Bank transfer (automatic),44.92,573.32,No
6309-UHCS,Male,0,No,No,36,Yes,No,Fiber optic,No,Yes,No,Yes,No,No,Two year,Yes,Bank transfer (automatic),83.64,2979.31,No
2390-QGZB,Female,0,Yes,Yes,66,Yes,No,Fiber optic,No,No,Yes,Yes,Yes,No,One year,Yes,Credit card (automatic),85.64,5510.79,No
5549-XZNF,Male,0,No,No,28,Yes,No,DSL,Yes,No,Yes,Yes,Yes,Yes,Month-to-month,Yes,Credit card (automatic),71.43,1966.6,No
1847-BJYW,Female,1,No,No,29,Yes,No,Fiber optic,No,No,Yes,No,No,No,Month-to-month,No,Electronic check,84.0,2229.14,Yes
8503-WYYQ,Female,0,Yes,Yes,30,Yes,Yes,Fiber optic,Yes,No,No,No,Yes,No,Two year,Yes,Electronic check,91.94,2891.99,No
2291-ZYPH,Female,0,No,Yes,34,Yes,No,No,No internet service,No internet service,No internet service,No internet service,No internet service,No internet service,Two year,Yes,Mailed check,24.49,772.36,No
4698-DBGO,Male,0,No,Yes,42,Yes,No,Fiber optic,Yes,No,Yes,No,No,No,Month-to-month,Yes,Bank transfer (automatic),88.56,3743.95,No
8581-UXLN,Female,0,Yes,Yes,21,Yes,No,DSL,No,No,No,No,Yes,No,Two year,No,Mailed check,50.51,1041.76,No
2175-PGZH,Female,0,No,Yes,25,Yes,Yes,DSL,No,Yes,Yes,Yes,Yes,Yes,Two year,Yes,Mailed check,85.38,1875.07,No
5018-QECY,Female,1,Yes,Yes,27,Yes,No,Fiber optic,No,No,No,No,Yes,No,Month-to-month,No,Electronic check,84.32,2325.33,Yes
9404-ZJPR,Female,0,Yes,Yes,0,Yes,Yes,Fiber optic,No,Yes,No,No,No,No,Month-to-month,Yes,Credit card (automatic),75.01,,No
3697-BIPG,Female,0,Yes,No,2,Yes,Yes,Fiber optic,Yes,Yes,No,No,Yes,Yes,Two year,Yes,Electronic check,97.05,186.6,No
2378-DWWC,Female,0,No,No,63,Yes,No,No,No internet service,No internet service,No internet service,No internet service,No internet service,No internet service,Month-to-month,Yes,Credit card (automatic),24.76,1647.92,No
5375-DGVF,Male,0,Yes,No,30,Yes,No,DSL,No,Yes,Yes,Yes,Yes,Yes,Two year,No,Electronic check,67.51,2075.04,No
2594-CSWA,Male,0,No,No,50,Yes,No,Fiber optic,No,Yes,Yes,No,Yes,Yes,Two year,Yes,Mailed check,98.86,5177.13,No
7138-UGYY,Male,0,No,No,24,Yes,No,No,No internet service,No internet service,No internet service,No internet service,No internet service,No internet service,Month-to-month,Yes,Credit card (automatic),19.15,437.85,No
6916-OOAD,Male,0,No,No,43,Yes,No,Fiber optic,No,Yes,No,No,No,No,Two year,No,Mailed check,72.55,2880.92,No
5661-XELO,Female,0,Yes,No,30,Yes,Yes,Fiber optic,Yes,No,No,No,Yes,Yes,Month-to-month,Yes,Electronic check,96.47,2906.81,No
2044-NRTS,Male,0,No,No,49,Yes,No,Fiber optic,No,Yes,Yes,No,No,Yes,Month-to-month,Yes,Bank transfer (automatic),88.35,4022.06,Yes
6989-OAYQ,Male,0,Yes,No,26,Yes,No,DSL,No,Yes,No,Yes,Yes,Yes,Month-to-month,Yes,Electronic check,80.75,2077.4,Yes
6913-LCYX,Male,0,Yes,No,49,Yes,No,DSL,Yes,Yes,Yes,No,No,Yes,Month-to-month,Yes,Credit card (automatic),69.99,3317.48,No
5143-JXQO,Male,0,Yes,No,8,Yes,No,DSL,No,No,Yes,No,No,No,Month-to-month,No,Credit card (automatic),50.45,362.11,No
5301-DLEE,Female,0,No,No,2,No,No phone service,No,No internet service,No internet service,No internet service,No internet service,No internet service,No internet service,Month-to-month,Yes,Bank transfer (automatic),18.0,35.44,No
3015-ALJE,Male,0,No,No,58,Yes,Yes,No,No internet service,No internet service,No internet service,No internet service,No internet service,No internet service,Month-to-month,Yes,Credit card (automatic),27.83,1575.55,Yes
2676-RSYV,Female,0,Yes,No,54,Yes,Yes,Fiber optic,No,No,Yes,No,Yes,No,Two year,Yes,Mailed check,90.85,4562.19,No
3039-OWAI,Male,1,No,No,0,Yes,No,DSL,No,Yes,Yes,Yes,Yes,Yes,Month-to-month,Yes,Credit card (automatic),74.5,,Yes
7018-ZZQS,Male,0,No,Yes,16,Yes,Yes,Fiber optic,Yes,No,Yes,Yes,Yes,No,Month-to-month,Yes,Electronic check,103.49,1566.23,Yes
4312-MTED,Female,0,No,No,33,Yes,Yes,No,No internet service,No internet service,No internet service,No internet service,No internet service,No internet service,Month-to-month,Yes,Electronic check,29.43,967.35,No
5101-UCIJ,Female,0,No,No,36,Yes,No,Fiber optic,No,Yes,Yes,Yes,Yes,No,Month-to-month,Yes,Electronic check,82.71,2828.36,No
9941-YRPQ,Male,0,Yes,No,52,Yes,Yes,Fiber optic,No,No,No,Yes,Yes,Yes,Month-to-month,No,Bank transfer (automatic),91.7,4424.08,No
2499-SEQZ,Female,0,Yes,No,19,Yes,No,Fiber optic,No,No,Yes,No,No,Yes,Two year,No,Electronic check,87.44,1547.5,No
9211-NZUM,Male,0,Yes,No,63,Yes,Yes,Fiber optic,No,No,No,No,No,No,Month-to-month,Yes,Electronic check,82.23,5100.53,No
8549-KGST,Female,0,Yes,Yes,2,Yes,No,No,No internet service,No internet service,No internet service,No internet service,No internet service,No internet service,Month-to-month,No,Electronic check,22.94,44.48,No
8238-HJBL,Female,0,No,No,7,Yes,No,DSL,No,Yes,Yes,No,No,No,Month-to-month,No,Bank transfer (automatic),61.11,402.23,Yes
2433-ESYC,Male,1,No,No,28,Yes,Yes,DSL,No,No,Yes,Yes,Yes,Yes,Two year,No,Electronic check,75.73,2162.34,No
1213-DWSL,Male,0,No,No,52,Yes,No,DSL,No,No,Yes,Yes,Yes,Yes,One year,Yes,Electronic check,76.47,3782.19,No
6913-TXVT,Male,0,Yes,No,30,Yes,Yes,Fiber optic,No,Yes,Yes,No,Yes,Yes,Month-to-month,No,Bank transfer (automatic),106.13,3260.21,Yes
7882-QFZC,Female,0,Yes,Yes,20,Yes,No,Fiber optic,Yes,No,Yes,Yes,Yes,Yes,Month-to-month,Yes,Credit card (automatic),105.89,1916.92,Yes
1624-NZIO,Male,0,No,No,40,Yes,No,DSL,Yes,Yes,No,No,No,Yes,Month-to-month,No,Electronic check,64.69,2426.96,No
5974-YQIM,Male,0,No,No,21,Yes,No,DSL,No,No,Yes,No,Yes,No,Two year,No,Credit card (automatic),58.17,1137.37,No
7103-OYIE,Female,0,Yes,No,10,Yes,No,DSL,No,No,No,No,No,Yes,Month-to-month,Yes,Credit card (automatic),52.99,495.43,No
9574-NMSN,Male,0,No,Yes,21,Yes,No,DSL,Yes,No,Yes,Yes,No,Yes,Two year,Yes,Bank transfer (automatic),72.73,1460.61,No
4894-NHMI,Female,1,No,Yes,57,Yes,Yes,Fiber optic,No,No,Yes,No,No,No,One year,Yes,Bank transfer (automatic),83.21,4355.91,No
3926-VHHQ,Female,0,No,Yes,19,Yes,Yes,DSL,No,No,No,No,No,No,Two year,Yes,Credit card (automatic),57.17,1066.71,No
5669-BRQS,Female,1,Yes,Yes,56,Yes,No,DSL,No,Yes,Yes,Yes,Yes,Yes,Two year,Yes,Electronic check,77.98,3821.89,No
7545-DUPP,Male,0,No,No,11,Yes,Yes,Fiber optic,No,No,No,No,No,No,Month-to-month,No,Credit card (automatic),70.08,767.16,Yes
5405-SSUR,Female,0,Yes,No,25,Yes,Yes,Fiber optic,Yes,Yes,No,Yes,No,Yes,Two year,No,Bank transfer (automatic),100.61,2515.89,No
3281-QMZN,Female,0,Yes,Yes,55,Yes,No,Fiber optic,No,Yes,Yes,No,No,No,Month-to-month,No,Mailed check,80.58,4197.26,No
4861-PVBF,Female,0,Yes,Yes,20,Yes,No,Fiber optic,No,Yes,Yes,No,No,Yes,Two year,No,Mailed check,90.91,1748.78,No
1250-YEMD,Male,0,Yes,No,19,Yes,No,DSL,No,Yes,No,No,No,Yes,Month-to-month,No,Mailed check,57.55,1000.06,Yes
1101-KQLO,Male,0,Yes,Yes,31,Yes,No,DSL,No,Yes,No,No,Yes,No,Month-to-month,Yes,Credit card (automatic),63.5,1986.24,No
5527-PUYS,Female,0,Yes,Yes,17,Yes,Yes,Fiber optic,No,Yes,Yes,No,Yes,Yes,Month-to-month,Yes,Credit card (automatic),95.65,1547.71,Yes
3979-TVPK,Male,0,Yes,Yes,22,Yes,No,DSL,Yes,No,No,No,No,No,Month-to-month,Yes,Credit card (automatic),53.36,1147.18,No
5717-DOMU,Male,0,No,Yes,24,Yes,Yes,Fiber optic,Yes,No,No,No,No,Yes,One year,No,Bank transfer (automatic),86.73,1969.91,No
2544-EQSG,Female,1,No,No,35,Yes,Yes,DSL,Yes,No,No,Yes,Yes,No,One year,No,Mailed check,73.03,2298.51,No
2897-YBJX,Male,0,No,Yes,54,No,No phone service,Fiber optic,Yes,Yes,Yes,Yes,No,Yes,Two year,No,Credit card (automatic),91.01,4955.05,No
7013-RMLA,Female,0,Yes,No,11,Yes,No,No,No internet service,No internet service,No internet service,No internet service,No internet service,No internet service,Two year,Yes,Mailed check,27.27,297.14,No
1331-CSGC,Male,0,Yes,Yes,36,Yes,Yes,DSL,No,Yes,Yes,No,Yes,Yes,One year,No,Mailed check,79.37,2928.76,No
5654-TSXF,Female,0,Yes,No,34,Yes,No,No,No internet service,No internet service,No internet service,No internet service,No internet service,No internet service,Month-to-month,Yes,Credit card (automatic),23.89,767.97,No
8912-MMGR,Male,0,No,No,28,Yes,No,DSL,No,Yes,No,No,Yes,Yes,Two year,Yes,Credit card (automatic),71.1,1916.83,No
6712-RISN,Male,0,No,No,47,Yes,Yes,DSL,Yes,Yes,Yes,No,No,Yes,Two year,No,Credit card (automatic),77.51,3393.01,No
6685-TJNP,Female,0,No,No,39,Yes,No,Fiber optic,No,No,Yes,Yes,Yes,No,Month-to-month,Yes,Credit card (automatic),84.47,3381.25,Yes
2558-IYCX,Male,0,Yes,Yes,1,Yes,Yes,Fiber optic,No,Yes,Yes,Yes,No,Yes,Month-to-month,No,Bank transfer (automatic),102.32,100.02,Yes
4786-FJRN,Female,0,No,No,53,Yes,Yes,Fiber optic,No,No,No,Yes,Yes,Yes,One year,Yes,Electronic check,94.78,4973.53,No
5413-OONH,Female,0,No,No,60,Yes,Yes,No,No internet service,No internet service,No internet service,No internet service,No internet service,No internet service,Month-to-month,Yes,Mailed check,33.49,2021.36,No
1067-LNUR,Male,1,Yes,No,47,Yes,Yes,DSL,No,No,No,No,No,No,Month-to-month,Yes,Mailed check,49.9,2233.1,No
7503-KVVM,Female,0,Yes,No,55,Yes,Yes,No,No internet service,No internet service,No internet service,No internet service,No internet service,No internet service,Two year,Yes,Bank transfer (automatic),31.66,1704.55,No
4990-MPBD,Male,0,Yes,No,31,Yes,Yes,DSL,Yes,No,No,Yes,No,No,Month-to-month,Yes,Mailed check,61.93,1939.78,No
8578-MNDR,Female,0,Yes,No,41,Yes,Yes,No,No internet service,No internet service,No internet service,No internet service,No internet service,No internet service,Two year,No,Mailed check,33.76,1289.14,No
9334-PVJA,Female,0,No,No,16,No,No phone service,Fiber optic,Yes,Yes,No,No,No,Yes,Month-to-month,Yes,Mailed check,75.09,1187.66,Yes
7280-TCJB,Male,0,Yes,No,28,Yes,Yes,Fiber optic,Yes,Yes,No,No,No,Yes,Month-to-month,Yes,Electronic check,91.55,2547.81,Yes
2269-DADH,Female,0,No,No,24,Yes,No,Fiber optic,Yes,Yes,Yes,Yes,Yes,No,One year,No,Bank transfer (automatic),98.88,2383.97,No
3702-TDQF,Female,1,No,No,54,Yes,Yes,DSL,No,Yes,No,No,No,Yes,Month-to-month,Yes,Electronic check,66.93,3428.85,Yes
4658-JJZX,Female,0,No,Yes,55,Yes,No,DSL,Yes,No,No,No,Yes,Yes,Two year,No,Electronic check,69.58,3745.1,No
3704-HJVF,Female,0,Yes,No,4,Yes,No,DSL,No,No,No,No,No,No,Two year,Yes,Bank transfer (automatic),49.75,196.79,No
8415-ZIAC,Female,0,Yes,Yes,34,Yes,Yes,No,No internet service,No internet service,No internet service,No internet service,No internet service,No internet service,Month-to-month,Yes,Bank transfer (automatic),28.5,924.9,No
4838-XMRD,Male,0,No,No,16,Yes,No,Fiber optic,No,Yes,No,Yes,No,Yes,One year,Yes,Credit card (automatic),96.5,1614.15,No
3161-FBEQ,Male,0,Yes,No,55,Yes,No,Fiber optic,Yes,No,No,No,Yes,No,Month-to-month,No,Bank transfer (automatic),83.67,4235.27,Yes
8688-JYPB,Male,1,No,No,39,Yes,No,Fiber optic,No,Yes,Yes,Yes,No,No,One year,No,Mailed check,89.22,3486.15,Yes
3505-IPNJ,Male,0,No,Yes,15,Yes,Yes,No,No internet service,No internet service,No internet service,No internet service,No internet service,No internet service,Month-to-month,Yes,Credit card (automatic),31.05,436.73,No
3695-VAJL,Male,0,Yes,No,45,Yes,No,DSL,No,Yes,Yes,No,Yes,Yes,Month-to-month,No,Electronic check,73.53,3045.25,No
7119-UTBP,Female,0,No,No,55,Yes,No,Fiber optic,No,No,No,No,Yes,Yes,One year,No,Credit card (automatic),84.68,4486.45,No
7449-LUNZ,Male,0,No,No,16,Yes,No,Fiber optic,Yes,Yes,No,Yes,No,Yes,Month-to-month,No,Mailed check,103.51,1613.86,No
9285-URBN,Male,0,Yes,Yes,55,Yes,No,No,No internet service,No internet service,No internet service,No internet service,No internet service,No internet service,Month-to-month,Yes,Electronic check,22.88,1103.79,No
7446-SVLY,Male,0,Yes,Yes,11,No,No phone service,DSL,Yes,Yes,Yes,No,No,No,One year,Yes,Electronic check,58.8,596.78,No
3535-XMZU,Male,0,Yes,No,9,Yes,No,Fiber optic,Yes,Yes,No,No,Yes,Yes,Month-to-month,Yes,Electronic check,91.39,764.24,No
5393-NEHM,Male,0,Yes,No,14,No,No phone service,DSL,Yes,Yes,Yes,No,No,Yes,One year,Yes,Mailed check,68.14,925.08,No
8941-WGTP,Female,0,No,No,3,Yes,No,Fiber optic,No,Yes,No,No,Yes,No,Month-to-month,No,Mailed check,85.69,249.73,Yes
3634-AMIY,Female,0,Yes,No,59,Yes,No,DSL,No,No,Yes,Yes,No,Yes,Month-to-month,No,Credit card (automatic),68.93,3789.82,Yes
5517-JDHC,Male,0,Yes,No,13,No,No phone service,No,No internet service,No internet service,No internet service,No internet service,No internet service,No internet service,Two year,No,Electronic check,18.0,232.04,No
2181-GLPF,Male,1,Yes,No,14,Yes,No,Fiber optic,Yes,No,No,Yes,No,Yes,Two year,Yes,Credit card (automatic),90.49,1255.55,No
8987-HNKL,Female,0,No,No,65,Yes,Yes,No,No internet service,No internet service,No internet service,No internet service,No internet service,No internet service,One year,No,Electronic check,31.67,1929.27,No
2571-CPZV,Male,1,Yes,Yes,49,Yes,No,No,No internet service,No internet service,No internet service,No internet service,No internet service,No internet service,Month-to-month,No,Credit card (automatic),25.76,1127.54,No
6470-AASN,Male,0,No,No,40,Yes,No,No,No internet service,No internet service,No internet service,No internet service,No internet service,No internet service,One year,No,Mailed check,27.48,1046.98,No
9332-FBIN,Male,0,Yes,No,26,Yes,Yes,No,No internet service,No internet service,No internet service,No internet service,No internet service,No internet service,Month-to-month,Yes,Mailed check,32.5,800.56,No
3543-KFYW,Male,0,No,No,10,Yes,Yes,DSL,Yes,No,Yes,Yes,No,Yes,Month-to-month,No,Bank transfer (automatic),77.71,763.49,No
1987-EIBC,Female,1,No,Yes,44,No,No phone service,DSL,No,Yes,Yes,Yes,Yes,Yes,Two year,Yes,Mailed check,69.32,2867.76,No
8454-VUGQ,Male,0,Yes,Yes,33,Yes,No,DSL,No,No,No,No,No,Yes,Month-to-month,No,Mailed check,60.56,1978.86,No
1036-HJVE,Male,0,Yes,No,11,Yes,Yes,Fiber optic,Yes,Yes,No,Yes,Yes,No,One year,No,Mailed check,106.23,1136.43,Yes
3344-ACTR,Male,0,Yes,No,46,Yes,No,Fiber optic,Yes,Yes,No,Yes,Yes,No,Month-to-month,No,Electronic check,97.88,4294.2,Yes
9005-URNT,Male,0,No,No,14,Yes,Yes,DSL,Yes,Yes,Yes,Yes,No,Yes,Month-to-month,No,Bank transfer (automatic),80.91,1092.36,No
6253-PKHX,Female,1,Yes,Yes,71,Yes,Yes,Fiber optic,No,No,No,No,Yes,Yes,Two year,No,Credit card (automatic),87.08,5689.37,No
6440-TVLV,Male,0,No,Yes,47,No,No phone service,Fiber optic,Yes,Yes,Yes,No,Yes,No,Month-to-month,No,Electronic check,85.19,4066.56,Yes
5464-ZXGN,Female,0,No,Yes,53,No,No phone service,DSL,No,No,Yes,No,No,No,One year,Yes,Electronic check,50.93,2619.14,No
1954-VAOL,Male,1,No,No,1,Yes,No,Fiber optic,No,No,Yes,No,No,Yes,One year,Yes,Bank transfer (automatic),80.06,76.17,Yes
4107-TMYO,Female,0,Yes,No,41,Yes,Yes,Fiber optic,No,Yes,Yes,No,No,No,One year,No,Mailed check,83.33,3259.9,No
6909-OKSA,Female,0,No,Yes,57,Yes,No,No,No internet service,No internet service,No internet service,No internet service,No internet service,No internet service,Two year,Yes,Credit card (automatic),24.5,1507.47,No
3067-OYVZ,Male,0,No,Yes,37,Yes,Yes,DSL,Yes,Yes,Yes,No,Yes,No,Two year,Yes,Credit card (automatic),73.03,2635.83,No
2684-GIRK,Female,0,No,Yes,20,Yes,Yes,Fiber optic,No,Yes,No,No,No,Yes,Month-to-month,No,Credit card (automatic),92.06,1914.82,Yes
7634-BPAX,Male,0,No,Yes,37,Yes,No,DSL,Yes,Yes,No,No,Yes,No,Month-to-month,Yes,Bank transfer (automatic),62.16,2315.32,Yes
2286-KNEP,Male,0,Yes,No,37,Yes,No,No,No internet service,No internet service,No internet service,No internet service,No internet service,No internet service,Month-to-month,Yes,Mailed check,25.73,882.33,No
1694-WHDD,Female,0,No,No,12,No,No phone service,DSL,Yes,No,Yes,No,No,Yes,Month-to-month,No,Electronic check,63.15,719.46,No
7769-CZWZ,Male,0,No,No,28,Yes,Yes,DSL,Yes,Yes,Yes,No,Yes,No,Month-to-month,No,Mailed check,74.37,1954.3,Yes
3451-VFUW,Male,0,Yes,No,16,Yes,Yes,No,No internet service,No internet service,No internet service,No internet service,No internet service,No internet service,Two year,Yes,Electronic check,22.8,367.69,No
9527-BRCA,Male,0,Yes,No,18,Yes,Yes,Fiber optic,Yes,Yes,Yes,Yes,No,No,One year,No,Bank transfer (automatic),96.75,1818.72,Yes
3596-YHWS,Male,0,Yes,No,5,Yes,No,DSL,Yes,No,No,No,Yes,Yes,Two year,Yes,Bank transfer (automatic),78.08,364.98,No
7047-ODYF,Female,0,Yes,No,35,Yes,No,Fiber optic,No,Yes,Yes,Yes,No,Yes,Month-to-month,Yes,Bank transfer (automatic),88.53,2884.45,No
9775-WLMM,Male,0,Yes,Yes,8,Yes,Yes,Fiber optic,No,No,No,No,No,Yes,Two year,Yes,Electronic check,91.16,662.17,No
2765-KHED,Female,0,No,No,55,Yes,No,No,No internet service,No internet service,No internet service,No internet service,No internet service,No internet service,One year,No,Electronic check,30.81,1644.14,No
7614-IKPR,Female,0,No,No,2,Yes,No,Fiber optic,No,Yes,No,No,Yes,Yes,Month-to-month,Yes,Electronic check,87.8,170.39,Yes
2097-KJUB,Female,0,No,No,64,Yes,No,Fiber optic,Yes,Yes,No,Yes,No,Yes,One year,Yes,Credit card (automatic),94.41,6038.89,No
8081-WDVK,Male,0,No,No,24,Yes,No,DSL,Yes,No,Yes,No,No,No,Month-to-month,No,Mailed check,60.97,1248.76,No
6001-LPCZ,Female,1,Yes,Yes,56,Yes,Yes,No,No internet service,No internet service,No internet service,No internet service,No internet service,No internet service,Month-to-month,Yes,Bank transfer (automatic),31.11,1700.46,No
8537-RHCH,Female,0,Yes,No,35,Yes,No,Fiber optic,No,Yes,Yes,No,No,No,Month-to-month,Yes,Bank transfer (automatic),85.44,2997.77,Yes
9281-QNKQ,Female,0,Yes,No,22,Yes,No,No,No internet service,No internet service,No internet service,No internet service,No internet service,No internet service,Two year,Yes,Bank transfer (automatic),28.18,590.1,No
7542-MREZ,Male,0,Yes,No,49,Yes,Yes,Fiber optic,Yes,Yes,No,No,Yes,No,Two year,No,Credit card (automatic),96.3,4252.7,No
9297-VNHN,Female,0,No,No,62,Yes,No,DSL,No,No,No,Yes,No,Yes,One year,No,Mailed check,58.55,3671.03,No
7993-HQXY,Female,0,Yes,No,1,Yes,Yes,Fiber optic,Yes,No,No,Yes,Yes,Yes,Month-to-month,No,Mailed check,96.1,84.11,Yes
4528-VLOC,Female,1,Yes,No,31,No,No phone service,Fiber optic,No,No,Yes,Yes,No,No,One year,Yes,Electronic check,74.82,2195.31,No
1922-YBDP,Male,0,No,Yes,61,Yes,Yes,Fiber optic,No,No,Yes,Yes,No,No,Month-to-month,Yes,Credit card (automatic),88.38,4609.42,No
7510-GNSM,Male,0,No,Yes,20,Yes,Yes,Fiber optic,No,Yes,No,No,Yes,Yes,Month-to-month,Yes,Electronic check,94.28,1796.97,Yes
6058-ZXCX,Female,0,Yes,Yes,4,No,No phone service,No,No internet service,No internet service,No internet service,No internet service,No internet service,No internet service,One year,No,Bank transfer (automatic),23.57,89.28,No
3105-DPFB,Male,0,Yes,No,30,Yes,Yes,No,No internet service,No internet service,No internet service,No internet service,No internet service,No internet service,Month-to-month,No,Bank transfer (automatic),29.38,891.17,No
5950-COSA,Male,0,Yes,No,58,Yes,No,Fiber optic,Yes,Yes,No,No,Yes,Yes,Two year,Yes,Bank transfer (automatic),101.01,5930.41,No
3317-ZSYV,Male,0,No,Yes,23,Yes,Yes,DSL,No,No,Yes,No,Yes,Yes,Month-to-month,Yes,Electronic check,79.95,1669.54,No
3346-BBSK,Male,0,No,Yes,49,Yes,No,Fiber optic,Yes,No,No,No,Yes,Yes,Month-to-month,No,Electronic check,86.94,4149.42,Yes
2726-GYGV,Male,0,No,No,22,Yes,No,Fiber optic,No,No,No,No,Yes,No,Month-to-month,No,Electronic check,85.04,2012.81,Yes
7590-PUCD,Male,0,Yes,No,18,Yes,Yes,Fiber optic,Yes,No,Yes,No,No,Yes,Two year,Yes,Bank transfer (automatic),93.89,1645.68,No
6503-CFYI,Female,0,Yes,No,19,Yes,No,Fiber optic,Yes,Yes,No,No,Yes,No,Month-to-month,Yes,Electronic check,91.96,1695.18,Yes
1767-PCFX,Female,0,Yes,No,18,Yes,No,No,No internet service,No internet service,No internet service,No internet service,No internet service,No internet service,Two year,No,Credit card (automatic),26.13,480.3,No
4837-JZYK,Female,0,No,No,64,Yes,No,DSL,No,Yes,No,Yes,Yes,Yes,Month-to-month,No,Bank transfer (automatic),73.5,4524.65,Yes
5194-HVUH,Female,0,Yes,No,27,Yes,Yes,No,No internet service,No internet service,No internet service,No internet service,No internet service,No internet service,One year,Yes,Mailed check,30.08,791.29,No
7104-BMFL,Female,0,No,Yes,2,Yes,No,Fiber optic,No,Yes,No,Yes,No,No,Month-to-month,No,Electronic check,80.92,163.09,Yes
7734-LMOE,Male,0,No,No,50,Yes,No,DSL,No,No,Yes,Yes,Yes,No,One year,No,Electronic check,61.07,2974.88,No
7834-CCWK,Female,0,Yes,No,36,Yes,No,Fiber optic,No,No,Yes,No,No,Yes,Month-to-month,Yes,Electronic check,82.77,2991.2,Yes
1743-OIJY,Female,1,Yes,Yes,24,Yes,No,No,No internet service,No internet service,No internet service,No internet service,No internet service,No internet service,One year,Yes,Credit card (automatic),27.25,632.68,Yes
3773-MJMD,Male,1,No,Yes,6,Yes,Yes,Fiber optic,No,Yes,Yes,Yes,No,No,One year,No,Electronic check,93.11,560.93,Yes
5993-JVKG,Male,0,Yes,No,55,Yes,No,Fiber optic,No,No,No,No,Yes,Yes,Two year,No,Mailed check,86.07,4391.48,Yes
3874-QRUQ,Female,0,No,No,37,Yes,No,Fiber optic,Yes,Yes,No,Yes,Yes,No,One year,Yes,Electronic check,94.75,3269.57,No
6872-OEWK,Male,0,No,No,18,Yes,Yes,Fiber optic,No,No,Yes,Yes,Yes,Yes,One year,Yes,Electronic check,105.71,1699.05,Yes
2550-ZTYZ,Female,0,No,Yes,2,Yes,No,No,No internet service,No internet service,No internet service,No internet service,No internet service,No internet service,Month-to-month,Yes,Bank transfer (automatic),27.55,54.22,Yes
1046-IUNL,Male,0,Yes,No,1,Yes,No,No,No internet service,No internet service,No internet service,No internet service,No internet service,No internet service,One year,No,Electronic check,32.74,29.3,No
6198-FWJW,Female,0,No,No,43,Yes,Yes,DSL,Yes,No,No,No,Yes,Yes,Two year,Yes,Mailed check,69.26,2819.29,No
6216-FPUJ,Male,0,Yes,No,54,Yes,No,Fiber optic,Yes,No,Yes,No,No,No,One year,No,Credit card (automatic),77.7,4050.01,No
3382-KXJO,Male,0,Yes,No,44,Yes,No,DSL,Yes,Yes,Yes,No,No,No,Two year,Yes,Credit card (automatic),67.3,2867.62,No
5863-KHVX,Male,1,No,No,36,Yes,No,DSL,Yes,Yes,No,No,Yes,No,Two year,Yes,Electronic check,66.32,2319.91,No
6432-UDAD,Male,0,Yes,Yes,0,Yes,No,No,No internet service,No internet service,No internet service,No internet service,No internet service,No internet service,Month-to-month,Yes,Credit card (automatic),24.19,,Yes
4124-EKFW,Female,0,No,No,34,Yes,No,DSL,No,No,No,No,Yes,No,One year,Yes,Mailed check,53.22,1813.87,No
6542-VZSP,Male,1,No,No,24,Yes,Yes,DSL,Yes,Yes,No,Yes,Yes,Yes,One year,No,Mailed check,82.67,1750.82,No
2403-HYNV,Male,0,No,No,3,No,No phone service,DSL,Yes,Yes,No,No,No,Yes,Two year,No,Credit card (automatic),60.93,164.51,No
7194-CQXU,Female,1,No,No,31,Yes,No,Fiber optic,No,No,No,Yes,Yes,No,Month-to-month,Yes,Electronic check,85.5,2424.68,No
9552-VQEL,Male,1,No,Yes,38,No,No phone service,Fiber optic,No,No,Yes,No,No,Yes,Two year,Yes,Electronic check,69.39,2443.51,Yes
2961-VYDD,Male,0,Yes,Yes,37,Yes,No,DSL,No,No,Yes,No,Yes,No,Two year,No,Mailed check,68.16,2369.24,Yes
6018-MVKA,Female,1,Yes,No,56,Yes,No,Fiber optic,No,No,No,No,No,No,Month-to-month,Yes,Mailed check,75.36,4009.31,No
2324-XPJT,Female,0,Yes,No,53,No,No phone service,Fiber optic,No,No,No,No,No,No,One year,Yes,Bank transfer (automatic),67.98,3663.67,No
1627-QJOP,Male,0,Yes,Yes,10,Yes,No,DSL,Yes,Yes,No,Yes,Yes,No,Month-to-month,Yes,Bank transfer (automatic),77.27,736.8,No
3806-LPEC,Female,1,Yes,Yes,65,Yes,No,DSL,No,Yes,Yes,No,No,Yes,Two year,No,Mailed check,67.72,4202.3,No
4668-CRVI,Male,1,No,No,26,Yes,Yes,DSL,No,No,No,No,Yes,Yes,Month-to-month,Yes,Credit card (automatic),65.97,1691.31,No
2972-LROZ,Female,0,Yes,No,14,Yes,Yes,DSL,Yes,No,No,Yes,Yes,Yes,One year,Yes,Mailed check,80.8,1046.24,No
4394-GGBT,Female,0,Yes,Yes,43,Yes,No,DSL,No,Yes,Yes,Yes,No,Yes,Two year,Yes,Bank transfer (automatic),71.04,3100.28,No
7248-SVWR,Female,0,No,Yes,15,Yes,No,DSL,Yes,Yes,Yes,No,Yes,Yes,Two year,Yes,Electronic check,78.53,1119.45,No
7708-MHKA,Female,0,Yes,No,39,Yes,No,Fiber optic,No,Yes,Yes,No,No,No,Two year,No,Electronic check,81.27,3069.26,No
7513-ZMVD,Male,0,Yes,No,20,Yes,Yes,DSL,No,Yes,Yes,No,Yes,Yes,Two year,Yes,Bank transfer (automatic),77.29,1405.84,No
2291-NITX,Female,0,Yes,Yes,38,Yes,No,Fiber optic,Yes,No,Yes,No,No,Yes,Month-to-month,No,Bank transfer (automatic),89.3,3095.11,Yes
9467-RXJH,Female,0,No,No,58,Yes,No,DSL,No,Yes,No,No,No,No,Month-to-month,Yes,Electronic check,49.72,2704.54,Yes
2066-LLZL,Female,0,No,No,20,No,No phone service,Fiber optic,No,No,No,Yes,No,Yes,Month-to-month,No,Electronic check,75.63,1401.79,No
5331-TGOV,Male,0,No,Yes,38,Yes,No,Fiber optic,No,Yes,Yes,No,No,No,Month-to-month,No,Electronic check,87.32,3342.66,No
4542-ATBV,Male,0,Yes,Yes,12,No,No phone service,DSL,No,Yes,Yes,No,Yes,No,Two year,Yes,Credit card (automatic),61.42,721.84,No
7815-UUBU,Male,0,Yes,No,4,Yes,Yes,Fiber optic,No,No,Yes,No,No,No,Month-to-month,Yes,Credit card (automatic),88.75,341.08,No
6078-WXNG,Male,0,No,No,7,Yes,Yes,No,No internet service,No internet service,No internet service,No internet service,No internet service,No internet service,One year,No,Credit card (automatic),33.17,224.31,No
6999-ALGA,Male,0,Yes,No,50,Yes,No,Fiber optic,Yes,No,No,Yes,Yes,Yes,One year,No,Bank transfer (automatic),97.22,4929.55,No
2211-NJRM,Male,0,No,No,15,Yes,Yes,DSL,No,No,No,Yes,Yes,No,Two year,Yes,Electronic check,67.6,954.27,No
3136-QFUB,Female,0,Yes,No,51,No,No phone service,DSL,Yes,No,Yes,Yes,No,Yes,One year,No,Bank transfer (automatic),69.13,3328.52,No
7957-NBYH,Female,0,Yes,No,17,No,No phone service,DSL,No,Yes,No,No,Yes,No,Month-to-month,Yes,Bank transfer (automatic),54.23,939.81,Yes
2158-RMCJ,Female,0,No,Yes,24,Yes,No,No,No internet service,No internet service,No internet service,No internet service,No internet service,No internet service,Month-to-month,Yes,Bank transfer (automatic),26.29,626.31,No
7169-LXQP,Male,0,No,Yes,12,Yes,Yes,DSL,No,Yes,Yes,No,Yes,Yes,Month-to-month,No,Bank transfer (automatic),82.03,973.52,No
5544-CXYW,Female,1,Yes,No,64,Yes,Yes,No,No internet service,No internet service,No internet service,No internet service,No internet service,No internet service,Month-to-month,Yes,Electronic check,29.61,1729.1,No
2021-XQZX,Male,0,No,No,47,No,No phone service,Fiber optic,Yes,No,No,No,No,No,Month-to-month,No,Electronic check,61.7,2839.36,Yes
3213-QQDY,Female,0,Yes,No,23,Yes,No,Fiber optic,No,Yes,Yes,No,Yes,No,Month-to-month,Yes,Mailed check,86.55,1974.74,Yes
5560-PICN,Male,1,Yes,No,65,Yes,No,DSL,Yes,No,No,No,No,Yes,Two year,No,Mailed check,58.99,3557.96,No
3138-USBG,Female,1,Yes,No,22,Yes,Yes,Fiber optic,No,Yes,No,No,No,Yes,One year,No,Mailed check,91.97,2068.7,No
1085-MSBO,Female,0,Yes,No,36,Yes,No,No,No internet service,No internet service,No internet service,No internet service,No internet service,No internet service,Month-to-month,No,Bank transfer (automatic),32.1,1131.64,No
8958-HEMT,Male,0,Yes,Yes,29,Yes,No,No,No internet service,No internet service,No internet service,No internet service,No internet service,No internet service,One year,Yes,Electronic check,28.42,804.08,No
2686-YEVU,Female,0,Yes,No,26,Yes,No,No,No internet service,No internet service,No internet service,No internet service,No internet service,No internet service,One year,Yes,Electronic check,29.72,773.92,No
8676-DUND,Female,1,Yes,Yes,68,Yes,No,Fiber optic,No,No,No,Yes,Yes,Yes,Month-to-month,Yes,Credit card (automatic),88.64,5684.27,No
7829-JHED,Male,0,No,No,68,Yes,No,Fiber optic,Yes,No,Yes,Yes,Yes,No,Month-to-month,Yes,Credit card (automatic),97.39,6409.73,No
7300-ZAYR,Male,0,Yes,No,33,Yes,Yes,Fiber optic,No,No,No,No,Yes,No,Month-to-month,No,Electronic check,87.93,2914.27,No
3825-LGHQ,Female,1,Yes,No,32,Yes,Yes,Fiber optic,No,Yes,Yes,Yes,No,Yes,One year,Yes,Credit card (automatic),100.98,2970.51,No
8752-ESZV,Male,0,Yes,No,34,Yes,Yes,No,No internet service,No internet service,No internet service,No internet service,No internet service,No internet service,Month-to-month,Yes,Bank transfer (automatic),25.75,864.96,No
2144-VBGT,Male,0,Yes,No,68,Yes,Yes,Fiber optic,Yes,No,Yes,No,No,Yes,Month-to-month,Yes,Electronic check,99.89,6074.41,Yes
1950-WHGO,Male,0,No,No,71,Yes,No,DSL,No,No,No,Yes,No,Yes,Month-to-month,Yes,Electronic check,73.45,5418.78,No
5851-ZDNS,Male,0,Yes,No,30,Yes,No,No,No internet service,No internet service,No internet service,No internet service,No internet service,No internet service,Two year,Yes,Credit card (automatic),22.31,614.97,No
6226-UILF,Male,0,No,No,56,Yes,Yes,DSL,Yes,Yes,No,Yes,Yes,No,Month-to-month,No,Credit card (automatic),79.95,4149.19,No
8972-MJYT,Male,0,No,Yes,26,Yes,Yes,Fiber optic,No,No,No,No,Yes,Yes,Two year,No,Credit card (automatic),97.22,2364.08,No
5235-YVXW,Female,0,No,No,46,Yes,No,Fiber optic,No,No,No,No,No,No,One year,Yes,Electronic check,72.81,3349.19,No
8286-TRRV,Male,0,Yes,Yes,25,Yes,Yes,Fiber optic,No,No,No,Yes,No,No,Month-to-month,Yes,Bank transfer (automatic),83.82,2092.17,Yes
1087-JKNM,Female,1,Yes,No,40,Yes,Yes,Fiber optic,Yes,No,No,Yes,No,No,Month-to-month,Yes,Credit card (automatic),89.01,3773.7,No
9549-CMUJ,Male,0,No,Yes,14,Yes,No,Fiber optic,No,No,Yes,Yes,Yes,No,One year,Yes,Electronic check,91.72,1142.5,Yes
7600-WNLL,Female,0,No,No,41,Yes,No,Fiber optic,Yes,No,No,No,No,Yes,Month-to-month,No,Electronic check,74.98,3142.12,No
3752-UBKJ,Male,0,No,Yes,6,Yes,Yes,Fiber optic,Yes,No,Yes,No,No,No,Month-to-month,No,Credit card (automatic),87.14,509.28,Yes
1795-IUGZ,Female,0,No,No,50,Yes,No,No,No internet service,No internet service,No internet service,No internet service,No internet service,No internet service,One year,No,Electronic check,18.76,918.29,No
9069-IDEQ,Female,0,Yes,No,14,Yes,No,Fiber optic,No,No,No,Yes,Yes,Yes,Two year,Yes,Electronic check,91.8,1228.19,No
4551-MBPS,Male,0,Yes,No,34,Yes,No,DSL,No,No,Yes,Yes,No,Yes,Month-to-month,Yes,Electronic check,67.56,2308.8,No
7070-WBLM,Male,0,No,Yes,17,Yes,Yes,No,No internet service,No internet service,No internet service,No internet service,No internet service,No internet service,Two year,Yes,Electronic check,28.44,440.19,No
4721-CMWC,Female,0,Yes,No,46,Yes,Yes,No,No internet service,No internet service,No internet service,No internet service,No internet service,No internet service,Month-to-month,No,Mailed check,31.21,1465.65,No
9486-IKVC,Male,0,No,No,15,Yes,No,No,No internet service,No internet service,No internet service,No internet service,No internet service,No internet service,One year,No,Electronic check,25.77,379.95,No
5138-TQZU,Female,0,Yes,Yes,34,Yes,Yes,Fiber optic,No,No,No,Yes,No,Yes,Two year,Yes,Electronic check,90.26,3101.85,No
6377-ZPJG,Female,0,No,Yes,60,Yes,Yes,No,No internet service,No internet service,No internet service,No internet service,No internet service,No internet service,Two year,No,Electronic check,32.32,1828.91,No
4606-ZEEI,Female,0,Yes,No,30,Yes,No,No,No internet service,No internet service,No internet service,No internet service,No internet service,No internet service,Month-to-month,Yes,Credit card (automatic),26.0,765.64,No
3296-BXHU,Female,0,Yes,No,39,Yes,No,Fiber optic,Yes,No,No,No,No,Yes,One year,No,Bank transfer (automatic),83.49,3182.93,No
2132-LYBK,Female,0,Yes,No,38,Yes,No,Fiber optic,No,Yes,Yes,Yes,Yes,No,Two year,Yes,Mailed check,92.47,3145.18,No
6416-XDUX,Female,0,Yes,Yes,44,Yes,No,Fiber optic,No,Yes,Yes,No,Yes,Yes,Month-to-month,Yes,Mailed check,90.97,3904.44,Yes
4868-VRIT,Male,0,No,Yes,52,Yes,Yes,Fiber optic,No,Yes,Yes,Yes,Yes,No,Two year,Yes,Mailed check,94.65,4994.7,No
7077-IOLF,Male,1,No,Yes,43,No,No phone service,No,No internet service,No internet service,No internet service,No internet service,No internet service,No internet service,One year,Yes,Mailed check,20.22,864.93,No
6653-OUXD,Male,1,No,No,31,Yes,Yes,DSL,No,No,Yes,No,Yes,No,Month-to-month,No,Mailed check,64.99,1937.0,No
6157-AKLN,Female,0,No,No,13,Yes,No,DSL,No,No,No,No,No,Yes,Two year,Yes,Electronic check,60.33,782.1,No
5281-VMHA,Male,0,Yes,No,31,Yes,Yes,Fiber optic,No,No,No,No,Yes,Yes,Month-to-month,Yes,Bank transfer (automatic),97.62,2927.03,Yes
7095-HDGV,Male,0,No,Yes,5,Yes,No,Fiber optic,Yes,No,No,Yes,Yes,Yes,Month-to-month,Yes,Credit card (automatic),96.74,435.72,No
4258-QONK,Female,0,Yes,No,14,Yes,Yes,Fiber optic,No,No,Yes,No,No,No,Month-to-month,No,Bank transfer (automatic),73.64,1012.83,No
6543-HGOM,Female,0,Yes,Yes,18,Yes,No,DSL,No,No,No,No,Yes,No,Two year,No,Credit card (automatic),56.31,1042.15,No
1999-MXJB,Female,0,No,No,62,Yes,No,DSL,Yes,No,No,Yes,Yes,No,Two year,Yes,Bank transfer (automatic),70.06,4059.96,No
2824-ANXX,Male,1,No,No,31,Yes,No,No,No internet service,No internet service,No internet service,No internet service,No internet service,No internet service,Month-to-month,Yes,Electronic check,29.44,929.5,No
2162-NREI,Female,0,No,No,42,Yes,No,DSL,Yes,No,No,No,No,Yes,Month-to-month,No,Bank transfer (automatic),56.26,2215.58,No
2742-WGTX,Female,0,Yes,No,48,Yes,Yes,Fiber optic,No,Yes,Yes,No,No,No,Month-to-month,No,Bank transfer (automatic),84.16,3896.93,Yes
3778-GTMR,Female,0,No,Yes,37,Yes,Yes,Fiber optic,No,Yes,No,No,No,Yes,Two year,Yes,Credit card (automatic),89.26,2950.87,No
4642-WTTD,Male,0,No,Yes,41,Yes,Yes,DSL,Yes,No,No,No,No,Yes,Two year,Yes,Electronic check,77.65,3149.74,No
4698-QZEC,Female,1,No,No,18,Yes,No,DSL,Yes,No,No,No,No,Yes,One year,No,Electronic check,56.98,998.37,Yes
4099-LMNV,Female,0,Yes,No,64,Yes,No,Fiber optic,Yes,No,No,No,Yes,Yes,Month-to-month,Yes,Electronic check,89.94,5455.29,No
7799-MXYS,Male,0,Yes,No,64,Yes,No,DSL,Yes,Yes,No,No,No,No,Two year,Yes,Bank transfer (automatic),63.82,3918.91,No
4407-NRNN,Male,0,Yes,No,19,Yes,Yes,Fiber optic,Yes,No,Yes,Yes,Yes,Yes,One year,Yes,Bank transfer (automatic),103.01,1939.16,No
8580-VRAJ,Male,0,Yes,No,51,Yes,Yes,Fiber optic,No,No,No,No,Yes,Yes,One year,Yes,Electronic check,95.44,4774.03,No
5805-ZOPI,Male,0,Yes,No,15,Yes,No,No,No internet service,No internet service,No internet service,No internet service,No internet service,No internet service,Month-to-month,Yes,Bank transfer (automatic),24.68,350.25,No
2370-VGDX,Male,0,Yes,No,64,Yes,No,No,No internet service,No internet service,No internet service,No internet service,No internet service,No internet service,Two year,No,Mailed check,22.87,1371.4,No
1369-TJNI,Male,0,No,No,9,No,No phone service,No,No internet service,No internet service,No internet service,No internet service,No internet service,No internet service,Month-to-month,Yes,Credit card (automatic),22.94,205.5,No
3743-UCUB,Female,0,No,Yes,66,Yes,No,No,No internet service,No internet service,No internet service,No internet service,No internet service,No internet service,Two year,Yes,Credit card (automatic),19.58,1166.45,No
4464-ZZMI,Female,1,Yes,Yes,60,Yes,No,Fiber optic,Yes,No,Yes,Yes,Yes,No,Month-to-month,Yes,Credit card (automatic),93.72,5312.9,No
9986-EIEV,Male,1,Yes,No,29,Yes,No,Fiber optic,Yes,No,No,No,Yes,No,Month-to-month,Yes,Mailed check,93.95,2726.01,Yes
7539-XBDF,Female,1,No,Yes,42,Yes,No,No,No internet service,No internet service,No internet service,No internet service,No internet service,No internet service,Month-to-month,No,Bank transfer (automatic),25.36,945.21,No
9358-NSDL,Female,0,Yes,Yes,23,Yes,Yes,Fiber optic,Yes,Yes,Yes,Yes,No,No,Month-to-month,Yes,Electronic check,96.97,2297.76,No
4578-GCDJ,Female,0,Yes,No,69,Yes,Yes,Fiber optic,No,No,No,No,No,Yes,Month-to-month,No,Bank transfer (automatic),83.18,5609.7,No
6563-YZGI,Female,0,No,No,70,Yes,No,DSL,No,No,Yes,No,Yes,No,Month-to-month,Yes,Bank transfer (automatic),64.57,4584.9,No
4051-BMAU,Female,0,No,No,8,Yes,No,DSL,Yes,Yes,Yes,No,Yes,Yes,Month-to-month,No,Mailed check,81.38,621.77,No
6042-VULF,Female,0,Yes,No,45,Yes,No,No,No internet service,No internet service,No internet service,No internet service,No internet service,No internet service,One year,Yes,Electronic check,20.43,876.57,No
8435-TKEZ,Male,0,No,Yes,26,Yes,No,DSL,No,No,Yes,No,Yes,Yes,Month-to-month,Yes,Electronic check,72.11,1880.61,Yes
5363-SWZV,Male,1,Yes,Yes,43,Yes,No,DSL,No,No,Yes,Yes,Yes,No,Two year,Yes,Credit card (automatic),70.35,2616.22,No
9400-MTRE,Male,0,No,No,5,Yes,No,Fiber optic,No,No,Yes,No,Yes,No,One year,No,Electronic check,82.81,384.64,No
2376-GTXG,Male,0,Yes,No,49,No,No phone service,DSL,Yes,Yes,Yes,No,Yes,Yes,Two year,No,Mailed check,68.53,3018.39,No
1270-PUTU,Male,0,No,Yes,10,Yes,Yes,DSL,No,No,No,Yes,No,No,Month-to-month,No,Credit card (automatic),60.2,562.0,No
9207-UCLY,Female,0,No,Yes,24,Yes,Yes,No,No internet service,No internet service,No internet service,No internet service,No internet service,No internet service,Two year,Yes,Electronic check,28.72,672.57,No
7510-KNVR,Female,0,No,Yes,10,Yes,No,Fiber optic,No,Yes,Yes,No,Yes,Yes,Two year,Yes,Credit card (automatic),90.74,901.59,No
3391-GQQY,Male,0,No,Yes,7,Yes,No,No,No internet service,No internet service,No internet service,No internet service,No internet service,No internet service,Month-to-month,Yes,Credit card (automatic),22.43,142.01,Yes
5961-NQML,Male,0,Yes,No,21,Yes,No,No,No internet service,No internet service,No internet service,No internet service,No internet service,No internet service,Month-to-month,Yes,Bank transfer (automatic),26.07,525.9,No
9057-SDWA,Male,0,Yes,No,30,Yes,Yes,Fiber optic,Yes,Yes,Yes,No,No,No,Two year,No,Electronic check,92.69,2593.74,Yes
5829-XOMN,Female,0,No,No,20,Yes,No,Fiber optic,No,Yes,No,No,No,No,Two year,Yes,Credit card (automatic),79.3,1555.75,No
3739-BFRV,Female,0,Yes,No,10,Yes,No,No,No internet service,No internet service,No internet service,No internet service,No internet service,No internet service,Month-to-month,Yes,Bank transfer (automatic),24.04,246.58,No
6232-KNLO,Female,0,Yes,No,31,Yes,Yes,DSL,Yes,Yes,Yes,No,No,No,One year,Yes,Electronic check,65.21,1984.02,No
4349-JGGH,Female,0,Yes,No,25,Yes,No,Fiber optic,No,No,Yes,No,Yes,Yes,Two year,No,Credit card (automatic),96.87,2411.79,Yes
6047-QDMP,Male,0,Yes,Yes,28,Yes,Yes,No,No internet service,No internet service,No internet service,No internet service,No internet service,No internet service,Month-to-month,Yes,Electronic check,28.0,744.49,No
7349-KTAS,Male,0,Yes,No,30,Yes,Yes,DSL,No,Yes,Yes,Yes,Yes,Yes,Month-to-month,Yes,Electronic check,85.46,2484.67,No
7048-PIGB,Male,0,No,No,58,Yes,No,Fiber optic,No,No,No,No,No,Yes,Two year,No,Bank transfer (automatic),77.81,4231.11,No
5374-RFQU,Male,0,Yes,No,28,Yes,No,Fiber optic,Yes,No,No,No,Yes,Yes,One year,No,Mailed check,90.76,2459.16,No
7300-NXRI,Male,1,No,No,62,Yes,No,DSL,No,No,No,Yes,No,No,Month-to-month,Yes,Credit card (automatic),56.06,3282.92,Yes
2280-FHMI,Female,1,No,No,40,No,No phone service,No,No internet service,No internet service,No internet service,No internet service,No internet service,No internet service,Month-to-month,No,Bank transfer (automatic),18.0,662.32,No
9354-KBVE,Female,0,No,Yes,28,Yes,No,Fiber optic,Yes,No,No,Yes,No,No,Month-to-month,Yes,Mailed check,74.81,1993.67,Yes
4618-SKTV,Female,0,No,Yes,29,Yes,Yes,Fiber optic,Yes,No,Yes,Yes,Yes,No,Month-to-month,No,Credit card (automatic),111.89,3248.36,No
6017-SEND,Male,0,No,Yes,66,Yes,Yes,No,No internet service,No internet service,No internet service,No internet service,No internet service,No internet service,Month-to-month,Yes,Bank transfer (automatic),33.93,2089.3,No
7335-NHJX,Female,0,No,No,54,No,No phone service,Fiber optic,Yes,Yes,Yes,No,No,No,Month-to-month,Yes,Mailed check,82.01,4306.45,Yes
9642-AMZV,Female,0,Yes,No,41,Yes,No,Fiber optic,Yes,No,Yes,No,No,No,One year,No,Electronic check,81.85,3264.32,No
4365-MQXJ,Male,0,Yes,No,11,No,No phone service,No,No internet service,No internet service,No internet service,No internet service,No internet service,No internet service,Month-to-month,Yes,Mailed check,18.0,192.26,No
6411-TWGF,Female,0,No,Yes,31,Yes,Yes,DSL,No,No,Yes,No,No,Yes,Two year,No,Credit card (automatic),70.36,2053.4,No
7719-SLEI,Male,0,No,Yes,22,Yes,No,No,No internet service,No internet service,No internet service,No internet service,No internet service,No internet service,Two year,Yes,Electronic check,29.76,666.87,No
9745-OJQA,Female,1,Yes,Yes,35,Yes,No,Fiber optic,No,No,No,No,Yes,Yes,Month-to-month,Yes,Electronic check,89.07,3051.37,Yes
1713-AXYL,Female,1,No,No,39,Yes,No,DSL,Yes,Yes,No,No,No,No,Month-to-month,No,Electronic check,56.54,2098.03,No
5594-ODTW,Female,0,Yes,No,33,Yes,No,No,No internet service,No internet service,No internet service,No internet service,No internet service,No internet service,Two year,Yes,Electronic check,28.02,866.6,No
4616-SZHQ,Male,0,Yes,No,27,Yes,Yes,DSL,Yes,Yes,No,No,No,No,Month-to-month,Yes,Electronic check,66.12,1935.96,No
5168-DJCO,Male,0,No,No,37,Yes,Yes,Fiber optic,No,Yes,No,Yes,Yes,Yes,One year,No,Bank transfer (automatic),99.91,3500.4,No
1951-EKNU,Male,0,No,No,64,No,No phone service,Fiber optic,No,No,Yes,No,Yes,No,Month-to-month,No,Credit card (automatic),68.81,4278.16,No
9752-ORCT,Female,0,Yes,No,37,Yes,No,Fiber optic,Yes,No,No,No,Yes,Yes,One year,No,Credit card (automatic),95.35,3350.12,No
4039-SHQN,Female,0,Yes,No,32,Yes,No,Fiber optic,Yes,Yes,Yes,Yes,Yes,No,Month-to-month,No,Electronic check,103.65,3246.08,Yes
3571-KTEP,Male,0,No,No,51,Yes,No,No,No internet service,No internet service,No internet service,No internet service,No internet service,No internet service,Month-to-month,No,Bank transfer (automatic),28.43,1404.03,No
6345-IOCG,Female,0,No,No,34,Yes,Yes,Fiber optic,No,Yes,No,Yes,No,No,One year,Yes,Mailed check,78.12,2721.67,No
4978-NNWC,Female,0,No,No,16,No,No phone service,DSL,Yes,Yes,Yes,No,Yes,No,Month-to-month,Yes,Credit card (automatic),64.04,1039.01,No
7001-ZBMP,Female,0,Yes,Yes,43,Yes,No,Fiber optic,No,No,Yes,Yes,No,No,Month-to-month,Yes,Bank transfer (automatic),88.64,3710.96,No
4723-CZXG,Male,0,Yes,No,28,Yes,Yes,No,No internet service,No internet service,No internet service,No internet service,No internet service,No internet service,Month-to-month,No,Mailed check,26.02,684.6,No
7510-KCND,Female,0,No,No,69,Yes,No,Fiber optic,Yes,No,Yes,Yes,Yes,Yes,Month-to-month,No,Bank transfer (automatic),99.93,6567.56,No
7133-VWHM,Male,0,Yes,No,4,Yes,No,DSL,No,Yes,Yes,Yes,No,Yes,Month-to-month,No,Electronic check,71.92,263.84,No
9369-WCNG,Male,0,No,Yes,43,No,No phone service,DSL,Yes,No,Yes,No,Yes,No,One year,Yes,Electronic check,59.68,2435.37,No
7064-XRFO,Male,0,No,No,16,Yes,Yes,DSL,Yes,No,No,No,No,No,Month-to-month,No,Electronic check,53.37,908.61,Yes
6669-JTFQ,Female,1,No,Yes,68,No,No phone service,Fiber optic,Yes,No,Yes,Yes,Yes,No,Month-to-month,No,Electronic check,84.47,5384.5,No
3323-DFTL,Female,0,No,No,47,Yes,Yes,DSL,No,No,Yes,No,Yes,Yes,Two year,Yes,Electronic check,68.88,3215.06,No
6298-NCPJ,Male,0,No,Yes,17,Yes,No,Fiber optic,No,Yes,Yes,No,Yes,No,Two year,No,Credit card (automatic),85.91,1331.88,No
4946-VKTZ,Female,0,Yes,Yes,17,No,No phone service,No,No internet service,No internet service,No internet service,No internet service,No internet service,No internet service,Month-to-month,Yes,Electronic check,18.0,297.11,Yes
1555-RQXT,Male,0,Yes,No,32,Yes,No,Fiber optic,No,No,Yes,No,Yes,Yes,Two year,Yes,Electronic check,91.69,2798.38,Yes
1504-HGVC,Male,0,Yes,Yes,6,Yes,No,Fiber optic,No,Yes,Yes,No,No,No,One year,No,Credit card (automatic),78.53,467.72,No
7201-WYJU,Female,1,Yes,No,34,Yes,Yes,DSL,No,Yes,No,No,Yes,Yes,Two year,Yes,Credit card (automatic),77.53,2605.19,No
8541-GGLZ,Female,0,No,No,63,Yes,Yes,No,No internet service,No internet service,No internet service,No internet service,No internet service,No internet service,Month-to-month,No,Mailed check,31.29,1903.35,No
7105-JOMB,Male,0,No,No,30,Yes,Yes,Fiber optic,No,Yes,Yes,No,Yes,Yes,Month-to-month,Yes,Bank transfer (automatic),100.58,2765.82,Yes
1497-FBBP,Female,0,No,Yes,24,Yes,Yes,DSL,Yes,No,No,Yes,Yes,Yes,Month-to-month,Yes,Electronic check,87.32,2098.02,No
8740-SKAK,Male,0,No,No,59,Yes,Yes,DSL,Yes,No,Yes,Yes,Yes,No,Two year,No,Mailed check,73.48,4508.94,No
8794-ADRF,Male,0,No,Yes,65,Yes,No,No,No internet service,No internet service,No internet service,No internet service,No internet service,No internet service,Month-to-month,No,Credit card (automatic),26.77,1708.25,No
4075-IIVA,Female,1,Yes,No,22,Yes,Yes,DSL,No,No,Yes,No,No,Yes,Month-to-month,Yes,Credit card (automatic),62.69,1381.0,No
4428-XBJK,Male,1,No,No,50,Yes,No,Fiber optic,Yes,No,No,Yes,Yes,No,Two year,No,Bank transfer (automatic),95.2,4444.28,No
8293-JASQ,Female,0,Yes,No,34,Yes,Yes,No,No internet service,No internet service,No internet service,No internet service,No internet service,No internet service,One year,No,Mailed check,33.66,1166.4,No
9637-GKUD,Female,0,Yes,Yes,25,Yes,Yes,No,No internet service,No internet service,No internet service,No internet service,No internet service,No internet service,Month-to-month,Yes,Electronic check,29.77,799.25,No
7804-YTDL,Female,0,No,No,7,Yes,No,Fiber optic,No,Yes,No,Yes,No,No,Month-to-month,Yes,Credit card (automatic),82.99,552.19,Yes
9097-BQWV,Female,0,Yes,No,0,No,No phone service,Fiber optic,Yes,Yes,Yes,Yes,No,Yes,Two year,Yes,Credit card (automatic),89.15,,Yes
4703-WLQS,Male,0,Yes,No,66,Yes,No,Fiber optic,No,No,Yes,Yes,No,Yes,Month-to-month,No,Credit card (automatic),86.13,5361.23,No
3143-JLEQ,Female,1,No,No,57,Yes,No,No,No internet service,No internet service,No internet service,No internet service,No internet service,No internet service,Two year,Yes,Credit card (automatic),19.24,1042.2,No
5018-RCFD,Male,0,No,No,39,Yes,No,No,No internet service,No internet service,No internet service,No internet service,No internet service,No internet service,Month-to-month,Yes,Bank transfer (automatic),23.34,893.82,No
3806-HRSH,Female,1,No,Yes,4,Yes,Yes,Fiber optic,No,No,No,No,Yes,No,Month-to-month,No,Mailed check,88.91,341.35,Yes
1804-CYMV,Male,0,No,No,31,Yes,No,DSL,Yes,No,No,No,No,No,Month-to-month,Yes,Electronic check,58.13,1708.21,Yes
3697-AITV,Female,0,Yes,No,9,Yes,No,Fiber optic,No,Yes,No,Yes,No,No,Month-to-month,Yes,Bank transfer (automatic),81.75,692.58,Yes
9787-WLCE,Female,0,No,No,17,Yes,Yes,Fiber optic,No,Yes,Yes,Yes,No,No,One year,No,Bank transfer (automatic),85.31,1294.01,No
8696-SJFA,Female,1,Yes,No,50,Yes,No,Fiber optic,Yes,No,Yes,No,Yes,Yes,Month-to-month,No,Electronic check,99.82,4582.06,No
5331-FLSB,Male,0,Yes,No,56,Yes,No,Fiber optic,No,No,No,Yes,Yes,Yes,Month-to-month,Yes,Credit card (automatic),91.42,5023.04,No
5977-HLLY,Female,0,Yes,No,15,Yes,No,Fiber optic,No,No,No,Yes,No,No,Month-to-month,No,Electronic check,76.03,1147.68,Yes
9097-GLWJ,Female,0,Yes,No,64,Yes,Yes,Fiber optic,No,Yes,Yes,No,Yes,No,Two year,No,Bank transfer (automatic),93.43,5453.95,No
9108-EXUG,Female,0,Yes,No,22,Yes,No,DSL,No,No,Yes,No,No,No,Two year,Yes,Credit card (automatic),51.07,1074.05,No
9617-TKUF,Male,1,No,No,14,Yes,No,Fiber optic,No,No,Yes,Yes,Yes,No,Month-to-month,Yes,Electronic check,90.36,1165.07,Yes
9681-QMGE,Female,0,Yes,No,13,Yes,No,No,No internet service,No internet service,No internet service,No internet service,No internet service,No internet service,Month-to-month,Yes,Mailed check,26.72,336.42,No
6367-DPCG,Male,0,No,No,37,Yes,No,No,No internet service,No internet service,No internet service,No internet service,No internet service,No internet service,Two year,No,Bank transfer (automatic),25.02,865.55,No
5151-RXWW,Female,1,No,No,15,Yes,No,Fiber optic,No,Yes,No,No,Yes,No,Month-to-month,Yes,Mailed check,82.36,1263.42,Yes
7416-DPGA,Male,1,No,No,52,Yes,Yes,No,No internet service,No internet service,No internet service,No internet service,No internet service,No internet service,One year,No,Electronic check,34.32,1757.03,No
9418-FGPU,Female,1,Yes,No,22,Yes,No,DSL,No,No,Yes,Yes,No,No,Month-to-month,No,Electronic check,58.41,1248.5,No
9511-CKPD,Male,0,No,No,47,Yes,Yes,No,No internet service,No internet service,No internet service,No internet service,No internet service,No internet service,Two year,No,Credit card (automatic),31.67,1436.87,No
7904-WFAD,Female,0,Yes,No,3,Yes,No,DSL,No,No,No,Yes,No,Yes,Month-to-month,Yes,Bank transfer (automatic),56.35,166.53,Yes
5163-GIRL,Male,0,Yes,No,55,Yes,Yes,DSL,Yes,No,No,Yes,Yes,No,Month-to-month,Yes,Credit card (automatic),77.58,4109.85,No
1197-KOUL,Male,0,Yes,No,9,Yes,No,Fiber optic,No,Yes,No,No,No,No,Month-to-month,No,Bank transfer (automatic),88.07,732.75,Yes
2669-BMOH,Female,0,Yes,No,59,Yes,No,No,No internet service,No internet service,No internet service,No internet service,No internet service,No internet service,Two year,No,Mailed check,26.99,1545.15,No
9394-MYOW,Female,0,Yes,No,22,Yes,Yes,DSL,Yes,Yes,No,Yes,No,No,Month-to-month,No,Mailed check,65.75,1329.36,No
4323-KTGP,Female,0,No,No,34,Yes,Yes,DSL,No,No,No,Yes,Yes,Yes,Month-to-month,Yes,Mailed check,75.71,2342.02,No
8669-ATDW,Female,0,Yes,No,26,Yes,No,Fiber optic,No,No,Yes,No,No,No,Month-to-month,Yes,Credit card (automatic),80.42,2095.94,Yes
4922-BMHB,Male,0,Yes,No,13,Yes,Yes,No,No internet service,No internet service,No internet service,No internet service,No internet service,No internet service,Month-to-month,Yes,Bank transfer (automatic),36.2,478.68,No
4225-SIRX,Male,1,Yes,No,11,Yes,Yes,Fiber optic,Yes,No,No,No,No,No,Month-to-month,Yes,Bank transfer (automatic),86.05,846.61,Yes
1566-FTVV,Male,0,Yes,Yes,28,Yes,No,Fiber optic,No,Yes,No,Yes,Yes,No,Two year,No,Electronic check,93.77,2611.51,No
2531-FWGL,Male,0,Yes,No,67,Yes,No,No,No internet service,No internet service,No internet service,No internet service,No internet service,No internet service,Two year,Yes,Bank transfer (automatic),27.05,1813.74,No
5936-HPRK,Female,0,No,Yes,70,Yes,No,Fiber optic,No,No,No,No,Yes,No,Two year,No,Bank transfer (automatic),79.63,5500.18,No
6050-NMIF,Female,0,Yes,No,59,Yes,No,Fiber optic,No,No,No,No,Yes,Yes,Two year,No,Bank transfer (automatic),86.85,4700.58,No
6199-XYVO,Female,1,Yes,Yes,23,Yes,Yes,Fiber optic,Yes,No,Yes,Yes,No,No,Two year,No,Bank transfer (automatic),89.59,1974.33,No
5746-VVZE,Female,1,No,Yes,48,Yes,Yes,No,No internet service,No internet service,No internet service,No internet service,No internet service,No internet service,Month-to-month,No,Bank transfer (automatic),34.16,1580.72,Yes
3247-AYCB,Male,1,No,No,60,Yes,Yes,DSL,Yes,Yes,No,No,No,Yes,Month-to-month,Yes,Bank transfer (automatic),69.85,3884.01,Yes
5930-CBTK,Female,0,Yes,No,23,Yes,Yes,No,No internet service,No internet service,No internet service,No internet service,No internet service,No internet service,Two year,Yes,Credit card (automatic),36.57,806.02,No
1446-ZAGL,Female,0,Yes,No,26,Yes,Yes,No,No internet service,No internet service,No internet service,No internet service,No internet service,No internet service,One year,Yes,Credit card (automatic),35.76,961.45,No
9809-NTCD,Male,0,No,Yes,2,Yes,No,Fiber optic,No,No,Yes,No,Yes,Yes,Month-to-month,No,Bank transfer (automatic),91.3,189.38,Yes
1208-ZSAN,Male,1,Yes,No,52,Yes,No,Fiber optic,Yes,Yes,No,No,No,Yes,One year,Yes,Electronic check,92.16,4522.32,No
4660-CTMC,Female,1,Yes,No,1,Yes,No,Fiber optic,Yes,Yes,Yes,No,Yes,No,One year,No,Electronic check,99.62,90.48,No
9898-SQXQ,Female,1,No,No,57,No,No phone service,Fiber optic,No,No,No,Yes,No,Yes,Month-to-month,Yes,Electronic check,78.72,4483.3,No
5793-YNPC,Female,0,Yes,Yes,49,Yes,No,Fiber optic,Yes,No,Yes,No,No,Yes,Two year,Yes,Credit card (automatic),93.19,4426.69,No
8474-FBHJ,Female,0,Yes,Yes,39,Yes,No,DSL,No,Yes,Yes,Yes,Yes,No,One year,Yes,Credit card (automatic),68.2,2327.17,No
9705-DNMP,Male,0,Yes,Yes,56,Yes,Yes,Fiber optic,No,No,Yes,No,No,Yes,Two year,No,Bank transfer (automatic),96.72,5122.83,No
9638-JIUE,Female,1,No,No,19,Yes,No,No,No internet service,No internet service,No internet service,No internet service,No internet service,No internet service,One year,Yes,Electronic check,27.4,523.51,No
4492-SRAA,Female,0,No,No,35,Yes,No,No,No internet service,No internet service,No internet service,No internet service,No internet service,No internet service,Month-to-month,No,Credit card (automatic),23.12,729.43,Yes
7447-YCWD,Male,0,Yes,No,36,Yes,No,DSL,No,No,Yes,No,No,Yes,Month-to-month,No,Electronic check,64.17,2419.0,Yes
9663-CHLU,Male,0,No,Yes,14,Yes,Yes,Fiber optic,No,No,Yes,Yes,Yes,Yes,Month-to-month,Yes,Electronic check,99.23,1329.65,Yes
9312-NAAP,Male,0,Yes,No,12,Yes,Yes,No,No internet service,No internet service,No internet service,No internet service,No internet service,No internet service,Two year,Yes,Electronic check,30.6,352.93,No
6308-IJXF,Female,0,No,No,55,Yes,No,Fiber optic,No,No,Yes,Yes,Yes,No,Month-to-month,No,Credit card (automatic),91.61,4753.3,No
7708-FJOF,Male,0,No,No,48,Yes,No,DSL,No,No,Yes,Yes,Yes,No,Month-to-month,Yes,Mailed check,71.52,3292.65,No
2145-QAQR,Male,0,No,Yes,62,No,No phone service,DSL,No,Yes,No,No,No,No,Two year,No,Mailed check,55.61,3144.81,No
1833-FMDO,Male,0,Yes,Yes,16,Yes,No,Fiber optic,Yes,Yes,No,No,Yes,No,Month-to-month,Yes,Electronic check,88.8,1352.49,Yes
9202-MGTY,Male,0,No,No,4,Yes,Yes,Fiber optic,No,No,No,Yes,Yes,No,Month-to-month,No,Credit card (automatic),87.01,327.36,Yes
2007-FTHP,Female,0,No,No,50,No,No phone service,DSL,No,No,Yes,Yes,No,No,Month-to-month,Yes,Mailed check,43.77,2129.69,No
5140-YXMK,Female,0,No,Yes,28,Yes,Yes,DSL,Yes,No,Yes,Yes,Yes,No,Month-to-month,Yes,Mailed check,82.97,2234.02,No
8283-UDDT,Female,0,No,No,53,Yes,Yes,DSL,No,No,No,Yes,No,No,One year,No,Credit card (automatic),63.43,3324.14,No
6841-ZOZT,Male,0,Yes,No,39,No,No phone service,No,No internet service,No internet service,No internet service,No internet service,No internet service,No internet service,One year,No,Electronic check,18.0,704.12,No
3109-UYDS,Male,0,No,No,31,Yes,No,No,No internet service,No internet service,No internet service,No internet service,No internet service,No internet service,Month-to-month,No,Bank transfer (automatic),25.25,798.9,No
5117-QUGW,Male,0,No,No,52,No,No phone service,No,No internet service,No internet service,No internet service,No internet service,No internet service,No internet service,Month-to-month,Yes,Electronic check,18.0,889.69,No
6587-NKXR,Male,0,Yes,No,56,Yes,No,Fiber optic,Yes,Yes,No,Yes,No,Yes,One year,No,Electronic check,94.99,4938.77,No
9868-RQUR,Female,0,Yes,Yes,23,Yes,No,DSL,No,Yes,Yes,Yes,No,Yes,Two year,Yes,Electronic check,71.49,1566.55,No
3741-JVOK,Female,0,Yes,No,35,Yes,Yes,No,No internet service,No internet service,No internet service,No internet service,No internet service,No internet service,Two year,No,Bank transfer (automatic),38.87,1254.99,No
3480-VRBK,Male,0,No,Yes,69,Yes,Yes,DSL,Yes,No,No,Yes,No,Yes,Month-to-month,No,Credit card (automatic),67.95,4492.4,No
7542-PPKR,Female,0,Yes,Yes,36,Yes,Yes,DSL,Yes,Yes,No,No,Yes,No,Month-to-month,No,Electronic check,79.95,2719.78,No
2161-IBHL,Male,0,Yes,No,4,Yes,No,Fiber optic,Yes,Yes,No,No,Yes,Yes,Month-to-month,Yes,Mailed check,101.61,379.29,Yes
3009-KQWD,Male,0,No,Yes,28,Yes,Yes,DSL,No,No,Yes,Yes,No,Yes,Month-to-month,Yes,Electronic check,72.43,2025.45,No
2744-FOYT,Female,0,Yes,No,24,Yes,No,DSL,No,Yes,No,Yes,No,No,Month-to-month,Yes,Mailed check,58.43,1395.15,No
6630-XDOU,Female,0,No,No,34,Yes,No,Fiber optic,No,No,No,Yes,Yes,Yes,Two year,Yes,Credit card (automatic),88.34,2847.39,No
9657-YCHH,Male,0,No,No,33,Yes,No,DSL,No,No,Yes,No,No,No,One year,Yes,Electronic check,59.07,1880.05,No
3984-CYRC,Male,1,Yes,No,51,Yes,No,Fiber optic,No,Yes,No,Yes,No,Yes,One year,Yes,Electronic check,84.25,3874.79,Yes
3034-OQEA,Male,0,Yes,No,67,Yes,No,DSL,Yes,No,No,No,Yes,No,One year,No,Mailed check,63.81,4141.25,No
9890-WXBV,Male,0,Yes,No,48,Yes,Yes,Fiber optic,Yes,No,Yes,No,Yes,No,Two year,Yes,Mailed check,86.39,3825.34,No
4167-STKN,Male,0,Yes,No,27,Yes,No,No,No internet service,No internet service,No internet service,No internet service,No internet service,No internet service,One year,Yes,Electronic check,26.91,674.0,No
4518-MSBE,Male,0,Yes,No,29,Yes,No,DSL,Yes,No,No,No,No,Yes,Month-to-month,No,Bank transfer (automatic),60.68,1664.22,Yes
2361-TIIY,Female,0,No,No,24,Yes,Yes,DSL,No,No,Yes,No,Yes,No,One year,Yes,Bank transfer (automatic),67.92,1665.28,No
6023-FVEG,Female,0,Yes,No,29,Yes,No,No,No internet service,No internet service,No internet service,No internet service,No internet service,No internet service,One year,No,Mailed check,29.74,833.57,No
7416-EAZA,Male,1,Yes,No,38,Yes,No,No,No internet service,No internet service,No internet service,No internet service,No internet service,No internet service,Month-to-month,Yes,Mailed check,31.51,1175.54,No
8563-ARFH,Female,0,Yes,Yes,2,No,No phone service,DSL,Yes,No,No,No,Yes,No,Two year,Yes,Bank transfer (automatic),66.48,123.96,No
4551-FFKO,Female,0,No,Yes,17,Yes,No,Fiber optic,Yes,Yes,Yes,Yes,No,No,One year,Yes,Bank transfer (automatic),88.93,1469.61,Yes
4841-SNZQ,Male,0,No,No,56,Yes,Yes,No,No internet service,No internet service,No internet service,No internet service,No internet service,No internet service,Month-to-month,No,Credit card (automatic),33.46,1785.89,No
1505-BIDJ,Male,0,Yes,Yes,65,Yes,No,DSL,No,No,Yes,No,Yes,Yes,One year,Yes,Electronic check,74.63,4523.29,No
4936-UIKB,Male,0,No,Yes,35,Yes,Yes,DSL,No,Yes,No,Yes,Yes,Yes,Month-to-month,Yes,Electronic check,80.05,2714.21,Yes
9280-ETUV,Male,0,No,No,60,Yes,No,Fiber optic,No,Yes,Yes,Yes,No,Yes,One year,No,Credit card (automatic),93.46,5291.05,No
1932-RTDK,Female,0,Yes,No,27,No,No phone service,DSL,No,No,No,No,No,No,Month-to-month,No,Bank transfer (automatic),37.39,973.43,Yes
5491-YKYS,Male,1,No,No,28,Yes,No,Fiber optic,No,No,Yes,Yes,Yes,Yes,Month-to-month,Yes,Credit card (automatic),95.81,2465.34,Yes
4228-MIMM,Male,0,Yes,No,54,Yes,No,Fiber optic,Yes,No,No,Yes,Yes,Yes,One year,No,Electronic check,100.4,4976.37,No
7877-LZAE,Female,0,Yes,No,31,Yes,No,No,No internet service,No internet service,No internet service,No internet service,No internet service,No internet service,Month-to-month,Yes,Bank transfer (automatic),29.69,872.92,No
7239-PUQP,Female,0,Yes,No,66,Yes,No,Fiber optic,Yes,No,Yes,Yes,No,Yes,Month-to-month,Yes,Electronic check,93.49,6143.92,No
6299-FDVJ,Male,1,No,No,40,Yes,No,DSL,No,No,Yes,No,Yes,No,One year,No,Bank transfer (automatic),55.36,2170.63,No
2342-MRFD,Female,0,Yes,Yes,42,Yes,Yes,DSL,No,No,No,Yes,No,No,Month-to-month,No,Credit card (automatic),60.39,2429.71,No
7668-SLTT,Female,1,Yes,No,13,Yes,No,DSL,Yes,No,No,No,No,No,Month-to-month,No,Electronic check,52.67,628.82,No
2023-PMJZ,Female,0,No,No,53,Yes,No,Fiber optic,No,Yes,No,Yes,No,Yes,Month-to-month,Yes,Credit card (automatic),91.18,4361.14,Yes
9246-AZTK,Male,0,No,No,22,Yes,No,DSL,No,No,No,No,Yes,No,Two year,Yes,Mailed check,65.6,1480.95,No
8355-YQPV,Male,0,Yes,Yes,14,Yes,No,Fiber optic,No,No,No,No,No,No,Month-to-month,Yes,Mailed check,66.13,917.48,Yes
8715-YRRY,Male,0,No,No,4,Yes,Yes,Fiber optic,No,No,No,Yes,No,Yes,Two year,No,Mailed check,96.93,363.06,No
5194-IRLG,Male,0,No,No,12,Yes,No,Fiber optic,Yes,No,Yes,No,No,Yes,Month-to-month,Yes,Mailed check,90.02,1096.54,Yes
4205-PHYR,Male,0,No,No,56,Yes,Yes,No,No internet service,No internet service,No internet service,No internet service,No internet service,No internet service,One year,Yes,Mailed check,28.33,1570.94,No
4437-CKPU,Female,1,No,No,14,Yes,Yes,Fiber optic,No,Yes,No,No,No,No,One year,Yes,Mailed check,76.15,1101.79,No
6130-ZSDW,Male,0,Yes,No,10,Yes,Yes,No,No internet service,No internet service,No internet service,No internet service,No internet service,No internet service,One year,Yes,Credit card (automatic),34.38,330.01,No
2605-EVTI,Male,0,No,No,69,Yes,Yes,No,No internet service,No internet service,No internet service,No internet service,No internet service,No internet service,One year,No,Electronic check,37.02,2479.32,No
8750-PBBW,Male,0,Yes,Yes,43,Yes,Yes,DSL,Yes,No,Yes,No,Yes,Yes,Month-to-month,Yes,Bank transfer (automatic),83.38,3276.8,No
1501-BKWH,Female,0,Yes,No,6,Yes,Yes,Fiber optic,No,Yes,No,Yes,Yes,No,One year,No,Electronic check,97.33,513.48,Yes
6790-VRJS,Male,1,Yes,Yes,11,Yes,Yes,No,No internet service,No internet service,No internet service,No internet service,No internet service,No internet service,Two year,No,Bank transfer (automatic),27.07,280.04,No
5558-SRYO,Male,1,Yes,No,15,Yes,No,No,No internet service,No internet service,No internet service,No internet service,No internet service,No internet service,One year,No,Electronic check,27.82,394.97,No
4765-TEBO,Female,1,Yes,Yes,27,Yes,No,Fiber optic,Yes,Yes,Yes,No,No,Yes,Month-to-month,Yes,Bank transfer (automatic),98.88,2506.13,No
4589-HHWP,Female,0,No,No,6,No,No phone service,DSL,No,Yes,No,No,Yes,No,One year,Yes,Credit card (automatic),54.84,325.82,No
6556-QOAM,Male,0,Yes,No,33,Yes,Yes,Fiber optic,No,No,Yes,Yes,No,No,One year,No,Mailed check,91.89,2827.54,Yes
3050-GHJQ,Female,0,No,Yes,68,Yes,No,No,No internet service,No internet service,No internet service,No internet service,No internet service,No internet service,Month-to-month,No,Electronic check,23.99,1591.08,No
4617-SXWS,Female,0,No,Yes,27,Yes,No,DSL,No,No,No,No,Yes,No,Two year,No,Bank transfer (automatic),55.44,1402.38,No
2837-AKLM,Female,0,No,No,53,Yes,No,No,No internet service,No internet service,No internet service,No internet service,No internet service,No internet service,One year,No,Mailed check,27.71,1444.48,No
3594-CZBC,Male,0,No,No,30,Yes,Yes,DSL,No,No,Yes,Yes,Yes,Yes,One year,No,Electronic check,78.87,2123.42,No
7808-SXZY,Female,0,No,No,51,Yes,No,No,No internet service,No internet service,No internet service,No internet service,No internet service,No internet service,Two year,No,Bank transfer (automatic),20.64,993.09,No
5616-NRCR,Female,0,No,No,55,Yes,Yes,Fiber optic,No,No,Yes,No,No,Yes,One year,Yes,Electronic check,84.97,4522.03,No
7875-RQSX,Female,0,No,Yes,62,Yes,No,DSL,No,Yes,No,No,Yes,No,Month-to-month,Yes,Electronic check,65.58,4176.49,No
4838-WGFO,Female,0,Yes,No,11,Yes,No,No,No internet service,No internet service,No internet service,No internet service,No internet service,No internet service,Month-to-month,Yes,Electronic check,23.39,222.63,Yes
7713-OSNC,Female,0,No,No,64,Yes,No,DSL,No,No,No,Yes,Yes,No,One year,No,Mailed check,58.87,3656.87,No
2664-FMQF,Male,0,Yes,Yes,36,Yes,No,No,No internet service,No internet service,No internet service,No internet service,No internet service,No internet service,Month-to-month,Yes,Electronic check,29.83,969.7,No
5968-SIBK,Female,0,Yes,No,32,Yes,Yes,Fiber optic,No,No,No,No,No,No,Month-to-month,Yes,Electronic check,74.21,2286.18,Yes
2578-GEYR,Male,0,No,Yes,68,Yes,No,No,No internet service,No internet service,No internet service,No internet service,No internet service,No internet service,Two year,Yes,Electronic check,23.22,1482.53,No
5900-ZIAE,Male,0,Yes,Yes,2,Yes,No,DSL,No,Yes,No,No,Yes,No,Month-to-month,No,Credit card (automatic),69.37,132.93,No
2126-KYDG,Female,0,No,Yes,40,Yes,Yes,No,No internet service,No internet service,No internet service,No internet service,No internet service,No internet service,Two year,No,Electronic check,31.95,1352.03,No
8900-EPZE,Male,0,Yes,No,62,Yes,Yes,DSL,No,Yes,Yes,Yes,No,No,Two year,No,Bank transfer (automatic),68.04,4195.73,No
7642-QFWA,Female,0,Yes,No,20,Yes,No,Fiber optic,No,No,Yes,No,No,Yes,One year,No,Electronic check,80.77,1563.33,No
9854-QUTK,Male,0,Yes,No,56,Yes,Yes,Fiber optic,No,No,No,Yes,No,No,Month-to-month,Yes,Mailed check,74.88,4090.3,Yes
2703-FJXK,Male,1,No,No,67,Yes,No,DSL,Yes,No,No,No,Yes,No,Month-to-month,No,Bank transfer (automatic),64.69,4295.25,No
1998-QCPL,Male,1,Yes,Yes,18,Yes,Yes,Fiber optic,No,No,No,No,Yes,No,Two year,Yes,Credit card (automatic),82.77,1441.51,No
7536-DMQW,Male,1,Yes,No,28,Yes,Yes,DSL,Yes,No,Yes,No,No,Yes,Month-to-month,No,Bank transfer (automatic),75.42,2190.26,Yes
5436-GLVX,Female,0,No,No,30,Yes,Yes,Fiber optic,Yes,Yes,Yes,No,No,No,Two year,No,Mailed check,86.81,2399.87,No
8874-MRQK,Female,0,Yes,Yes,51,Yes,Yes,Fiber optic,Yes,Yes,Yes,No,Yes,No,Month-to-month,Yes,Electronic check,94.77,4597.04,Yes
1262-WIYL,Male,0,No,No,29,Yes,Yes,No,No internet service,No internet service,No internet service,No internet service,No internet service,No internet service,Month-to-month,Yes,Electronic check,23.63,654.42,Yes
2389-RIHL,Female,0,Yes,Yes,47,Yes,No,No,No internet service,No internet service,No internet service,No internet service,No internet service,No internet service,Month-to-month,Yes,Electronic check,18.0,771.76,Yes
3866-VFJT,Male,0,Yes,No,51,Yes,No,DSL,Yes,No,No,No,No,Yes,Month-to-month,No,Electronic check,65.82,3185.1,No
8574-CJOB,Female,0,Yes,No,54,Yes,Yes,No,No internet service,No internet service,No internet service,No internet service,No internet service,No internet service,Month-to-month,Yes,Bank transfer (automatic),28.22,1523.01,No
8018-XYHT,Male,0,No,No,10,No,No phone service,Fiber optic,Yes,No,No,No,Yes,Yes,Two year,Yes,Bank transfer (automatic),87.47,762.93,No
9818-XJBJ,Female,0,Yes,No,16,Yes,Yes,No,No internet service,No internet service,No internet service,No internet service,No internet service,No internet service,One year,Yes,Bank transfer (automatic),26.83,411.26,No
4738-TNJD,Female,1,No,No,37,Yes,No,DSL,No,No,Yes,No,No,No,Month-to-month,No,Mailed check,55.87,2098.39,No
2922-ODUO,Female,0,No,Yes,19,Yes,No,No,No internet service,No internet service,No internet service,No internet service,No internet service,No internet service,Month-to-month,Yes,Electronic check,26.36,492.46,No
3230-RPGT,Female,0,No,No,28,Yes,No,Fiber optic,No,Yes,No,No,No,No,Two year,No,Bank transfer (automatic),73.28,1888.71,No
1497-ZFGG,Female,0,Yes,No,22,No,No phone service,No,No internet service,No internet service,No internet service,No internet service,No internet service,No internet service,Two year,No,Mailed check,18.0,390.11,No
3377-PZFQ,Male,0,Yes,No,31,Yes,No,Fiber optic,Yes,Yes,No,No,No,Yes,Two year,Yes,Credit card (automatic),88.1,2544.5,No
9564-JVNE,Female,0,Yes,No,29,Yes,No,DSL,No,Yes,Yes,No,No,Yes,One year,Yes,Electronic check,66.42,1845.15,No
7515-EHGU,Female,0,Yes,No,16,Yes,No,No,No internet service,No internet service,No internet service,No internet service,No internet service,No internet service,Two year,Yes,Mailed check,28.04,438.54,No
8296-ZZQW,Female,0,Yes,No,46,Yes,Yes,DSL,Yes,Yes,Yes,No,No,Yes,Month-to-month,Yes,Electronic check,81.74,3490.36,No
4181-UUKC,Female,0,No,Yes,38,Yes,Yes,No,No internet service,No internet service,No internet service,No internet service,No internet service,No internet service,One year,Yes,Electronic check,32.13,1262.48,No
3755-MREW,Male,0,Yes,No,26,Yes,No,DSL,No,Yes,No,No,No,Yes,Month-to-month,Yes,Bank transfer (automatic),58.07,1315.72,No
6684-DUUX,Male,0,Yes,Yes,25,Yes,Yes,No,No internet service,No internet service,No internet service,No internet service,No internet service,No internet service,One year,No,Electronic check,25.67,609.08,No
3104-SRHV,Female,0,No,Yes,39,Yes,Yes,Fiber optic,No,Yes,Yes,No,Yes,Yes,One year,Yes,Credit card (automatic),100.71,3765.78,No
6064-OSLA,Male,0,Yes,No,3,Yes,No,DSL,No,No,No,Yes,No,No,Month-to-month,No,Electronic check,51.14,146.88,Yes
8297-VMGB,Male,0,Yes,No,61,Yes,No,No,No internet service,No internet service,No internet service,No internet service,No internet service,No internet service,Month-to-month,Yes,Mailed check,33.66,2054.69,No
5518-FXJS,Female,0,Yes,Yes,19,Yes,No,No,No internet service,No internet service,No internet service,No internet service,No internet service,No internet service,One year,Yes,Bank transfer (automatic),24.67,461.35,No
2019-WVFN,Female,0,Yes,Yes,23,Yes,No,Fiber optic,No,Yes,Yes,No,Yes,Yes,Two year,No,Electronic check,85.93,1894.95,No
7557-OVMQ,Female,0,Yes,Yes,33,Yes,Yes,Fiber optic,No,No,Yes,Yes,No,No,Month-to-month,No,Mailed check,91.6,2934.48,No
8188-TWRL,Female,0,No,No,3,Yes,Yes,Fiber optic,No,Yes,Yes,No,No,No,Month-to-month,No,Credit card (automatic),90.91,259.51,Yes
9274-AWAL,Male,0,Yes,No,10,Yes,No,Fiber optic,No,No,No,Yes,No,Yes,Month-to-month,Yes,Mailed check,77.55,729.59,No
2630-WXWV,Female,1,No,Yes,6,Yes,No,Fiber optic,Yes,No,Yes,No,Yes,No,One year,Yes,Credit card (automatic),99.94,591.88,No
4801-REGI,Female,0,No,No,63,Yes,No,DSL,No,No,Yes,No,No,No,Month-to-month,Yes,Bank transfer (automatic),56.04,3328.51,No
8240-DLEH,Female,0,No,No,36,Yes,No,DSL,No,Yes,Yes,No,Yes,Yes,Month-to-month,No,Electronic check,78.41,2633.22,No
5431-NAMR,Male,0,Yes,No,1,Yes,Yes,DSL,Yes,No,Yes,Yes,No,No,Two year,Yes,Electronic check,68.31,65.79,No
6910-ALKT,Female,0,Yes,No,33,Yes,Yes,Fiber optic,No,Yes,Yes,No,Yes,No,Two year,No,Mailed check,85.41,2734.6,Yes
6902-JDJB,Female,0,No,No,66,Yes,Yes,Fiber optic,No,Yes,Yes,Yes,Yes,No,Month-to-month,No,Electronic check,95.43,5995.43,No
9730-NYZC,Female,0,Yes,Yes,33,No,No phone service,DSL,No,Yes,No,No,Yes,No,Month-to-month,No,Electronic check,55.04,1711.34,No
2957-VBBQ,Female,0,No,No,18,Yes,No,DSL,No,No,No,No,Yes,Yes,Two year,Yes,Electronic check,60.79,1089.48,No
7453-EBDG,Female,0,Yes,Yes,51,No,No phone service,No,No internet service,No internet service,No internet service,No internet service,No internet service,No internet service,One year,Yes,Electronic check,21.58,998.14,No
7449-NSPJ,Female,0,Yes,Yes,51,Yes,Yes,No,No internet service,No internet service,No internet service,No internet service,No internet service,No internet service,One year,Yes,Mailed check,25.23,1243.61,No
5879-PAHW,Female,0,No,No,66,Yes,Yes,Fiber optic,Yes,Yes,Yes,No,Yes,Yes,One year,Yes,Mailed check,102.33,6788.01,No
1653-XNFS,Male,0,No,Yes,10,Yes,Yes,DSL,Yes,Yes,Yes,No,Yes,Yes,Month-to-month,No,Electronic check,83.71,742.27,Yes
8240-PFQN,Male,0,No,No,31,Yes,Yes,DSL,Yes,Yes,No,No,Yes,No,Two year,Yes,Mailed check,76.43,2060.85,No
3672-YMZS,Male,0,Yes,No,69,Yes,Yes,No,No internet service,No internet service,No internet service,No internet service,No internet service,No internet service,Two year,Yes,Electronic check,25.98,1801.16,No
2191-NABV,Female,0,Yes,No,30,No,No phone service,Fiber optic,Yes,Yes,Yes,No,No,No,Month-to-month,Yes,Mailed check,84.73,2451.17,Yes
5794-CYFT,Male,0,Yes,No,19,Yes,No,Fiber optic,No,No,No,Yes,Yes,Yes,Month-to-month,No,Mailed check,88.91,1601.58,No
2461-LLVD,Male,0,Yes,No,34,No,No phone service,DSL,No,No,Yes,No,Yes,No,Two year,No,Mailed check,47.0,1447.34,No
9557-WYGH,Female,0,No,No,25,No,No phone service,No,No internet service,No internet service,No internet service,No internet service,No internet service,No internet service,Two year,Yes,Bank transfer (automatic),18.0,427.35,No
1352-KVMC,Female,0,No,No,12,Yes,No,Fiber optic,Yes,Yes,No,Yes,No,No,Two year,No,Credit card (automatic),87.82,993.61,No
9660-IEIN,Female,1,Yes,No,30,No,No phone service,Fiber optic,Yes,No,No,No,Yes,Yes,Month-to-month,No,Electronic check,79.42,2173.99,Yes
3794-YZOX,Female,0,Yes,No,18,Yes,Yes,DSL,Yes,No,Yes,No,Yes,No,Two year,Yes,Credit card (automatic),69.45,1166.3,No
6800-OGDU,Female,0,No,No,19,No,No phone service,DSL,No,Yes,No,No,Yes,Yes,Month-to-month,No,Mailed check,60.18,1120.75,No
1255-OFGR,Male,0,No,No,33,Yes,Yes,Fiber optic,Yes,Yes,Yes,Yes,No,Yes,Month-to-month,Yes,Credit card (automatic),103.45,3194.71,Yes
2805-OEQL,Male,0,No,No,47,Yes,Yes,DSL,Yes,Yes,No,Yes,No,Yes,Two year,Yes,Electronic check,74.68,3631.33,No
6125-GERE,Female,1,No,No,10,Yes,No,Fiber optic,No,Yes,No,No,No,No,One year,Yes,Electronic check,77.07,766.35,Yes
9487-QVLL,Male,0,Yes,Yes,12,Yes,No,No,No internet service,No internet service,No internet service,No internet service,No internet service,No internet service,Month-to-month,Yes,Electronic check,28.42,353.31,No
8554-YYNK,Male,1,Yes,Yes,46,Yes,No,Fiber optic,No,No,Yes,No,No,No,One year,Yes,Bank transfer (automatic),71.8,3178.06,No
1381-EFMK,Male,0,Yes,Yes,11,Yes,No,DSL,No,Yes,Yes,No,Yes,Yes,Month-to-month,Yes,Electronic check,72.64,777.13,No
2422-BVTP,Male,0,Yes,No,32,Yes,No,Fiber optic,Yes,No,No,No,No,No,Month-to-month,No,Mailed check,80.84,2589.16,No
8184-OEON,Female,0,Yes,Yes,47,Yes,No,Fiber optic,Yes,No,Yes,No,Yes,No,One year,Yes,Mailed check,91.44,4068.83,No
7215-LESV,Female,1,No,No,36,Yes,Yes,Fiber optic,Yes,Yes,Yes,No,Yes,No,Month-to-month,No,Electronic check,99.53,3497.92,Yes
7542-PGTR,Female,0,No,Yes,65,Yes,No,No,No internet service,No internet service,No internet service,No internet service,No internet service,No internet service,Month-to-month,Yes,Electronic check,25.22,1499.81,No
6415-MNEK,Female,0,Yes,No,37,Yes,No,Fiber optic,No,Yes,No,No,Yes,Yes,Month-to-month,Yes,Mailed check,86.68,3004.85,Yes
3469-YUKI,Male,0,No,No,15,Yes,Yes,No,No internet service,No internet service,No internet service,No internet service,No internet service,No internet service,Month-to-month,No,Credit card (automatic),32.34,466.67,No
7918-IIXY,Female,0,No,No,53,Yes,No,No,No internet service,No internet service,No internet service,No internet service,No internet service,No internet service,Month-to-month,Yes,Credit card (automatic),33.8,1659.63,No
1940-TSTD,Male,0,No,Yes,61,Yes,No,DSL,No,Yes,Yes,No,No,No,One year,No,Electronic check,66.5,4235.53,No
5396-BKWQ,Male,0,No,No,68,Yes,No,No,No internet service,No internet service,No internet service,No internet service,No internet service,No internet service,Month-to-month,Yes,Bank transfer (automatic),23.0,1409.74,Yes
5959-NNUS,Male,0,Yes,Yes,50,Yes,No,No,No internet service,No internet service,No internet service,No internet service,No internet service,No internet service,Month-to-month,No,Bank transfer (automatic),25.72,1216.18,No
5928-XSPM,Male,0,No,No,31,No,No phone service,DSL,Yes,Yes,Yes,No,Yes,Yes,Month-to-month,Yes,Credit card (automatic),71.7,2196.07,No
5822-RJDM,Male,0,Yes,Yes,30,Yes,Yes,DSL,Yes,No,Yes,No,Yes,No,One year,Yes,Electronic check,65.15,1778.05,No
9370-CNAE,Female,0,Yes,No,8,Yes,No,Fiber optic,No,No,No,Yes,No,Yes,Month-to-month,Yes,Bank transfer (automatic),85.97,646.74,No
6405-YZPG,Male,1,Yes,Yes,64,Yes,No,Fiber optic,Yes,Yes,No,No,Yes,No,Month-to-month,No,Bank transfer (automatic),90.62,5334.5,No
8827-ESFU,Male,0,Yes,No,32,Yes,No,DSL,No,No,No,No,Yes,Yes,One year,Yes,Bank transfer (automatic),68.95,2172.03,No
8278-NCXQ,Female,1,No,No,1,Yes,Yes,DSL,Yes,No,No,No,Yes,Yes,One year,No,Mailed check,73.0,71.81,No
8200-QPOO,Female,0,No,No,61,Yes,No,DSL,Yes,No,No,Yes,No,No,Month-to-month,Yes,Bank transfer (automatic),62.96,3705.9,No
4908-QIHS,Female,0,Yes,No,43,Yes,No,DSL,Yes,Yes,No,Yes,No,Yes,Month-to-month,No,Bank transfer (automatic),79.93,3221.04,No
9066-KYCJ,Male,0,Yes,Yes,67,Yes,Yes,Fiber optic,Yes,No,No,No,No,Yes,Month-to-month,No,Electronic check,89.07,5561.21,No
6099-UMFI,Male,1,Yes,No,51,Yes,Yes,DSL,Yes,No,No,No,No,No,Month-to-month,No,Credit card (automatic),67.11,3136.74,No
8554-VIMO,Male,1,Yes,Yes,24,Yes,No,Fiber optic,No,Yes,No,Yes,Yes,No,Month-to-month,Yes,Electronic check,89.52,2018.12,Yes
7212-CIAA,Male,1,Yes,Yes,34,Yes,Yes,DSL,Yes,Yes,No,Yes,Yes,Yes,One year,Yes,Bank transfer (automatic),80.21,2614.46,No
6273-NPWM,Female,0,No,No,65,Yes,No,Fiber optic,No,No,No,No,Yes,No,Month-to-month,Yes,Credit card (automatic),82.59,5035.69,No
9228-KVYD,Female,0,Yes,No,25,Yes,No,No,No internet service,No internet service,No internet service,No internet service,No internet service,No internet service,Month-to-month,Yes,Credit card (automatic),30.7,733.45,No
1837-FBPN,Male,0,No,No,62,Yes,No,No,No internet service,No internet service,No internet service,No internet service,No internet service,No internet service,Month-to-month,No,Electronic check,20.87,1295.49,No
3542-SRYH,Male,0,Yes,No,14,Yes,Yes,DSL,No,No,Yes,Yes,No,Yes,Two year,Yes,Credit card (automatic),69.6,952.61,No
2278-APJI,Female,0,No,No,43,Yes,No,DSL,No,Yes,No,No,Yes,No,Two year,Yes,Electronic check,64.91,2540.02,No
6837-GRKR,Male,1,Yes,No,19,No,No phone service,Fiber optic,No,Yes,No,No,No,Yes,Two year,Yes,Bank transfer (automatic),73.41,1232.93,No
9744-KHZE,Female,0,No,No,9,Yes,Yes,Fiber optic,No,Yes,Yes,No,Yes,No,Month-to-month,Yes,Credit card (automatic),91.56,789.17,Yes
7750-TVFN,Male,0,No,Yes,16,Yes,Yes,DSL,Yes,No,Yes,No,Yes,Yes,Two year,Yes,Bank transfer (automatic),77.61,1308.47,No
9683-XJMT,Male,0,No,No,58,Yes,Yes,DSL,Yes,Yes,No,Yes,No,No,Two year,Yes,Electronic check,71.43,4102.94,No
4930-DOZT,Male,0,No,No,20,Yes,No,No,No internet service,No internet service,No internet service,No internet service,No internet service,No internet service,Month-to-month,No,Bank transfer (automatic),24.24,472.89,No
1931-PPOU,Female,0,Yes,Yes,33,Yes,No,DSL,Yes,No,No,No,Yes,No,One year,No,Credit card (automatic),55.32,1714.84,No
5616-EGQO,Male,0,No,No,20,Yes,No,No,No internet service,No internet service,No internet service,No internet service,No internet service,No internet service,Two year,No,Bank transfer (automatic),24.04,468.28,No
8605-MXRJ,Male,1,No,Yes,28,Yes,No,DSL,No,No,No,Yes,Yes,Yes,Month-to-month,No,Credit card (automatic),71.18,1997.73,No
2337-PZAW,Male,0,Yes,Yes,47,Yes,Yes,DSL,No,No,No,No,No,No,Month-to-month,Yes,Credit card (automatic),54.82,2477.89,No
1462-ETAP,Male,0,Yes,No,62,Yes,No,DSL,Yes,Yes,No,Yes,Yes,Yes,Month-to-month,No,Electronic check,71.59,4277.42,Yes
7774-QERW,Female,1,No,Yes,1,Yes,Yes,No,No internet service,No internet service,No internet service,No internet service,No internet service,No internet service,One year,Yes,Credit card (automatic),32.09,31.14,No
4152-HFHQ,Female,1,No,Yes,49,Yes,Yes,Fiber optic,Yes,Yes,No,No,Yes,No,Two year,No,Electronic check,94.64,4443.42,No
3593-URBW,Male,0,No,No,30,Yes,Yes,No,No internet service,No internet service,No internet service,No internet service,No internet service,No internet service,Month-to-month,Yes,Credit card (automatic),28.5,823.63,No
5595-XCDQ,Male,0,Yes,Yes,29,Yes,No,Fiber optic,Yes,Yes,No,Yes,No,Yes,Two year,Yes,Bank transfer (automatic),91.43,2680.54,No
1770-PPZB,Female,0,No,Yes,69,Yes,No,DSL,Yes,Yes,Yes,Yes,Yes,Yes,Month-to-month,No,Mailed check,85.44,5757.73,No
1682-HUVL,Female,0,Yes,No,56,Yes,No,DSL,Yes,No,Yes,No,No,Yes,Two year,Yes,Electronic check,65.3,3496.57,No
2032-YSMU,Female,0,No,No,20,Yes,Yes,Fiber optic,Yes,Yes,No,Yes,No,Yes,One year,Yes,Credit card (automatic),100.28,1935.45,Yes
4980-LQBC,Female,0,No,No,62,Yes,No,DSL,No,Yes,No,No,Yes,Yes,Month-to-month,Yes,Bank transfer (automatic),63.34,3602.27,No
3929-TBRT,Female,0,No,No,30,Yes,Yes,Fiber optic,No,No,No,No,No,Yes,Month-to-month,No,Credit card (automatic),86.76,2491.2,Yes
6139-WFLA,Female,0,Yes,No,16,Yes,No,No,No internet service,No internet service,No internet service,No internet service,No internet service,No internet service,Month-to-month,No,Bank transfer (automatic),25.52,398.62,No
1248-VFRC,Female,0,No,No,45,Yes,Yes,No,No internet service,No internet service,No internet service,No internet service,No internet service,No internet service,Month-to-month,Yes,Electronic check,34.11,1274.65,No
8735-IXYN,Female,0,No,No,60,Yes,No,No,No internet service,No internet service,No internet service,No internet service,No internet service,No internet service,Two year,No,Bank transfer (automatic),24.21,1402.41,No
5661-KDUV,Male,0,No,No,53,No,No phone service,Fiber optic,Yes,No,No,No,Yes,No,Two year,Yes,Bank transfer (automatic),76.81,3800.32,No
2064-AVDD,Female,0,Yes,No,4,Yes,Yes,Fiber optic,Yes,No,No,No,Yes,No,Month-to-month,Yes,Electronic check,85.67,299.38,Yes
1341-OHMR,Female,0,No,Yes,28,Yes,No,Fiber optic,No,No,Yes,No,Yes,Yes,One year,Yes,Credit card (automatic),94.72,2587.68,Yes
8372-XDSB,Female,1,Yes,Yes,42,Yes,No,Fiber optic,No,Yes,No,Yes,Yes,No,Month-to-month,No,Bank transfer (automatic),88.82,3503.12,Yes
3104-XRHB,Male,1,No,No,10,Yes,No,Fiber optic,Yes,Yes,No,No,Yes,Yes,Month-to-month,No,Mailed check,99.95,994.4,Yes
3510-UWZR,Female,0,Yes,No,14,Yes,Yes,Fiber optic,No,Yes,No,No,Yes,Yes,Month-to-month,No,Electronic check,94.79,1289.27,Yes
2651-OQWN,Male,0,No,Yes,15,Yes,Yes,Fiber optic,No,No,No,Yes,Yes,Yes,Month-to-month,Yes,Electronic check,92.38,1406.05,No
9957-MLKL,Female,0,No,No,10,Yes,No,Fiber optic,No,Yes,Yes,No,Yes,No,Two year,Yes,Credit card (automatic),83.5,837.75,Yes
6752-PJSV,Female,0,Yes,No,61,Yes,Yes,DSL,Yes,No,Yes,No,No,Yes,One year,Yes,Electronic check,70.97,3940.69,No
3036-ULXB,Male,0,No,No,5,Yes,No,No,No internet service,No internet service,No internet service,No internet service,No internet service,No internet service,Month-to-month,Yes,Electronic check,27.45,132.1,No
9591-URDD,Male,0,Yes,No,37,Yes,No,DSL,Yes,Yes,Yes,Yes,Yes,Yes,One year,Yes,Mailed check,82.79,2842.55,No
6530-QPEB,Female,0,No,No,41,Yes,Yes,Fiber optic,Yes,Yes,No,Yes,No,Yes,Month-to-month,No,Bank transfer (automatic),96.97,3882.93,No
5066-THOM,Female,0,No,Yes,12,Yes,No,No,No internet service,No internet service,No internet service,No internet service,No internet service,No internet service,Month-to-month,Yes,Bank transfer (automatic),20.86,235.98,No
4102-PHUI,Female,1,Yes,No,3,No,No phone service,No,No internet service,No internet service,No internet service,No internet service,No internet service,No internet service,Month-to-month,Yes,Bank transfer (automatic),20.71,63.97,Yes
4940-EUSF,Male,0,No,No,43,Yes,No,No,No internet service,No internet service,No internet service,No internet service,No internet service,No internet service,Month-to-month,Yes,Credit card (automatic),26.04,1018.92,No
1835-WNOS,Male,1,No,No,32,Yes,No,Fiber optic,Yes,No,No,No,No,Yes,Month-to-month,Yes,Mailed check,87.59,2633.68,No
1114-CITR,Female,0,Yes,Yes,64,Yes,Yes,DSL,No,No,Yes,Yes,No,No,Month-to-month,No,Credit card (automatic),71.1,4727.42,No
1418-CZHQ,Female,1,Yes,No,39,Yes,Yes,No,No internet service,No internet service,No internet service,No internet service,No internet service,No internet service,Month-to-month,Yes,Electronic check,35.71,1271.4,No
1612-HCTD,Female,0,Yes,No,50,Yes,Yes,Fiber optic,No,No,No,No,Yes,Yes,Month-to-month,Yes,Electronic check,89.88,4418.86,Yes
1721-RNJH,Male,0,Yes,Yes,42,Yes,No,DSL,No,No,No,Yes,No,No,Month-to-month,Yes,Credit card (automatic),52.43,2150.12,No
2929-IGPO,Male,0,No,No,18,Yes,No,DSL,Yes,No,No,No,Yes,No,Month-to-month,No,Electronic check,56.82,1039.7,No
2720-AYGS,Male,0,No,Yes,2,Yes,Yes,Fiber optic,Yes,No,No,No,Yes,Yes,Two year,No,Mailed check,101.01,190.85,No
5078-ENYQ,Female,0,No,Yes,41,Yes,Yes,Fiber optic,Yes,No,No,No,No,No,One year,Yes,Electronic check,85.04,3322.34,No
4709-DKAD,Male,0,No,Yes,10,Yes,Yes,Fiber optic,No,Yes,No,Yes,No,No,Month-to-month,Yes,Mailed check,88.28,828.4,Yes
5983-VELH,Male,0,No,No,39,Yes,Yes,No,No internet service,No internet service,No internet service,No internet service,No internet service,No internet service,Two year,No,Electronic check,35.38,1336.75,No
5673-UVUC,Male,0,Yes,No,43,Yes,Yes,Fiber optic,No,Yes,Yes,Yes,Yes,No,Two year,No,Mailed check,99.44,4042.97,No
3278-CDAH,Male,0,No,Yes,68,Yes,Yes,No,No internet service,No internet service,No internet service,No internet service,No internet service,No internet service,One year,No,Electronic check,33.31,2080.78,No
1526-JBPM,Female,0,No,No,55,Yes,Yes,Fiber optic,No,No,Yes,Yes,No,Yes,Month-to-month,No,Electronic check,97.25,4990.93,No
6194-JVTJ,Female,0,Yes,Yes,18,Yes,No,Fiber optic,Yes,Yes,No,Yes,No,No,Month-to-month,Yes,Credit card (automatic),96.01,1603.07,Yes
7964-UMDG,Female,0,No,Yes,55,Yes,No,Fiber optic,Yes,Yes,No,No,Yes,Yes,Month-to-month,No,Electronic check,103.51,5637.43,No
6524-RSNP,Female,0,Yes,No,21,Yes,Yes,No,No internet service,No internet service,No internet service,No internet service,No internet service,No internet service,Month-to-month,No,Bank transfer (automatic),29.06,556.46,No
2919-UBFC,Female,0,No,No,20,No,No phone service,No,No internet service,No internet service,No internet service,No internet service,No internet service,No internet service,Month-to-month,No,Mailed check,18.23,335.8,Yes
3692-SUVX,Female,0,No,No,57,Yes,Yes,DSL,Yes,No,No,No,Yes,No,Month-to-month,No,Electronic check,63.99,3349.15,No
2375-DJUA,Female,0,Yes,Yes,18,Yes,No,DSL,No,No,Yes,Yes,Yes,No,Month-to-month,No,Mailed check,70.17,1206.67,Yes
4607-LDET,Female,1,Yes,No,28,Yes,No,No,No internet service,No internet service,No internet service,No internet service,No internet service,No internet service,Two year,No,Electronic check,26.58,669.87,No
1810-AVEQ,Female,1,No,No,23,No,No phone service,No,No internet service,No internet service,No internet service,No internet service,No internet service,No internet service,Two year,Yes,Mailed check,22.2,500.52,No
3196-NWED,Female,0,No,No,47,Yes,No,DSL,Yes,No,No,Yes,No,Yes,Month-to-month,No,Bank transfer (automatic),67.08,3020.07,No
1018-NAJM,Female,0,Yes,No,10,Yes,Yes,No,No internet service,No internet service,No internet service,No internet service,No internet service,No internet service,Month-to-month,Yes,Credit card (automatic),27.81,256.27,No
8701-ALAJ,Male,0,No,Yes,25,Yes,No,Fiber optic,Yes,Yes,Yes,Yes,Yes,No,Month-to-month,Yes,Bank transfer (automatic),89.09,2165.33,No
2818-CAXF,Male,0,No,No,20,Yes,No,Fiber optic,Yes,Yes,No,No,No,No,One year,Yes,Credit card (automatic),86.57,1644.22,No
4599-NQUZ,Female,0,Yes,No,29,Yes,Yes,Fiber optic,No,No,Yes,No,Yes,No,Two year,No,Mailed check,90.84,2419.49,No
1060-YYLK,Female,0,No,No,42,Yes,No,DSL,No,No,Yes,No,Yes,No,Two year,Yes,Electronic check,59.0,2397.94,No
3941-VLTF,Male,0,No,No,51,Yes,No,DSL,Yes,Yes,No,No,Yes,Yes,Two year,Yes,Bank transfer (automatic),77.99,3784.93,No
6855-ANRP,Female,0,No,No,18,Yes,Yes,No,No internet service,No internet service,No internet service,No internet service,No internet service,No internet service,One year,No,Credit card (automatic),26.08,465.57,No
4020-XCFR,Female,1,Yes,No,68,No,No phone service,Fiber optic,Yes,No,No,Yes,Yes,No,Month-to-month,Yes,Mailed check,83.58,4961.18,No
2290-RNSJ,Female,0,Yes,No,50,Yes,Yes,No,No internet service,No internet service,No internet service,No internet service,No internet service,No internet service,Month-to-month,Yes,Credit card (automatic),24.68,1072.3,No
4757-SCRG,Male,0,No,No,60,Yes,Yes,DSL,Yes,Yes,No,Yes,Yes,No,Month-to-month,Yes,Credit card (automatic),68.89,4245.71,Yes
4781-RNUV,Male,0,No,No,33,Yes,No,Fiber optic,No,No,No,No,Yes,Yes,Month-to-month,Yes,Mailed check,86.51,2791.42,No
6327-UVUN,Female,0,No,Yes,53,Yes,Yes,Fiber optic,Yes,Yes,No,No,No,No,Month-to-month,Yes,Mailed check,89.51,4413.29,Yes
9033-WHVH,Male,0,No,No,4,Yes,Yes,Fiber optic,Yes,Yes,No,Yes,Yes,No,Month-to-month,No,Electronic check,95.3,381.4,Yes
1623-HUJO,Male,0,No,No,58,Yes,No,Fiber optic,No,Yes,No,No,Yes,Yes,Month-to-month,Yes,Mailed check,92.25,4838.11,Yes
3245-ODJB,Female,0,No,Yes,50,No,No phone service,DSL,No,No,No,No,Yes,No,Month-to-month,Yes,Mailed check,53.73,2753.93,No
7025-CFOY,Female,0,Yes,No,30,Yes,No,DSL,Yes,No,No,No,Yes,No,Two year,No,Electronic check,65.33,1924.31,No
5918-CZNV,Female,0,Yes,No,39,No,No phone service,Fiber optic,Yes,Yes,No,No,No,No,Month-to-month,Yes,Mailed check,74.37,2744.07,Yes
4201-GYRN,Female,0,No,No,53,Yes,No,Fiber optic,No,No,Yes,No,Yes,Yes,One year,No,Mailed check,92.84,4402.51,No
8930-OTGX,Male,0,Yes,No,3,Yes,Yes,Fiber optic,No,No,Yes,Yes,No,No,Month-to-month,Yes,Electronic check,83.46,233.89,Yes
5777-WWGZ,Female,0,No,No,26,Yes,No,No,No internet service,No internet service,No internet service,No internet service,No internet service,No internet service,Month-to-month,No,Bank transfer (automatic),24.85,664.83,Yes
8098-CPCT,Male,0,Yes,No,43,Yes,No,DSL,No,Yes,Yes,No,No,Yes,Two year,No,Electronic check,60.18,2488.17,No
8925-LPYV,Female,0,No,Yes,29,Yes,No,Fiber optic,No,Yes,Yes,Yes,No,Yes,Month-to-month,Yes,Bank transfer (automatic),92.65,2357.66,No
4978-JDZP,Female,0,Yes,No,50,Yes,No,Fiber optic,No,No,Yes,No,No,No,Month-to-month,Yes,Electronic check,76.9,3729.28,Yes
8304-TMIA,Male,0,Yes,No,32,Yes,No,No,No internet service,No internet service,No internet service,No internet service,No internet service,No internet service,One year,No,Electronic check,21.45,684.81,No
1813-DKQJ,Male,1,No,Yes,27,Yes,No,DSL,Yes,No,Yes,Yes,No,Yes,Month-to-month,Yes,Bank transfer (automatic),65.62,1741.12,No
1878-VOTZ,Male,1,No,Yes,12,Yes,No,No,No internet service,No internet service,No internet service,No internet service,No internet service,No internet service,Month-to-month,Yes,Electronic check,22.86,275.58,Yes
6254-PUMI,Male,0,Yes,No,5,Yes,No,DSL,No,Yes,No,No,No,No,Month-to-month,Yes,Credit card (automatic),54.65,257.03,No
8829-AIPP,Male,0,Yes,Yes,9,Yes,No,Fiber optic,No,No,No,No,Yes,No,One year,Yes,Bank transfer (automatic),91.55,787.4,No
6753-BBYY,Male,0,Yes,No,41,Yes,No,Fiber optic,Yes,No,Yes,Yes,Yes,Yes,Month-to-month,No,Electronic check,100.4,4091.45,Yes
9950-YTPY,Male,0,Yes,Yes,61,No,No phone service,DSL,No,Yes,No,Yes,Yes,Yes,Month-to-month,No,Electronic check,69.93,4020.46,No
9333-IQXO,Male,1,Yes,Yes,13,Yes,No,DSL,No,Yes,No,No,No,Yes,Month-to-month,Yes,Bank transfer (automatic),62.56,772.73,Yes
3116-CQZW,Female,0,No,Yes,33,Yes,Yes,DSL,No,No,Yes,No,Yes,Yes,Month-to-month,No,Mailed check,69.95,2249.71,No
5816-RRHE,Female,0,No,No,1,Yes,No,Fiber optic,No,No,No,Yes,Yes,Yes,Two year,Yes,Electronic check,94.31,86.82,Yes
4797-OEHR,Male,0,No,No,37,Yes,No,Fiber optic,Yes,No,Yes,Yes,Yes,No,One year,No,Electronic check,94.21,3490.45,No
8703-JJDQ,Male,0,No,No,27,Yes,Yes,No,No internet service,No internet service,No internet service,No internet service,No internet service,No internet service,Month-to-month,No,Mailed check,38.92,908.3,No
4382-IPQR,Male,0,No,Yes,29,Yes,No,Fiber optic,No,Yes,No,Yes,Yes,Yes,Month-to-month,Yes,Electronic check,96.57,2625.52,Yes
1942-GASY,Female,1,No,No,54,Yes,Yes,No,No internet service,No internet service,No internet service,No internet service,No internet service,No internet service,Month-to-month,No,Electronic check,26.41,1329.97,Yes
6206-HPYG,Female,0,No,No,44,Yes,No,DSL,No,No,No,No,Yes,No,Month-to-month,Yes,Electronic check,53.44,2337.09,No
7501-DYLK,Male,0,Yes,Yes,33,Yes,Yes,Fiber optic,No,Yes,Yes,Yes,No,No,Month-to-month,No,Mailed check,97.03,3049.7,Yes
4422-IDRC,Male,0,Yes,No,48,Yes,No,Fiber optic,No,No,Yes,No,Yes,No,Month-to-month,Yes,Bank transfer (automatic),80.68,3714.43,No
9365-YMGQ,Male,0,Yes,No,32,No,No phone service,Fiber optic,No,No,No,No,No,No,Month-to-month,No,Bank transfer (automatic),65.24,1970.88,Yes
7090-AGJQ,Male,0,Yes,Yes,8,Yes,Yes,Fiber optic,No,No,No,No,Yes,No,Two year,Yes,Bank transfer (automatic),83.77,674.49,Yes
2613-DDCS,Male,0,Yes,No,22,Yes,Yes,Fiber optic,Yes,No,No,No,No,No,Month-to-month,Yes,Bank transfer (automatic),84.29,1743.55,Yes
8534-NPUJ,Male,0,No,Yes,71,Yes,Yes,DSL,Yes,No,No,No,Yes,Yes,Two year,Yes,Electronic check,77.3,5281.15,No
3509-JIHV,Male,0,No,No,59,No,No phone service,DSL,No,No,No,Yes,No,No,Month-to-month,No,Mailed check,45.55,2385.81,No
2028-WJBL,Male,0,No,No,51,No,No phone service,Fiber optic,Yes,No,Yes,No,Yes,No,Month-to-month,No,Bank transfer (automatic),75.06,3545.88,No
3014-CYQE,Female,0,No,No,32,Yes,No,Fiber optic,Yes,Yes,No,No,No,Yes,One year,Yes,Mailed check,92.12,2825.68,No
4516-URCP,Female,1,No,Yes,10,Yes,Yes,Fiber optic,Yes,Yes,No,Yes,Yes,No,Two year,No,Electronic check,98.96,939.45,No
7333-RTPA,Male,0,Yes,No,39,Yes,Yes,DSL,No,No,Yes,Yes,Yes,No,One year,Yes,Mailed check,76.19,2807.52,No
6263-BIYS,Male,0,No,No,31,Yes,No,No,No internet service,No internet service,No internet service,No internet service,No internet service,No internet service,Month-to-month,No,Credit card (automatic),21.51,623.21,No
5743-KRUV,Male,0,Yes,Yes,13,Yes,No,DSL,No,Yes,Yes,No,No,Yes,One year,Yes,Mailed check,68.5,826.3,No
7009-SLXQ,Male,1,Yes,No,35,Yes,No,DSL,Yes,Yes,Yes,Yes,No,Yes,Month-to-month,Yes,Bank transfer (automatic),73.17,2402.11,No
1862-KLPK,Male,0,No,Yes,6,Yes,No,No,No internet service,No internet service,No internet service,No internet service,No internet service,No internet service,Month-to-month,Yes,Electronic check,27.82,163.86,No
5013-IZEF,Female,0,No,No,45,Yes,Yes,DSL,No,No,No,No,No,No,Month-to-month,No,Mailed check,59.87,2511.27,Yes
3646-WDWS,Male,0,Yes,Yes,33,Yes,Yes,DSL,No,Yes,No,No,Yes,Yes,Month-to-month,No,Mailed check,71.33,2169.82,No
6426-ZCYW,Male,0,No,No,38,Yes,No,No,No internet service,No internet service,No internet service,No internet service,No internet service,No internet service,Two year,Yes,Credit card (automatic),28.64,1067.44,No
4890-KATX,Male,0,No,Yes,37,Yes,Yes,DSL,Yes,No,No,No,No,No,One year,No,Bank transfer (automatic),67.85,2401.98,No
1868-BGBN,Male,0,Yes,Yes,3,Yes,No,Fiber optic,Yes,No,No,No,Yes,No,Two year,Yes,Bank transfer (automatic),83.54,255.33,No
2363-YHLC,Male,0,Yes,Yes,47,Yes,No,Fiber optic,No,No,No,No,No,Yes,One year,No,Mailed check,80.1,3695.27,No
5164-SCKZ,Male,0,Yes,No,27,Yes,No,No,No internet service,No internet service,No internet service,No internet service,No internet service,No internet service,Two year,Yes,Electronic check,18.0,472.95,No
8833-HIDW,Male,0,Yes,No,1,No,No phone service,DSL,Yes,No,No,Yes,No,No,Two year,Yes,Mailed check,51.4,52.35,No
3174-PANQ,Male,0,Yes,No,58,Yes,No,DSL,Yes,Yes,Yes,No,No,No,Month-to-month,Yes,Mailed check,65.11,3440.14,No
8919-YUGV,Female,0,Yes,Yes,30,Yes,Yes,DSL,No,Yes,Yes,Yes,Yes,Yes,Month-to-month,Yes,Bank transfer (automatic),85.66,2524.48,No
7086-DZYE,Female,0,Yes,Yes,2,Yes,Yes,DSL,No,Yes,No,Yes,Yes,No,Two year,No,Electronic check,71.24,131.73,No
4090-FHOS,Male,0,No,No,40,Yes,No,Fiber optic,No,No,Yes,No,No,No,Month-to-month,Yes,Electronic check,79.26,3064.91,Yes
4551-XCDA,Female,0,No,Yes,69,Yes,Yes,Fiber optic,No,No,Yes,Yes,No,Yes,Month-to-month,No,Electronic check,94.97,6064.27,Yes
7694-OLXG,Female,1,Yes,No,5,Yes,No,Fiber optic,Yes,Yes,No,No,No,No,Month-to-month,Yes,Bank transfer (automatic),77.25,394.3,Yes
7990-USIC,Male,0,No,No,23,Yes,No,No,No internet service,No internet service,No internet service,No internet service,No internet service,No internet service,Month-to-month,Yes,Electronic check,27.05,609.74,No
8433-JEEW,Female,0,No,No,16,Yes,Yes,Fiber optic,Yes,No,No,Yes,Yes,No,Month-to-month,Yes,Mailed check,98.58,1445.53,No
4953-EDUK,Female,0,No,No,69,Yes,No,No,No internet service,No internet service,No internet service,No internet service,No internet service,No internet service,Month-to-month,No,Electronic check,23.36,1452.48,No
4864-GVRU,Male,0,Yes,Yes,61,Yes,No,Fiber optic,Yes,Yes,No,No,Yes,No,Two year,No,Electronic check,83.15,4936.52,No
1739-ENIR,Female,0,Yes,Yes,49,Yes,No,Fiber optic,Yes,Yes,Yes,Yes,No,Yes,Month-to-month,Yes,Credit card (automatic),98.34,4546.51,No
4147-OWIX,Female,0,Yes,No,55,Yes,Yes,Fiber optic,Yes,No,Yes,Yes,Yes,No,Month-to-month,No,Mailed check,99.33,4947.57,No
5661-MZAJ,Male,0,No,Yes,54,Yes,No,DSL,Yes,No,Yes,No,Yes,Yes,One year,Yes,Bank transfer (automatic),71.93,3600.89,No
9656-YCQV,Female,0,Yes,Yes,41,Yes,No,No,No internet service,No internet service,No internet service,No internet service,No internet service,No internet service,Two year,No,Mailed check,29.53,1076.93,No
7197-KQSQ,Male,0,Yes,No,8,No,No phone service,Fiber optic,No,No,No,Yes,Yes,Yes,Month-to-month,Yes,Bank transfer (automatic),91.13,727.19,No
1564-CNAJ,Female,1,Yes,No,6,No,No phone service,DSL,No,Yes,No,No,Yes,No,Two year,No,Mailed check,54.58,304.7,No
2009-AXYF,Male,0,Yes,No,37,Yes,No,DSL,Yes,No,No,Yes,No,No,One year,Yes,Electronic check,59.33,2157.48,No
4132-TCAE,Female,0,No,No,44,Yes,No,DSL,No,Yes,No,No,No,No,Month-to-month,Yes,Mailed check,58.31,2271.39,No
8597-CPEX,Male,0,No,No,48,Yes,Yes,Fiber optic,No,No,Yes,No,Yes,No,Month-to-month,No,Bank transfer (automatic),85.92,4032.93,Yes
4251-PHUI,Female,0,No,Yes,51,Yes,Yes,No,No internet service,No internet service,No internet service,No internet service,No internet service,No internet service,Two year,Yes,Mailed check,36.95,1554.74,Yes
8264-VECO,Male,0,No,Yes,19,Yes,Yes,Fiber optic,Yes,Yes,Yes,No,No,No,Month-to-month,No,Mailed check,87.86,1524.72,No
8701-QOGW,Male,0,No,No,43,Yes,No,Fiber optic,No,Yes,Yes,No,No,No,Two year,No,Credit card (automatic),78.22,3190.19,No
9595-SEES,Female,0,Yes,No,8,No,No phone service,DSL,No,No,No,Yes,No,No,Month-to-month,No,Electronic check,54.96,440.07,Yes
4125-GHKQ,Female,0,Yes,No,11,Yes,Yes,Fiber optic,Yes,Yes,No,No,No,No,Month-to-month,No,Bank transfer (automatic),80.89,837.76,No
2041-HDOV,Female,0,Yes,No,9,No,No phone service,Fiber optic,Yes,Yes,No,Yes,No,No,Month-to-month,No,Credit card (automatic),82.68,724.36,Yes
9172-WMXL,Female,0,No,Yes,11,Yes,Yes,Fiber optic,Yes,Yes,Yes,No,No,No,One year,No,Mailed check,95.94,998.39,Yes
6848-XRNY,Male,1,Yes,No,20,Yes,No,DSL,Yes,No,No,No,Yes,No,Month-to-month,Yes,Electronic check,59.85,1110.55,Yes
1879-RMLA,Female,1,Yes,No,5,Yes,No,Fiber optic,Yes,No,Yes,Yes,Yes,Yes,Two year,Yes,Credit card (automatic),95.55,449.01,No
1680-ZNCK,Male,1,No,Yes,42,No,No phone service,DSL,Yes,No,No,Yes,Yes,Yes,Month-to-month,Yes,Electronic check,71.89,2948.97,No
2601-PWMH,Male,0,No,Yes,58,Yes,No,Fiber optic,Yes,Yes,Yes,No,No,No,Two year,Yes,Credit card (automatic),89.7,4465.08,No
6232-HRDJ,Female,0,Yes,No,56,Yes,No,Fiber optic,Yes,Yes,Yes,No,No,Yes,Month-to-month,Yes,Mailed check,95.56,4833.1,Yes
2503-MZWH,Female,0,No,No,39,Yes,Yes,Fiber optic,No,No,Yes,No,Yes,No,One year,No,Bank transfer (automatic),84.9,3062.29,No
5499-NLMG,Female,0,No,No,5,Yes,No,DSL,No,Yes,No,No,No,No,Two year,No,Bank transfer (automatic),58.53,295.47,No
4698-UIEE,Female,0,No,Yes,66,Yes,Yes,DSL,No,Yes,No,No,No,Yes,Month-to-month,Yes,Bank transfer (automatic),70.06,4284.51,No
9495-WXJJ,Female,0,Yes,No,30,No,No phone service,Fiber optic,Yes,No,Yes,No,No,Yes,Month-to-month,No,Credit card (automatic),81.34,2271.47,Yes
2471-BKXI,Male,0,Yes,No,1,Yes,Yes,Fiber optic,Yes,Yes,No,No,No,Yes,One year,No,Electronic check,93.15,97.97,Yes
2258-XARH,Female,1,No,No,62,Yes,No,No,No internet service,No internet service,No internet service,No internet service,No internet service,No internet service,Month-to-month,Yes,Credit card (automatic),24.28,1438.64,No
8478-WKVB,Female,0,No,No,13,Yes,No,No,No internet service,No internet service,No internet service,No internet service,No internet service,No internet service,Two year,Yes,Bank transfer (automatic),23.84,295.67,No
2275-RICM,Male,0,Yes,No,31,Yes,No,Fiber optic,Yes,Yes,Yes,No,Yes,Yes,Two year,No,Electronic check,95.43,2739.95,No
2442-HKFY,Female,0,Yes,Yes,5,Yes,Yes,DSL,No,No,No,No,No,No,Two year,No,Credit card (automatic),55.52,254.93,No
8164-HBQL,Male,1,No,Yes,29,Yes,Yes,Fiber optic,No,No,No,No,No,Yes,One year,Yes,Mailed check,87.38,2404.36,Yes
4289-GKQC,Female,0,No,No,18,Yes,Yes,DSL,Yes,Yes,No,Yes,Yes,No,Month-to-month,Yes,Electronic check,77.78,1342.11,Yes
8913-KEBQ,Male,0,No,No,15,Yes,No,Fiber optic,No,No,No,No,No,Yes,Month-to-month,No,Electronic check,79.47,1141.3,Yes
3642-EMLX,Male,0,No,No,52,Yes,No,Fiber optic,No,No,Yes,Yes,Yes,Yes,Month-to-month,No,Mailed check,92.8,4192.44,Yes
7953-STQE,Male,0,Yes,No,45,Yes,No,DSL,Yes,Yes,Yes,No,Yes,Yes,One year,Yes,Bank transfer (automatic),77.22,3629.99,No
1243-URRN,Male,0,Yes,No,18,Yes,No,No,No internet service,No internet service,No internet service,No internet service,No internet service,No internet service,Two year,No,Electronic check,34.53,604.32,No
7785-BTPS,Female,0,Yes,No,45,Yes,No,DSL,Yes,Yes,No,No,Yes,Yes,Two year,No,Mailed check,81.92,3763.14,No
8988-IFKC,Female,0,Yes,No,12,Yes,Yes,DSL,No,No,No,No,Yes,Yes,Month-to-month,Yes,Mailed check,72.88,811.52,Yes
7994-RXJP,Female,0,Yes,No,66,Yes,Yes,Fiber optic,Yes,No,No,Yes,Yes,No,Two year,No,Mailed check,90.05,5905.07,No
5652-BVAX,Female,0,No,No,7,Yes,Yes,Fiber optic,No,Yes,No,Yes,Yes,Yes,Two year,Yes,Electronic check,92.23,629.54,Yes
1507-XKTU,Female,0,No,No,64,Yes,Yes,Fiber optic,Yes,No,Yes,Yes,Yes,No,Two year,No,Credit card (automatic),104.95,6252.92,No
3815-RWWM,Male,0,Yes,No,46,Yes,Yes,No,No internet service,No internet service,No internet service,No internet service,No internet service,No internet service,Month-to-month,No,Electronic check,35.26,1562.17,No
1962-ZRSY,Male,1,No,No,59,Yes,No,Fiber optic,No,No,No,Yes,No,No,Month-to-month,Yes,Mailed check,84.85,5033.78,Yes
3523-PFEO,Female,0,Yes,No,37,Yes,Yes,Fiber optic,No,No,No,Yes,Yes,Yes,Month-to-month,Yes,Credit card (automatic),95.59,3762.67,No
5179-UKXQ,Female,0,Yes,No,48,Yes,Yes,Fiber optic,No,No,No,No,Yes,Yes,One year,No,Credit card (automatic),92.19,3668.73,No
6495-WQUO,Female,0,Yes,No,38,Yes,No,Fiber optic,Yes,No,Yes,Yes,Yes,No,Two year,Yes,Credit card (automatic),87.99,3526.28,No
8813-IGSA,Female,0,No,No,65,Yes,Yes,Fiber optic,Yes,No,Yes,No,Yes,No,Month-to-month,Yes,Mailed check,91.81,5570.48,Yes
2030-BIZQ,Male,0,No,Yes,38,Yes,Yes,No,No internet service,No internet service,No internet service,No internet service,No internet service,No internet service,Month-to-month,No,Electronic check,29.63,1098.72,No
6630-SXSV,Female,0,Yes,No,2,No,No phone service,Fiber optic,No,Yes,No,No,No,No,Month-to-month,Yes,Mailed check,71.83,139.88,Yes
7867-TTTA,Male,0,Yes,Yes,53,Yes,No,No,No internet service,No internet service,No internet service,No internet service,No internet service,No internet service,Month-to-month,Yes,Electronic check,24.64,1305.01,No
1180-XOEQ,Female,0,Yes,Yes,45,Yes,No,No,No internet service,No internet service,No internet service,No internet service,No internet service,No internet service,Month-to-month,Yes,Electronic check,19.88,864.56,No
8497-ORBE,Female,0,No,No,17,Yes,No,DSL,No,Yes,No,Yes,No,Yes,Month-to-month,No,Electronic check,66.68,1021.06,Yes
3924-DWYW,Male,0,No,No,35,Yes,Yes,DSL,Yes,Yes,No,Yes,No,No,Month-to-month,Yes,Credit card (automatic),74.14,2512.13,Yes
9129-ZEQM,Male,0,No,No,22,Yes,Yes,No,No internet service,No internet service,No internet service,No internet service,No internet service,No internet service,Month-to-month,Yes,Bank transfer (automatic),29.11,569.53,No
8445-GJHZ,Male,0,Yes,No,61,Yes,No,Fiber optic,No,Yes,No,Yes,No,No,Two year,No,Electronic check,70.76,3725.04,No
3753-KEQZ,Female,0,Yes,No,33,Yes,Yes,No,No internet service,No internet service,No internet service,No internet service,No internet service,No internet service,Month-to-month,Yes,Mailed check,40.03,1271.24,No
5934-YJCU,Female,1,No,No,19,Yes,Yes,Fiber optic,No,No,Yes,No,Yes,No,Month-to-month,No,Electronic check,93.98,1799.33,Yes
5032-YKTI,Male,1,Yes,No,29,Yes,Yes,DSL,No,Yes,Yes,No,No,Yes,Month-to-month,Yes,Credit card (automatic),74.77,2040.66,No
3178-PVLM,Female,0,No,Yes,18,Yes,Yes,Fiber optic,No,No,No,Yes,Yes,No,Two year,No,Bank transfer (automatic),89.16,1615.03,No
2967-YNNI,Male,1,No,No,15,Yes,Yes,Fiber optic,Yes,Yes,No,No,Yes,Yes,Two year,No,Electronic check,97.65,1419.65,Yes
6749-PGYT,Female,0,Yes,No,4,Yes,No,Fiber optic,Yes,Yes,No,No,Yes,No,One year,Yes,Bank transfer (automatic),93.07,337.56,No
5667-SSTQ,Male,0,No,No,21,Yes,No,DSL,No,No,No,Yes,Yes,Yes,Month-to-month,Yes,Bank transfer (automatic),70.65,1431.58,No
6630-UVZX,Male,1,No,No,17,Yes,Yes,Fiber optic,No,Yes,Yes,Yes,Yes,Yes,Month-to-month,Yes,Bank transfer (automatic),105.34,1640.19,No
7638-MGYB,Male,0,Yes,No,21,No,No phone service,DSL,No,No,Yes,No,Yes,Yes,Month-to-month,Yes,Bank transfer (automatic),62.56,1296.53,No
4234-HWPR,Male,0,Yes,No,50,Yes,No,Fiber optic,No,Yes,No,Yes,Yes,No,One year,Yes,Electronic check,90.36,4533.59,No
9558-SPXA,Female,0,No,Yes,60,Yes,No,Fiber optic,Yes,No,No,No,Yes,No,Month-to-month,Yes,Mailed check,87.65,4696.68,No
4435-UKLM,Male,0,No,Yes,27,Yes,No,Fiber optic,No,No,Yes,Yes,No,Yes,Month-to-month,No,Electronic check,94.47,2300.93,Yes
9499-BBKG,Male,0,No,Yes,13,Yes,No,Fiber optic,No,Yes,No,No,Yes,Yes,Month-to-month,No,Electronic check,91.68,1146.5,Yes
7407-NXPK,Female,0,No,No,59,No,No phone service,Fiber optic,No,Yes,No,Yes,Yes,No,One year,Yes,Mailed check,70.4,3918.76,No
9841-HNPE,Female,0,No,No,50,Yes,Yes,No,No internet service,No internet service,No internet service,No internet service,No internet service,No internet service,Two year,No,Electronic check,30.2,1380.0,No
3742-CGRP,Male,0,No,No,53,Yes,No,DSL,No,No,No,No,No,No,One year,Yes,Electronic check,53.42,2633.64,No
6638-LWTT,Male,0,Yes,No,37,Yes,Yes,Fiber optic,No,Yes,No,No,Yes,No,Month-to-month,No,Mailed check,90.12,3064.78,No
1484-VHQL,Male,0,No,Yes,42,No,No phone service,No,No internet service,No internet service,No internet service,No internet service,No internet service,No internet service,Month-to-month,No,Mailed check,21.05,879.85,No
9617-CPZW,Female,1,No,No,37,Yes,Yes,Fiber optic,No,No,Yes,No,No,No,Two year,Yes,Mailed check,84.78,2887.18,No
5950-XQZX,Male,0,No,No,11,Yes,No,Fiber optic,Yes,No,Yes,Yes,No,No,Month-to-month,No,Mailed check,86.52,929.43,Yes
4184-UPNV,Female,1,No,No,50,Yes,Yes,Fiber optic,No,Yes,No,Yes,No,No,Month-to-month,Yes,Electronic check,86.29,4332.87,No
2957-BHFW,Female,1,No,No,68,Yes,No,No,No internet service,No internet service,No internet service,No internet service,No internet service,No internet service,One year,Yes,Electronic check,22.71,1442.27,No
9353-AXXT,Male,0,Yes,Yes,49,Yes,Yes,Fiber optic,No,Yes,No,Yes,Yes,No,Month-to-month,Yes,Mailed check,93.31,4528.62,No
3472-WJVM,Male,1,No,No,20,Yes,No,DSL,Yes,Yes,No,No,Yes,No,Two year,No,Credit card (automatic),72.07,1467.99,No
9119-OGUI,Female,0,Yes,No,28,Yes,Yes,DSL,No,Yes,Yes,No,No,No,One year,Yes,Electronic check,60.34,1594.13,No
6935-XXNK,Female,0,No,No,62,Yes,Yes,DSL,No,Yes,No,No,Yes,Yes,Month-to-month,Yes,Electronic check,79.19,4330.27,No
3283-LPBR,Male,0,Yes,No,61,Yes,No,No,No internet service,No internet service,No internet service,No internet service,No internet service,No internet service,Month-to-month,Yes,Bank transfer (automatic),33.58,1908.03,No
2646-ASRJ,Female,1,Yes,No,20,Yes,Yes,No,No internet service,No internet service,No internet service,No internet service,No internet service,No internet service,Month-to-month,No,Mailed check,24.96,474.41,Yes
8771-IMAH,Male,0,No,No,53,Yes,No,DSL,Yes,No,No,No,No,No,Month-to-month,No,Electronic check,56.56,2834.66,No
6947-IDVY,Female,0,Yes,No,50,Yes,No,Fiber optic,No,Yes,Yes,No,Yes,Yes,Month-to-month,Yes,Mailed check,91.78,4650.43,No
5930-QXVR,Female,0,No,Yes,5,Yes,No,Fiber optic,No,Yes,No,Yes,No,No,One year,No,Bank transfer (automatic),73.13,349.83,No
7441-ZRJT,Male,1,No,No,38,Yes,No,Fiber optic,No,Yes,Yes,No,Yes,No,Month-to-month,No,Electronic check,88.15,2992.55,Yes
7839-JLQY,Male,0,No,No,29,Yes,No,No,No internet service,No internet service,No internet service,No internet service,No internet service,No internet service,Month-to-month,Yes,Electronic check,28.55,758.64,No
9977-IDGJ,Male,1,No,Yes,64,Yes,Yes,No,No internet service,No internet service,No internet service,No internet service,No internet service,No internet service,Month-to-month,Yes,Mailed check,34.27,2100.44,No
8134-KDPJ,Female,0,Yes,No,59,Yes,No,DSL,No,No,Yes,No,No,Yes,Two year,No,Electronic check,64.05,3685.94,No
3218-PZLV,Male,0,No,No,29,Yes,No,No,No internet service,No internet service,No internet service,No internet service,No internet service,No internet service,Month-to-month,No,Mailed check,24.75,690.99,No
2471-JGZP,Female,1,No,No,56,Yes,Yes,Fiber optic,No,Yes,No,No,Yes,No,One year,No,Bank transfer (automatic),88.63,4358.46,No
8500-WMEO,Male,0,Yes,No,58,Yes,Yes,Fiber optic,No,No,No,No,Yes,Yes,Month-to-month,No,Credit card (automatic),93.22,5235.54,No
8043-KZQF,Male,0,No,Yes,32,Yes,Yes,No,No internet service,No internet service,No internet service,No internet service,No internet service,No internet service,Month-to-month,No,Electronic check,30.79,1007.48,Yes
4506-WLMZ,Male,0,Yes,No,46,Yes,No,Fiber optic,No,No,No,No,Yes,No,Month-to-month,Yes,Credit card (automatic),84.34,3697.08,No
7310-XIJF,Male,0,No,Yes,43,Yes,Yes,Fiber optic,No,Yes,No,Yes,Yes,No,Month-to-month,No,Electronic check,100.38,4117.23,Yes
5324-YNQV,Male,0,No,Yes,20,Yes,No,DSL,Yes,No,Yes,Yes,Yes,Yes,Month-to-month,Yes,Electronic check,81.23,1545.49,No
6230-KQRP,Female,0,Yes,No,16,Yes,No,DSL,Yes,No,Yes,Yes,No,No,Month-to-month,No,Bank transfer (automatic),55.91,802.3,No
3930-EFHU,Female,0,Yes,No,21,Yes,No,DSL,No,Yes,No,No,No,Yes,Month-to-month,No,Mailed check,60.85,1158.78,Yes
9678-DURW,Female,0,Yes,No,22,No,No phone service,Fiber optic,No,No,No,No,Yes,No,Month-to-month,Yes,Electronic check,66.98,1410.44,Yes
5628-DEJO,Male,1,Yes,No,12,Yes,Yes,Fiber optic,No,No,No,No,No,Yes,Month-to-month,No,Electronic check,81.67,889.31,Yes
7274-BCER,Male,0,Yes,Yes,30,Yes,No,DSL,No,Yes,No,No,No,Yes,One year,Yes,Bank transfer (automatic),59.52,1589.86,No
6480-IUWQ,Male,0,Yes,No,29,Yes,Yes,DSL,Yes,Yes,No,No,Yes,No,One year,Yes,Electronic check,70.43,2029.91,No
3719-DWAM,Female,0,No,No,31,Yes,No,DSL,No,No,Yes,No,No,No,One year,Yes,Electronic check,48.43,1456.76,No
9306-CBMC,Male,0,Yes,Yes,31,Yes,No,No,No internet service,No internet service,No internet service,No internet service,No internet service,No internet service,Month-to-month,Yes,Bank transfer (automatic),24.09,733.14,Yes
7229-MEZI,Male,0,No,No,39,Yes,No,DSL,Yes,No,Yes,No,Yes,Yes,Month-to-month,Yes,Electronic check,75.04,2770.99,Yes
8686-JNNC,Male,1,Yes,Yes,28,Yes,Yes,No,No internet service,No internet service,No internet service,No internet service,No internet service,No internet service,Two year,Yes,Electronic check,32.58,848.86,No
8506-PCUY,Female,0,No,No,55,Yes,No,Fiber optic,No,Yes,No,Yes,Yes,No,One year,No,Electronic check,86.59,4499.26,No
7582-FPNV,Male,0,Yes,No,9,Yes,Yes,DSL,No,No,Yes,Yes,Yes,No,Month-to-month,No,Electronic check,71.81,653.11,Yes
2224-ZPBQ,Female,0,Yes,No,31,Yes,Yes,DSL,Yes,No,Yes,No,No,Yes,One year,No,Bank transfer (automatic),74.47,2189.75,No
7680-DGHD,Male,0,Yes,No,34,Yes,Yes,Fiber optic,Yes,No,Yes,No,Yes,Yes,Two year,Yes,Bank transfer (automatic),98.09,3442.17,No
4434-ZVWS,Female,0,No,No,28,Yes,No,No,No internet service,No internet service,No internet service,No internet service,No internet service,No internet service,Month-to-month,No,Mailed check,24.11,679.07,No
5757-ZSUM,Female,0,No,No,21,Yes,Yes,Fiber optic,No,No,Yes,Yes,Yes,No,Two year,No,Electronic check,93.59,1903.22,No
2254-IKIU,Male,0,No,No,54,No,No phone service,DSL,No,No,No,Yes,No,No,One year,Yes,Bank transfer (automatic),49.51,2562.7,No
3282-PMTR,Male,0,No,Yes,13,Yes,No,Fiber optic,Yes,Yes,Yes,Yes,No,No,Month-to-month,No,Electronic check,89.3,1035.95,Yes
6660-UQJM,Female,1,No,No,40,Yes,No,No,No internet service,No internet service,No internet service,No internet service,No internet service,No internet service,Month-to-month,No,Electronic check,22.16,778.26,No
5094-WZGQ,Female,0,No,No,55,Yes,Yes,DSL,No,Yes,Yes,No,Yes,No,Two year,No,Electronic check,77.06,4136.05,No
2391-ZSOM,Female,0,Yes,No,21,Yes,No,Fiber optic,No,No,Yes,No,No,No,Month-to-month,No,Bank transfer (automatic),81.21,1641.69,Yes
6254-ECWJ,Female,0,Yes,No,61,Yes,Yes,Fiber optic,Yes,No,No,No,No,Yes,Month-to-month,Yes,Mailed check,84.1,5052.68,No
5068-FJHF,Male,0,Yes,No,29,Yes,Yes,DSL,No,Yes,Yes,Yes,No,No,Two year,Yes,Bank transfer (automatic),71.26,2041.0,No
3578-PXGY,Female,0,No,Yes,2,Yes,Yes,No,No internet service,No internet service,No internet service,No internet service,No internet service,No internet service,Month-to-month,Yes,Credit card (automatic),31.43,60.63,No
4303-OOMX,Female,1,Yes,No,69,Yes,No,DSL,No,Yes,No,No,No,Yes,Month-to-month,Yes,Electronic check,60.13,4023.14,Yes
2764-IWUQ,Female,0,No,No,28,Yes,Yes,Fiber optic,No,Yes,Yes,No,No,No,One year,Yes,Bank transfer (automatic),97.79,2524.47,Yes
7207-GLJH,Female,0,No,No,27,Yes,No,No,No internet service,No internet service,No internet service,No internet service,No internet service,No internet service,Month-to-month,No,Mailed check,18.0,484.24,No
6763-ZQMI,Male,0,Yes,No,16,Yes,No,DSL,No,No,Yes,No,Yes,No,Month-to-month,No,Electronic check,58.89,979.45,No
7339-GQCD,Male,0,Yes,No,62,Yes,Yes,Fiber optic,Yes,No,No,Yes,Yes,No,Two year,No,Credit card (automatic),87.88,5043.14,No
5064-UXPJ,Female,0,No,No,29,Yes,No,Fiber optic,No,No,Yes,No,No,No,Month-to-month,No,Bank transfer (automatic),76.64,2120.77,Yes
5458-PLZC,Female,0,No,No,10,Yes,No,DSL,No,Yes,No,No,Yes,Yes,Month-to-month,Yes,Bank transfer (automatic),62.19,583.24,No
1617-ZMTG,Female,0,No,No,43,Yes,No,Fiber optic,Yes,No,No,Yes,Yes,Yes,Month-to-month,Yes,Mailed check,94.28,3866.29,No
3646-FHPT,Male,0,Yes,Yes,42,Yes,Yes,Fiber optic,No,Yes,Yes,No,Yes,No,Month-to-month,Yes,Mailed check,85.15,3318.59,Yes
3134-HDMZ,Female,1,No,No,1,Yes,Yes,Fiber optic,No,No,Yes,No,Yes,Yes,One year,No,Electronic check,94.26,86.9,Yes
8741-KSOK,Male,0,No,No,25,Yes,No,Fiber optic,No,No,No,No,Yes,No,Month-to-month,Yes,Electronic check,79.04,1702.62,No
6853-QNDI,Female,0,Yes,No,7,Yes,No,No,No internet service,No internet service,No internet service,No internet service,No internet service,No internet service,Month-to-month,No,Bank transfer (automatic),29.83,192.82,No
9330-OLBV,Female,0,No,No,12,Yes,No,DSL,Yes,Yes,Yes,No,Yes,Yes,Month-to-month,No,Bank transfer (automatic),73.49,821.77,No
6503-LQVQ,Male,0,No,Yes,30,Yes,No,DSL,No,No,No,Yes,No,Yes,Two year,Yes,Bank transfer (automatic),58.52,1635.68,No
8140-LECJ,Female,1,Yes,No,43,Yes,No,Fiber optic,Yes,Yes,Yes,No,Yes,No,Month-to-month,No,Credit card (automatic),93.85,3982.16,Yes
5717-WUXI,Female,1,No,No,63,Yes,Yes,DSL,Yes,No,No,No,No,No,Two year,No,Electronic check,64.71,3928.23,No
4196-KBTX,Female,0,No,Yes,35,Yes,No,No,No internet service,No internet service,No internet service,No internet service,No internet service,No internet service,Month-to-month,No,Mailed check,28.44,992.84,No
1303-QZWP,Female,1,No,No,52,Yes,Yes,No,No internet service,No internet service,No internet service,No internet service,No internet service,No internet service,Month-to-month,Yes,Bank transfer (automatic),22.1,1043.47,Yes
4622-MJDX,Male,0,No,No,60,Yes,No,DSL,Yes,Yes,Yes,No,Yes,Yes,Month-to-month,Yes,Bank transfer (automatic),81.31,4796.78,No
8847-VJJJ,Female,0,Yes,No,66,Yes,No,Fiber optic,No,Yes,Yes,No,Yes,No,Month-to-month,No,Electronic check,89.81,5767.72,No
9900-CGYV,Female,0,Yes,No,67,Yes,No,Fiber optic,Yes,Yes,No,Yes,Yes,Yes,Month-to-month,No,Bank transfer (automatic),97.88,6001.12,No
6402-MYNL,Female,1,No,No,13,Yes,No,DSL,Yes,No,Yes,Yes,No,No,Two year,Yes,Bank transfer (automatic),65.22,812.31,No
4168-WBXR,Female,1,No,Yes,63,Yes,No,DSL,Yes,No,Yes,No,No,Yes,Two year,Yes,Bank transfer (automatic),68.18,4226.0,No
5776-SKJX,Female,0,Yes,No,16,Yes,Yes,DSL,Yes,No,No,Yes,No,No,Two year,Yes,Electronic check,70.99,1126.69,Yes
6251-PEUG,Male,0,No,Yes,43,Yes,Yes,DSL,No,No,No,Yes,Yes,No,Month-to-month,No,Bank transfer (automatic),66.59,2738.82,Yes
2360-YQPS,Female,1,No,No,6,Yes,No,Fiber optic,Yes,No,Yes,No,No,No,Month-to-month,Yes,Bank transfer (automatic),87.19,526.62,Yes
8151-MWKU,Female,1,No,Yes,39,Yes,Yes,No,No internet service,No internet service,No internet service,No internet service,No internet service,No internet service,Month-to-month,Yes,Electronic check,31.79,1204.21,No
8536-LFUS,Male,0,No,No,53,Yes,Yes,No,No internet service,No internet service,No internet service,No internet service,No internet service,No internet service,Month-to-month,No,Electronic check,30.14,1502.8,No
5991-LJTW,Female,1,Yes,Yes,33,Yes,Yes,No,No internet service,No internet service,No internet service,No internet service,No internet service,No internet service,Month-to-month,No,Bank transfer (automatic),34.11,1053.77,No
3777-DAAW,Female,0,Yes,No,58,Yes,No,No,No internet service,No internet service,No internet service,No internet service,No internet service,No internet service,Month-to-month,Yes,Electronic check,23.93,1279.84,No
3752-AXVQ,Female,0,No,Yes,5,Yes,Yes,DSL,Yes,Yes,No,No,Yes,Yes,Month-to-month,Yes,Credit card (automatic),80.54,424.7,Yes
1022-DXRJ,Male,1,No,No,58,No,No phone service,No,No internet service,No internet service,No internet service,No internet service,No internet service,No internet service,Month-to-month,No,Electronic check,18.0,933.96,No
5625-GGWO,Male,0,Yes,Yes,63,Yes,No,No,No internet service,No internet service,No internet service,No internet service,No internet service,No internet service,Month-to-month,No,Credit card (automatic),25.99,1549.22,No
2784-WAYQ,Male,0,Yes,Yes,16,Yes,No,DSL,No,No,No,Yes,No,Yes,Month-to-month,Yes,Credit card (automatic),61.93,986.47,No
8023-XFBX,Male,0,Yes,No,6,Yes,No,DSL,Yes,No,No,No,No,Yes,Month-to-month,No,Credit card (automatic),68.43,372.47,No
4187-NKQQ,Female,0,Yes,No,40,Yes,Yes,DSL,No,Yes,No,No,Yes,Yes,Month-to-month,No,Electronic check,78.26,3033.86,Yes
8036-OKOE,Male,0,Yes,No,59,Yes,Yes,Fiber optic,No,Yes,No,Yes,No,No,Two year,No,Bank transfer (automatic),89.36,5299.41,No
9756-QDUU,Male,0,Yes,No,35,Yes,No,Fiber optic,No,Yes,Yes,Yes,Yes,Yes,Month-to-month,No,Electronic check,103.38,3382.0,No
4228-MDMB,Female,1,Yes,Yes,54,Yes,No,Fiber optic,Yes,No,Yes,No,Yes,Yes,Month-to-month,No,Credit card (automatic),96.17,4861.27,No
2461-MJWA,Female,0,No,No,12,Yes,No,Fiber optic,Yes,No,No,No,No,No,Month-to-month,No,Mailed check,79.18,889.85,Yes
9978-TGLN,Female,0,No,No,26,Yes,No,No,No internet service,No internet service,No internet service,No internet service,No internet service,No internet service,One year,No,Mailed check,21.52,525.74,No
1413-KPSX,Male,0,No,No,17,Yes,No,Fiber optic,No,Yes,No,Yes,Yes,No,Month-to-month,Yes,Electronic check,89.2,1433.65,Yes
5811-KXQI,Male,0,No,Yes,69,No,No phone service,DSL,No,No,Yes,No,No,No,Month-to-month,Yes,Bank transfer (automatic),48.87,3257.82,Yes
1529-UMAC,Female,0,Yes,No,55,No,No phone service,Fiber optic,Yes,Yes,Yes,No,Yes,No,Month-to-month,Yes,Bank transfer (automatic),82.7,4497.73,No
8032-ZOFT,Female,0,No,Yes,56,Yes,No,DSL,Yes,Yes,No,No,No,Yes,Two year,No,Electronic check,75.45,4125.94,No
6959-PTIL,Female,0,No,Yes,8,Yes,No,Fiber optic,Yes,Yes,Yes,Yes,Yes,No,Two year,Yes,Credit card (automatic),98.76,791.12,No
8692-XLMF,Female,0,Yes,No,38,Yes,Yes,DSL,Yes,No,Yes,No,No,Yes,Two year,Yes,Credit card (automatic),70.02,2638.39,No
6063-MIWO,Female,0,Yes,No,46,Yes,Yes,Fiber optic,No,No,Yes,No,Yes,No,Month-to-month,Yes,Bank transfer (automatic),90.94,3919.92,No
6199-IIXU,Female,1,Yes,No,64,Yes,No,Fiber optic,Yes,No,No,No,Yes,Yes,Month-to-month,Yes,Electronic check,99.47,6201.67,Yes
7676-ZGQN,Male,0,Yes,No,35,No,No phone service,Fiber optic,No,Yes,No,No,No,Yes,One year,Yes,Mailed check,70.84,2377.34,Yes
2267-PBJE,Male,0,No,No,54,Yes,No,DSL,Yes,No,Yes,No,Yes,Yes,Month-to-month,Yes,Bank transfer (automatic),70.81,3763.51,No
8138-LFBL,Female,0,No,No,49,Yes,No,Fiber optic,Yes,No,No,No,Yes,Yes,Two year,No,Credit card (automatic),88.2,4147.43,No
3183-SESW,Female,0,Yes,Yes,64,Yes,No,No,No internet service,No internet service,No internet service,No internet service,No internet service,No internet service,One year,No,Bank transfer (automatic),19.03,1150.32,No
1720-KCGP,Female,0,No,Yes,33,Yes,No,Fiber optic,No,No,Yes,Yes,Yes,Yes,One year,No,Bank transfer (automatic),95.02,3239.59,No
3260-QNLU,Female,0,No,No,58,Yes,Yes,No,No internet service,No internet service,No internet service,No internet service,No internet service,No internet service,Month-to-month,Yes,Mailed check,34.26,1947.32,No
6470-YGAY,Female,1,Yes,No,21,Yes,Yes,DSL,Yes,No,No,Yes,No,Yes,Month-to-month,No,Electronic check,73.54,1441.19,No
7639-WPNE,Male,0,Yes,Yes,37,No,No phone service,Fiber optic,No,No,No,Yes,Yes,Yes,Two year,No,Mailed check,92.23,3113.17,No
4299-NGYK,Female,0,Yes,Yes,24,Yes,No,Fiber optic,No,Yes,Yes,Yes,No,Yes,Two year,No,Bank transfer (automatic),92.27,2165.25,No
4025-AEEN,Female,0,No,Yes,8,Yes,No,DSL,No,No,Yes,No,No,No,Month-to-month,No,Credit card (automatic),55.66,440.31,Yes
2599-WBKQ,Female,0,Yes,Yes,65,Yes,Yes,No,No internet service,No internet service,No internet service,No internet service,No internet service,No internet service,One year,No,Bank transfer (automatic),36.2,2318.69,No
7426-HXCW,Male,0,No,No,45,Yes,No,DSL,No,Yes,Yes,No,No,No,Month-to-month,No,Credit card (automatic),57.71,2735.73,No
7408-NLIJ,Female,0,Yes,No,49,Yes,No,DSL,Yes,Yes,No,No,No,Yes,Month-to-month,Yes,Credit card (automatic),70.32,3171.54,No
7300-QFOA,Male,0,Yes,Yes,42,Yes,No,DSL,Yes,No,Yes,No,No,Yes,Two year,No,Electronic check,63.27,2606.32,No
7229-RQBM,Male,0,No,Yes,7,Yes,Yes,Fiber optic,Yes,Yes,Yes,No,Yes,Yes,One year,Yes,Mailed check,105.47,703.83,No
1996-JIFM,Female,0,No,No,62,Yes,No,No,No internet service,No internet service,No internet service,No internet service,No internet service,No internet service,Two year,No,Bank transfer (automatic),24.24,1524.73,No
8455-IUNB,Female,0,No,No,3,Yes,Yes,DSL,No,Yes,No,Yes,Yes,Yes,Month-to-month,No,Credit card (automatic),81.36,232.8,Yes
7833-ZNAP,Female,0,No,No,5,Yes,No,Fiber optic,Yes,Yes,No,No,No,Yes,Month-to-month,Yes,Credit card (automatic),89.45,417.28,Yes
9339-DSCN,Female,0,No,Yes,61,Yes,No,No,No internet service,No internet service,No internet service,No internet service,No internet service,No internet service,Month-to-month,No,Mailed check,21.38,1298.65,No
1792-HMUR,Male,0,No,No,35,No,No phone service,DSL,No,No,No,Yes,Yes,No,Month-to-month,No,Electronic check,49.8,1669.0,No
2690-ZKMS,Male,0,No,Yes,61,Yes,Yes,Fiber optic,Yes,No,No,No,Yes,No,Month-to-month,Yes,Electronic check,93.85,5439.91,Yes
6856-IEXX,Female,0,Yes,No,28,Yes,No,DSL,Yes,Yes,Yes,No,Yes,Yes,Month-to-month,No,Credit card (automatic),79.39,2129.46,No
1938-IYQW,Female,0,No,No,36,No,No phone service,Fiber optic,Yes,No,Yes,No,Yes,No,Month-to-month,Yes,Credit card (automatic),85.07,2881.62,Yes
1261-TEZH,Female,1,No,No,11,Yes,No,DSL,Yes,No,No,Yes,No,No,Two year,Yes,Credit card (automatic),59.98,640.04,No
5000-ROTI,Male,0,No,Yes,46,Yes,No,Fiber optic,Yes,No,Yes,No,Yes,No,Month-to-month,No,Bank transfer (automatic),88.78,3821.51,No
4042-XMMW,Male,0,Yes,No,1,Yes,No,No,No internet service,No internet service,No internet service,No internet service,No internet service,No internet service,One year,Yes,Credit card (automatic),21.11,19.07,No
1898-IRAE,Male,0,Yes,Yes,38,Yes,No,DSL,Yes,No,No,No,Yes,Yes,Month-to-month,No,Bank transfer (automatic),76.67,3115.54,Yes
3738-ZCCJ,Female,1,Yes,Yes,57,Yes,No,Fiber optic,Yes,No,Yes,No,Yes,Yes,One year,Yes,Electronic check,100.27,5709.64,No
5187-HKDX,Male,0,Yes,No,49,Yes,No,Fiber optic,Yes,No,No,No,No,Yes,Month-to-month,Yes,Electronic check,90.82,4219.83,Yes
4592-MZTY,Female,0,No,No,20,Yes,No,Fiber optic,No,Yes,No,Yes,Yes,No,Two year,No,Mailed check,97.04,1909.4,No
8785-TDPK,Female,0,Yes,No,52,Yes,Yes,Fiber optic,Yes,Yes,Yes,Yes,No,Yes,One year,No,Bank transfer (automatic),102.4,4800.69,No
9783-LIWK,Female,0,Yes,No,32,Yes,Yes,Fiber optic,Yes,Yes,Yes,Yes,Yes,No,Month-to-month,Yes,Bank transfer (automatic),103.18,3254.96,Yes
7319-OPHV,Female,0,No,Yes,30,Yes,Yes,DSL,No,No,Yes,No,No,Yes,Month-to-month,No,Electronic check,64.51,1869.49,No
3414-IMFK,Male,1,No,No,72,Yes,Yes,Fiber optic,Yes,Yes,No,No,No,Yes,Month-to-month,Yes,Mailed check,96.46,6268.35,No
5569-COVA,Female,1,Yes,No,62,Yes,No,Fiber optic,No,No,No,No,Yes,Yes,Month-to-month,No,Electronic check,88.64,5166.48,No
5901-VPZV,Male,0,Yes,No,53,No,No phone service,Fiber optic,No,No,Yes,Yes,No,No,Two year,Yes,Bank transfer (automatic),71.56,3544.28,No
4601-NVKO,Female,0,Yes,No,18,Yes,No,Fiber optic,Yes,No,Yes,Yes,Yes,No,Month-to-month,No,Mailed check,89.84,1580.77,Yes
2721-BSAW,Female,0,Yes,Yes,61,Yes,No,No,No internet service,No internet service,No internet service,No internet service,No internet service,No internet service,Two year,Yes,Electronic check,30.82,1643.13,No
9341-WHMC,Female,1,Yes,Yes,11,Yes,No,Fiber optic,No,Yes,No,No,Yes,Yes,Two year,No,Electronic check,88.61,977.04,No
9318-DHNS,Male,0,Yes,Yes,36,Yes,Yes,No,No internet service,No internet service,No internet service,No internet service,No internet service,No internet service,Month-to-month,No,Electronic check,37.84,1265.11,Yes
2049-MTSD,Male,0,No,No,41,No,No phone service,Fiber optic,Yes,No,Yes,Yes,Yes,No,Month-to-month,Yes,Bank transfer (automatic),83.49,3416.31,Yes
4674-ZANO,Female,1,No,No,60,Yes,Yes,DSL,No,No,No,No,No,No,Month-to-month,No,Mailed check,58.84,3235.59,No
1579-LBWC,Male,0,No,No,25,Yes,Yes,DSL,No,Yes,No,No,Yes,Yes,Month-to-month,No,Electronic check,73.51,1680.45,Yes
3107-OZHQ,Male,0,Yes,No,36,Yes,No,Fiber optic,No,No,Yes,No,No,Yes,One year,No,Mailed check,83.88,2774.17,No
4267-XWIY,Male,0,No,No,55,Yes,No,DSL,Yes,Yes,Yes,No,Yes,No,Two year,No,Mailed check,71.89,3657.33,No
8119-KYXC,Female,0,No,No,39,Yes,Yes,DSL,No,No,Yes,No,No,Yes,Two year,Yes,Credit card (automatic),66.72,2446.83,No
9561-UKMJ,Female,0,Yes,No,57,Yes,Yes,Fiber optic,No,Yes,No,Yes,No,No,Two year,Yes,Bank transfer (automatic),84.96,4757.39,No
9942-PBWW,Male,0,No,No,68,Yes,Yes,DSL,No,No,No,Yes,Yes,Yes,Month-to-month,Yes,Electronic check,68.33,4480.49,Yes
5510-GZWY,Female,0,Yes,No,49,Yes,No,DSL,Yes,No,No,No,Yes,No,Month-to-month,No,Electronic check,62.94,3033.38,No
4552-RZLF,Female,0,Yes,No,32,Yes,Yes,Fiber optic,No,Yes,No,No,No,Yes,Two year,Yes,Bank transfer (automatic),86.1,2670.26,Yes
5480-OPPQ,Female,0,No,Yes,48,Yes,Yes,Fiber optic,Yes,No,Yes,Yes,Yes,Yes,Month-to-month,Yes,Electronic check,98.03,4493.84,Yes
3678-XIUJ,Female,1,No,No,48,Yes,Yes,Fiber optic,No,No,Yes,No,No,Yes,Month-to-month,Yes,Bank transfer (automatic),89.63,4327.08,Yes
5720-UFTZ,Male,0,Yes,No,8,Yes,Yes,Fiber optic,No,No,No,No,Yes,No,One year,No,Credit card (automatic),80.69,617.37,No
9857-ZTBI,Male,1,No,No,42,Yes,Yes,Fiber optic,No,No,No,Yes,Yes,No,Two year,Yes,Electronic check,84.16,3385.61,No
4160-PFDS,Female,0,Yes,Yes,17,Yes,No,Fiber optic,Yes,No,No,No,Yes,Yes,Two year,Yes,Bank transfer (automatic),91.29,1546.48,No
4004-KOSS,Female,0,Yes,No,54,Yes,Yes,DSL,No,Yes,No,No,Yes,Yes,Month-to-month,Yes,Credit card (automatic),76.67,3790.09,No
5274-BUFN,Female,0,No,No,32,Yes,No,No,No internet service,No internet service,No internet service,No internet service,No internet service,No internet service,Month-to-month,Yes,Electronic check,25.58,777.86,No
5207-HSJE,Female,1,Yes,No,37,Yes,Yes,DSL,Yes,No,No,Yes,No,Yes,Month-to-month,Yes,Bank transfer (automatic),67.39,2286.57,No
7116-FZBU,Female,0,No,No,12,Yes,Yes,Fiber optic,No,No,No,No,Yes,Yes,Two year,Yes,Mailed check,95.54,1061.07,No
9344-CZNI,Male,0,Yes,No,1,Yes,No,DSL,No,Yes,Yes,Yes,Yes,Yes,Month-to-month,Yes,Electronic check,78.51,70.78,Yes
6687-TMSY,Male,0,Yes,No,24,Yes,No,DSL,Yes,No,No,No,Yes,No,One year,Yes,Credit card (automatic),65.15,1536.96,Yes
6235-RFYI,Female,0,Yes,Yes,56,Yes,No,Fiber optic,No,Yes,No,No,Yes,Yes,Month-to-month,Yes,Electronic check,91.6,4939.56,Yes
3202-ZQLW,Female,0,Yes,No,46,Yes,Yes,DSL,Yes,No,Yes,No,Yes,Yes,Two year,No,Bank transfer (automatic),82.19,3533.63,No
2503-YTRZ,Male,0,No,No,9,Yes,Yes,Fiber optic,No,No,Yes,Yes,Yes,No,Two year,No,Credit card (automatic),93.17,786.57,No
8647-BLLZ,Male,0,Yes,No,52,Yes,Yes,Fiber optic,No,Yes,No,No,No,No,Month-to-month,Yes,Mailed check,79.63,4072.86,Yes
7734-YSCW,Male,0,Yes,No,57,Yes,Yes,Fiber optic,Yes,No,No,Yes,Yes,No,Two year,No,Electronic check,96.89,5257.73,No
5828-UWKD,Male,0,Yes,No,10,Yes,Yes,DSL,No,No,No,Yes,Yes,Yes,One year,Yes,Mailed check,71.63,652.75,No
4829-KTAZ,Male,0,Yes,Yes,60,Yes,No,DSL,No,No,Yes,Yes,Yes,No,Month-to-month,Yes,Credit card (automatic),68.25,3978.21,No
5031-OCYP,Male,1,No,Yes,26,Yes,Yes,No,No internet service,No internet service,No internet service,No internet service,No internet service,No internet service,Month-to-month,No,Credit card (automatic),26.59,680.23,No
1304-DRJQ,Male,0,Yes,Yes,23,Yes,Yes,Fiber optic,No,No,No,Yes,Yes,Yes,Two year,Yes,Electronic check,94.35,2050.47,No
6593-CBJT,Female,0,No,No,36,Yes,No,Fiber optic,No,Yes,No,Yes,No,Yes,Month-to-month,No,Mailed check,91.38,3075.57,No
4445-ONYC,Female,0,No,No,40,Yes,Yes,Fiber optic,Yes,No,No,No,Yes,Yes,Two year,Yes,Electronic check,98.48,3771.86,No
9571-OCBU,Female,1,Yes,No,60,Yes,No,Fiber optic,No,Yes,Yes,No,Yes,Yes,Month-to-month,Yes,Electronic check,96.76,5309.71,Yes
2851-AWQH,Male,0,No,No,35,Yes,No,Fiber optic,No,Yes,No,No,Yes,Yes,Two year,No,Bank transfer (automatic),85.62,3049.47,No
8885-QDFS,Female,0,No,No,59,Yes,No,Fiber optic,No,No,Yes,No,No,Yes,One year,Yes,Mailed check,88.98,4930.16,Yes
1794-RKSI,Female,0,Yes,No,32,Yes,No,DSL,Yes,No,No,No,No,No,Two year,Yes,Mailed check,47.1,1502.8,No
2679-TVLR,Male,0,Yes,Yes,46,Yes,No,No,No internet service,No internet service,No internet service,No internet service,No internet service,No internet service,One year,No,Credit card (automatic),27.6,1264.61,No
6357-LPWH,Male,1,Yes,Yes,12,Yes,Yes,Fiber optic,No,No,Yes,Yes,Yes,No,Month-to-month,Yes,Bank transfer (automatic),93.81,1104.75,Yes
7464-MVTR,Female,0,No,Yes,2,Yes,No,DSL,No,No,Yes,Yes,Yes,Yes,Month-to-month,Yes,Credit card (automatic),71.57,131.59,Yes
7102-ZIIW,Male,1,Yes,Yes,7,Yes,Yes,DSL,No,No,Yes,No,Yes,Yes,Month-to-month,No,Electronic check,77.1,513.6,No
7902-RYJA,Female,0,Yes,Yes,13,Yes,No,Fiber optic,No,Yes,Yes,No,No,Yes,Two year,Yes,Mailed check,89.11,1165.22,No
5317-HSIE,Female,1,Yes,No,61,Yes,Yes,No,No internet service,No internet service,No internet service,No internet service,No internet service,No internet service,Two year,Yes,Mailed check,29.84,1731.49,No
4523-BAQO,Male,1,Yes,No,21,Yes,No,Fiber optic,No,Yes,No,No,Yes,Yes,Month-to-month,No,Credit card (automatic),96.93,1992.06,Yes
5336-ZWZN,Male,0,No,No,64,Yes,No,Fiber optic,No,Yes,Yes,No,Yes,Yes,Month-to-month,Yes,Electronic check,90.45,5938.64,Yes
5353-EQOK,Male,0,Yes,No,36,Yes,Yes,Fiber optic,Yes,No,Yes,No,Yes,No,Month-to-month,Yes,Mailed check,93.36,3179.13,Yes
5401-HDJR,Male,1,No,No,33,No,No phone service,Fiber optic,Yes,Yes,Yes,Yes,No,Yes,One year,No,Electronic check,89.84,2831.18,No
9907-AVWS,Female,1,Yes,Yes,17,Yes,Yes,No,No internet service,No internet service,No internet service,No internet service,No internet service,No internet service,One year,Yes,Bank transfer (automatic),39.36,642.13,No
3231-OMUQ,Male,0,Yes,No,54,Yes,Yes,DSL,No,No,No,Yes,Yes,Yes,One year,Yes,Mailed check,64.46,3277.16,No
1012-EGLS,Male,0,Yes,No,43,Yes,No,Fiber optic,No,Yes,Yes,Yes,No,No,Month-to-month,Yes,Bank transfer (automatic),84.97,3673.21,No
2336-EPXO,Male,0,Yes,No,35,Yes,Yes,Fiber optic,No,No,No,No,No,No,Month-to-month,Yes,Bank transfer (automatic),82.82,2761.84,Yes
6749-FKCO,Male,0,Yes,Yes,39,Yes,No,No,No internet service,No internet service,No internet service,No internet service,No internet service,No internet service,One year,Yes,Credit card (automatic),31.58,1183.6,No
9607-BKQP,Male,0,No,Yes,45,Yes,No,Fiber optic,No,Yes,Yes,Yes,No,Yes,Two year,Yes,Bank transfer (automatic),98.83,4436.72,No
4587-FJMX,Male,1,No,Yes,21,Yes,Yes,Fiber optic,No,No,No,No,Yes,No,Month-to-month,No,Electronic check,76.03,1517.79,No
6354-PPBA,Male,0,No,No,1,Yes,No,Fiber optic,Yes,Yes,Yes,No,Yes,No,Month-to-month,Yes,Credit card (automatic),90.34,84.87,Yes
3737-VGPC,Female,0,Yes,Yes,18,Yes,No,DSL,Yes,No,Yes,No,Yes,Yes,Month-to-month,Yes,Credit card (automatic),65.72,1063.75,No
2422-AXPK,Male,0,No,No,62,No,No phone service,DSL,No,No,No,Yes,Yes,No,One year,Yes,Electronic check,54.06,3236.49,No
3310-DZCK,Male,0,No,No,26,Yes,No,Fiber optic,No,Yes,Yes,No,Yes,Yes,Month-to-month,No,Mailed check,94.64,2449.72,Yes
5084-XIKX,Female,1,No,No,30,No,No phone service,Fiber optic,No,Yes,No,Yes,Yes,No,Month-to-month,Yes,Bank transfer (automatic),77.37,2053.3,Yes
8863-TYNS,Female,0,No,Yes,17,Yes,Yes,Fiber optic,No,Yes,No,No,Yes,Yes,One year,Yes,Bank transfer (automatic),94.69,1541.11,No
3466-URGL,Male,0,Yes,No,62,Yes,No,Fiber optic,No,No,No,Yes,Yes,Yes,Two year,Yes,Mailed check,88.44,5466.19,No
2932-WIRR,Female,0,Yes,No,22,Yes,No,Fiber optic,Yes,No,Yes,No,No,No,One year,No,Electronic check,77.9,1650.86,No
3021-PLRZ,Female,1,No,No,51,Yes,Yes,No,No internet service,No internet service,No internet service,No internet service,No internet service,No internet service,Month-to-month,No,Credit card (automatic),32.61,1580.4,Yes
8103-IWMK,Female,1,No,No,5,Yes,No,DSL,Yes,No,No,No,No,No,Month-to-month,No,Bank transfer (automatic),56.55,277.83,No
3549-URPL,Male,0,Yes,Yes,41,Yes,Yes,Fiber optic,No,No,Yes,Yes,Yes,Yes,Two year,Yes,Bank transfer (automatic),98.5,3823.14,No
3307-JXQS,Male,0,No,No,68,Yes,No,No,No internet service,No internet service,No internet service,No internet service,No internet service,No internet service,Month-to-month,No,Bank transfer (automatic),18.82,1316.58,No
4602-PSIS,Female,0,Yes,No,5,No,No phone service,DSL,Yes,No,No,Yes,No,Yes,Month-to-month,No,Bank transfer (automatic),57.69,277.57,No
1875-ROXD,Female,1,No,No,63,Yes,Yes,Fiber optic,No,No,No,No,No,Yes,One year,No,Credit card (automatic),84.49,5224.14,No
9705-EHGS,Female,1,No,No,3,Yes,No,DSL,Yes,Yes,No,No,No,No,Month-to-month,Yes,Mailed check,62.93,178.71,Yes
4526-OCCM,Male,1,Yes,No,64,Yes,No,DSL,Yes,Yes,Yes,No,Yes,No,One year,No,Bank transfer (automatic),70.64,4421.33,No
6031-FLAX,Female,0,No,Yes,1,Yes,Yes,DSL,No,Yes,Yes,No,No,Yes,One year,Yes,Bank transfer (automatic),79.04,76.13,No
1768-XOWA,Male,0,Yes,No,47,Yes,No,Fiber optic,No,No,No,No,Yes,Yes,One year,Yes,Mailed check,87.66,4150.78,No
4332-CBOQ,Male,0,No,No,25,Yes,No,Fiber optic,Yes,Yes,No,No,No,Yes,One year,No,Electronic check,90.37,2101.42,Yes
6660-TMCM,Female,1,Yes,No,25,Yes,Yes,Fiber optic,Yes,No,Yes,Yes,Yes,Yes,Two year,No,Bank transfer (automatic),97.72,2306.85,No
8275-VKPU,Male,0,No,Yes,39,Yes,Yes,Fiber optic,No,No,No,Yes,Yes,Yes,One year,No,Mailed check,98.77,3654.02,Yes
3273-FVQQ,Female,0,No,Yes,48,Yes,Yes,Fiber optic,No,Yes,No,No,No,No,One year,No,Bank transfer (automatic),86.53,3912.83,No
9913-WERQ,Female,0,No,No,9,No,No phone service,Fiber optic,Yes,No,No,No,Yes,Yes,Two year,Yes,Electronic check,83.05,664.79,No
2668-NFKG,Male,0,No,No,41,Yes,No,Fiber optic,Yes,No,No,Yes,Yes,Yes,Two year,Yes,Bank transfer (automatic),92.92,3722.33,No
5256-XZFX,Male,0,No,No,46,Yes,No,Fiber optic,Yes,Yes,No,Yes,Yes,No,One year,Yes,Bank transfer (automatic),94.84,4180.69,No
6135-ZXRI,Female,0,Yes,No,8,Yes,No,Fiber optic,No,Yes,No,Yes,No,Yes,Two year,Yes,Mailed check,92.18,699.06,Yes
9516-CIKE,Male,1,Yes,No,20,Yes,Yes,Fiber optic,No,Yes,No,No,No,Yes,Month-to-month,Yes,Electronic check,90.56,1765.84,No
9861-KHVW,Female,0,No,No,46,Yes,Yes,Fiber optic,Yes,Yes,Yes,No,No,No,Two year,Yes,Mailed check,91.76,4203.98,No
5322-YZSI,Female,0,No,No,25,Yes,Yes,Fiber optic,Yes,No,No,No,Yes,Yes,Month-to-month,No,Mailed check,106.3,2562.5,Yes
2515-GPVM,Female,0,Yes,No,23,Yes,No,DSL,No,No,Yes,No,Yes,Yes,Month-to-month,No,Electronic check,69.88,1591.91,No
9696-LLFQ,Female,0,Yes,Yes,60,Yes,Yes,No,No internet service,No internet service,No internet service,No internet service,No internet service,No internet service,Month-to-month,Yes,Electronic check,26.19,1582.51,No
6431-LDCW,Male,0,No,No,64,Yes,No,No,No internet service,No internet service,No internet service,No internet service,No internet service,No internet service,Month-to-month,Yes,Electronic check,30.3,2004.24,No
5639-LSTJ,Male,0,No,No,41,Yes,No,DSL,Yes,No,No,Yes,No,No,Month-to-month,No,Credit card (automatic),56.24,2274.36,No
9748-QSAE,Male,0,Yes,Yes,2,Yes,No,Fiber optic,No,Yes,Yes,Yes,No,No,One year,Yes,Bank transfer (automatic),91.04,176.8,Yes
8928-RBXU,Male,0,No,No,61,Yes,No,No,No internet service,No internet service,No internet service,No internet service,No internet service,No internet service,Two year,Yes,Electronic check,22.41,1352.42,No
9880-JQHT,Male,0,No,No,15,Yes,Yes,DSL,No,No,Yes,Yes,No,Yes,Month-to-month,No,Credit card (automatic),73.78,1061.98,No
5692-QJDT,Female,0,Yes,No,14,Yes,No,Fiber optic,No,No,No,Yes,No,Yes,Month-to-month,Yes,Mailed check,85.07,1126.98,No
2325-JFAX,Female,0,No,Yes,47,Yes,Yes,No,No internet service,No internet service,No internet service,No internet service,No internet service,No internet service,Month-to-month,No,Electronic check,27.0,1283.79,No
2047-PFVF,Female,0,Yes,No,20,Yes,Yes,No,No internet service,No internet service,No internet service,No internet service,No internet service,No internet service,One year,Yes,Mailed check,27.07,528.59,No
8772-PFJQ,Female,0,No,Yes,59,Yes,Yes,DSL,Yes,Yes,No,Yes,No,Yes,Two year,No,Electronic check,77.92,4696.36,No
8402-EFBT,Female,0,No,No,23,Yes,Yes,Fiber optic,No,No,No,Yes,No,Yes,One year,No,Bank transfer (automatic),87.93,2048.44,Yes
6241-LKDE,Male,0,No,Yes,27,Yes,No,Fiber optic,No,No,No,Yes,Yes,Yes,One year,Yes,Mailed check,88.39,2347.56,No
2657-XHWP,Female,0,Yes,No,30,Yes,No,Fiber optic,Yes,Yes,No,No,No,No,Two year,Yes,Electronic check,82.76,2515.42,No
9286-ETTO,Female,0,No,No,20,Yes,Yes,DSL,Yes,Yes,No,Yes,Yes,No,Month-to-month,Yes,Bank transfer (automatic),76.23,1375.09,No
2438-FTQX,Female,0,No,No,63,Yes,No,DSL,No,Yes,No,Yes,No,No,Month-to-month,No,Credit card (automatic),61.53,3814.08,No
6313-OPDS,Female,0,Yes,No,31,Yes,No,Fiber optic,No,No,Yes,No,Yes,Yes,Month-to-month,No,Mailed check,89.32,2560.08,Yes
3170-UERH,Female,0,Yes,No,52,Yes,No,Fiber optic,No,Yes,No,Yes,Yes,Yes,Month-to-month,No,Electronic check,93.91,4811.83,No
2536-FACA,Male,0,No,No,51,Yes,No,DSL,No,Yes,No,Yes,Yes,Yes,Two year,No,Bank transfer (automatic),68.76,3586.79,No
2073-YRYG,Female,0,No,Yes,56,Yes,No,DSL,No,No,No,No,Yes,Yes,Month-to-month,Yes,Electronic check,63.22,3467.27,No
3348-TQEU,Female,1,Yes,No,57,Yes,No,DSL,No,No,Yes,No,No,Yes,Month-to-month,Yes,Mailed check,66.54,3784.4,No
6475-NDUY,Female,0,No,Yes,54,Yes,No,DSL,Yes,No,No,Yes,Yes,No,Month-to-month,Yes,Electronic check,62.66,3136.89,No
1688-ZFWG,Male,0,Yes,No,29,Yes,No,DSL,No,Yes,No,No,Yes,No,One year,No,Electronic check,62.59,1778.44,No
6127-CYZA,Male,0,Yes,Yes,57,Yes,No,Fiber optic,Yes,Yes,No,Yes,Yes,Yes,Two year,No,Credit card (automatic),100.85,5059.4,No
1266-XNYM,Male,0,No,Yes,63,Yes,No,DSL,No,Yes,No,Yes,No,No,Month-to-month,No,Electronic check,53.28,3082.86,No
7563-SLDF,Female,0,Yes,No,22,Yes,No,Fiber optic,No,No,Yes,No,Yes,Yes,Month-to-month,Yes,Credit card (automatic),87.79,1896.82,Yes
1474-QGLH,Male,0,Yes,Yes,24,Yes,Yes,Fiber optic,Yes,Yes,Yes,No,Yes,No,Two year,No,Mailed check,97.16,2210.57,Yes
8691-OXDV,Female,0,No,No,1,Yes,Yes,DSL,No,Yes,Yes,Yes,Yes,Yes,Month-to-month,Yes,Bank transfer (automatic),84.22,78.43,No
8244-ONSX,Female,0,Yes,No,59,Yes,No,Fiber optic,No,Yes,No,No,Yes,Yes,Month-to-month,Yes,Bank transfer (automatic),92.79,5793.59,No
3736-YSND,Male,0,No,No,21,Yes,No,Fiber optic,No,Yes,No,Yes,No,No,Month-to-month,Yes,Mailed check,77.84,1527.37,Yes
1517-GNHJ,Female,0,Yes,No,21,Yes,Yes,No,No internet service,No internet service,No internet service,No internet service,No internet service,No internet service,Month-to-month,Yes,Credit card (automatic),31.23,688.13,No
3559-HKPX,Male,0,Yes,No,32,No,No phone service,Fiber optic,No,No,No,No,No,No,Month-to-month,Yes,Mailed check,61.63,1982.86,No
6580-GUIL,Male,0,No,No,29,Yes,Yes,DSL,No,Yes,Yes,Yes,Yes,Yes,Month-to-month,No,Mailed check,81.65,2375.77,Yes
6882-EEPK,Male,0,Yes,No,19,Yes,No,DSL,No,Yes,Yes,Yes,Yes,Yes,Month-to-month,No,Bank transfer (automatic),84.3,1540.78,Yes
8535-ZKEI,Male,1,No,No,40,Yes,Yes,No,No internet service,No internet service,No internet service,No internet service,No internet service,No internet service,Month-to-month,Yes,Electronic check,29.07,1145.92,No
1152-SUEB,Female,0,No,No,7,Yes,Yes,Fiber optic,No,Yes,No,No,Yes,Yes,Two year,Yes,Bank transfer (automatic),98.25,618.14,Yes
7426-EWKU,Male,0,No,No,34,Yes,No,DSL,No,Yes,No,No,Yes,No,One year,Yes,Bank transfer (automatic),65.86,2199.83,No
8166-JZVI,Male,0,Yes,No,0,Yes,Yes,Fiber optic,Yes,No,No,Yes,No,Yes,Two year,No,Credit card (automatic),89.85,,No
2851-QFFU,Male,0,No,No,21,Yes,Yes,DSL,No,Yes,Yes,No,Yes,No,Two year,Yes,Credit card (automatic),74.67,1593.11,No
5954-XLED,Female,0,Yes,No,39,Yes,Yes,DSL,Yes,Yes,No,Yes,No,No,Month-to-month,Yes,Bank transfer (automatic),70.26,2606.69,No
7854-JCPM,Female,0,No,No,28,Yes,Yes,No,No internet service,No internet service,No internet service,No internet service,No internet service,No internet service,Month-to-month,Yes,Credit card (automatic),36.73,977.67,Yes
8049-ELCC,Female,0,No,No,49,Yes,No,Fiber optic,Yes,No,Yes,No,No,No,Month-to-month,Yes,Credit card (automatic),77.62,3881.58,No
8595-KWGG,Female,1,Yes,No,67,Yes,No,DSL,No,Yes,No,No,No,No,Month-to-month,Yes,Electronic check,62.44,3924.5,Yes
1724-YOUW,Female,0,Yes,No,60,Yes,Yes,DSL,Yes,Yes,Yes,No,No,No,Month-to-month,No,Credit card (automatic),64.79,3789.87,No
1402-HZUT,Female,0,No,No,55,Yes,No,DSL,No,Yes,No,No,Yes,Yes,Two year,No,Electronic check,66.1,3259.39,No
7732-ISDQ,Male,0,No,No,27,Yes,Yes,No,No internet service,No internet service,No internet service,No internet service,No internet service,No internet service,One year,No,Electronic check,33.25,897.05,No
6379-WNEV,Male,0,No,No,38,Yes,Yes,No,No internet service,No internet service,No internet service,No internet service,No internet service,No internet service,Month-to-month,No,Electronic check,25.63,894.32,No
2625-PCGJ,Male,0,Yes,No,13,Yes,No,No,No internet service,No internet service,No internet service,No internet service,No internet service,No internet service,Two year,No,Electronic check,26.13,324.41,No
1775-DOEB,Male,1,No,No,49,Yes,Yes,Fiber optic,No,Yes,No,No,Yes,No,Month-to-month,No,Electronic check,89.07,4336.28,Yes
1507-ORUR,Male,0,No,No,62,Yes,Yes,No,No internet service,No internet service,No internet service,No internet service,No internet service,No internet service,Two year,No,Mailed check,35.86,2144.5,No
8733-RVIZ,Male,1,No,No,38,Yes,Yes,Fiber optic,No,No,Yes,Yes,No,Yes,Month-to-month,No,Electronic check,91.86,3369.5,Yes
6090-ITHD,Male,0,No,No,30,Yes,No,No,No internet service,No internet service,No internet service,No internet service,No internet service,No internet service,Two year,No,Credit card (automatic),22.67,633.46,No
1635-CURG,Male,0,No,Yes,41,Yes,Yes,DSL,No,No,No,Yes,Yes,No,Two year,No,Electronic check,66.23,2637.93,No
8592-TJAK,Female,0,No,No,68,Yes,Yes,Fiber optic,Yes,Yes,No,No,Yes,No,Two year,Yes,Mailed check,93.3,6687.63,No
9715-VFRA,Female,1,No,No,25,No,No phone service,DSL,No,No,No,No,Yes,No,Month-to-month,No,Electronic check,47.02,1167.93,No
8971-UIVV,Female,1,No,No,57,Yes,No,Fiber optic,Yes,No,Yes,Yes,No,Yes,Month-to-month,Yes,Electronic check,85.06,4551.74,No
1421-RDHX,Male,0,No,No,59,Yes,No,Fiber optic,Yes,Yes,Yes,No,No,Yes,One year,No,Credit card (automatic),95.09,5215.42,No
8418-TFRR,Male,0,Yes,No,7,Yes,Yes,DSL,Yes,Yes,No,No,No,No,Month-to-month,Yes,Bank transfer (automatic),59.81,416.21,No
9401-YAOY,Female,0,Yes,Yes,43,Yes,No,DSL,Yes,No,No,Yes,Yes,Yes,Month-to-month,No,Electronic check,75.78,3259.6,No
8731-ELMF,Male,0,Yes,No,31,No,No phone service,Fiber optic,Yes,No,No,No,No,No,Two year,No,Bank transfer (automatic),73.34,2218.32,No
5004-KCBI,Female,0,No,No,40,Yes,No,DSL,Yes,No,Yes,No,Yes,No,Month-to-month,No,Mailed check,70.6,2643.69,No
6270-UKLS,Male,0,No,No,1,No,No phone service,DSL,No,Yes,No,No,No,No,Month-to-month,Yes,Electronic check,44.76,42.83,Yes
9058-YGJE,Female,0,No,No,48,Yes,No,Fiber optic,No,No,No,No,No,No,One year,Yes,Electronic check,74.59,3469.51,No
3103-MAAV,Male,0,No,No,40,Yes,Yes,DSL,No,Yes,Yes,No,Yes,No,Month-to-month,No,Electronic check,65.96,2498.92,Yes
9156-TYBH,Male,1,No,No,52,Yes,Yes,DSL,No,No,Yes,Yes,Yes,No,Month-to-month,Yes,Electronic check,71.97,3704.02,No
3892-GFUP,Male,0,Yes,No,36,Yes,No,No,No internet service,No internet service,No internet service,No internet service,No internet service,No internet service,Month-to-month,Yes,Bank transfer (automatic),22.78,768.93,No
2921-EYNE,Male,0,Yes,No,22,Yes,No,Fiber optic,Yes,No,No,Yes,No,Yes,Month-to-month,Yes,Electronic check,85.88,1843.97,Yes
6883-PHFF,Female,0,No,No,60,Yes,Yes,Fiber optic,Yes,No,Yes,No,No,No,One year,No,Electronic check,88.83,4533.05,No
4993-NYRX,Male,0,Yes,Yes,45,Yes,No,No,No internet service,No internet service,No internet service,No internet service,No internet service,No internet service,One year,No,Credit card (automatic),25.98,1078.26,No
4614-QXRD,Female,0,Yes,Yes,38,Yes,Yes,DSL,No,Yes,No,No,No,Yes,Month-to-month,Yes,Bank transfer (automatic),73.88,2704.61,Yes
3351-AVGS,Male,0,Yes,No,55,Yes,Yes,DSL,No,Yes,Yes,No,Yes,No,One year,Yes,Mailed check,67.66,3504.5,No
6273-GFKI,Male,0,No,Yes,57,Yes,Yes,DSL,Yes,No,No,Yes,No,No,Month-to-month,No,Electronic check,64.63,3365.98,No
2325-OPUW,Female,0,No,No,32,Yes,Yes,Fiber optic,Yes,No,No,No,No,Yes,One year,No,Bank transfer (automatic),86.88,2737.78,No
9757-ZOAH,Male,1,No,No,27,Yes,Yes,DSL,No,Yes,No,Yes,Yes,Yes,Month-to-month,Yes,Credit card (automatic),72.6,1936.75,No
3775-KIXN,Female,0,No,No,51,Yes,Yes,Fiber optic,No,Yes,No,No,Yes,No,Two year,Yes,Credit card (automatic),87.11,4392.0,No
7128-WHJO,Male,0,Yes,No,44,Yes,Yes,Fiber optic,No,No,No,No,Yes,Yes,Month-to-month,Yes,Electronic check,87.17,3614.12,Yes
2966-GJDF,Male,0,No,No,26,Yes,No,Fiber optic,No,No,No,No,No,Yes,Two year,No,Mailed check,87.69,2169.54,No
1766-BWNR,Male,1,No,No,39,Yes,No,DSL,No,No,Yes,Yes,No,Yes,Two year,No,Electronic check,58.09,2154.17,No
9556-KWYB,Female,0,Yes,Yes,44,Yes,Yes,DSL,Yes,No,Yes,Yes,Yes,Yes,Month-to-month,No,Electronic check,83.85,3598.4,No
9747-SNUW,Male,1,No,Yes,44,Yes,Yes,DSL,No,Yes,Yes,Yes,Yes,Yes,Two year,No,Electronic check,78.33,3014.71,No
2955-UQHC,Male,0,Yes,No,28,Yes,No,No,No internet service,No internet service,No internet service,No internet service,No internet service,No internet service,Month-to-month,Yes,Credit card (automatic),19.94,491.63,Yes
4969-RZYI,Female,1,Yes,Yes,12,Yes,No,DSL,No,No,No,No,No,No,Two year,Yes,Electronic check,46.6,560.68,No
9354-MLMH,Female,0,No,No,0,Yes,No,DSL,Yes,Yes,Yes,No,No,No,One year,No,Credit card (automatic),67.56,0.0,No
6022-YXCW,Male,0,Yes,No,10,Yes,Yes,Fiber optic,No,No,Yes,Yes,No,No,Month-to-month,Yes,Electronic check,88.09,886.62,Yes
3995-JTCU,Male,0,No,No,55,Yes,No,Fiber optic,Yes,Yes,No,Yes,No,Yes,Month-to-month,Yes,Mailed check,89.2,4974.96,No
7551-FFDE,Male,1,No,No,40,Yes,No,No,No internet service,No internet service,No internet service,No internet service,No internet service,No internet service,Month-to-month,Yes,Electronic check,24.24,889.73,No
5124-YOJJ,Male,0,No,No,32,Yes,Yes,No,No internet service,No internet service,No internet service,No internet service,No internet service,No internet service,Month-to-month,Yes,Electronic check,31.93,940.5,No
4450-INWP,Male,0,Yes,No,60,No,No phone service,DSL,Yes,Yes,No,No,Yes,Yes,Month-to-month,Yes,Bank transfer (automatic),65.69,3862.72,No
6646-WWHE,Male,0,Yes,Yes,52,Yes,No,No,No internet service,No internet service,No internet service,No internet service,No internet service,No internet service,One year,No,Credit card (automatic),25.14,1223.6,No
5637-KWXL,Male,0,No,Yes,62,Yes,Yes,DSL,Yes,No,Yes,No,Yes,No,Month-to-month,No,Mailed check,67.2,4139.29,No
8764-UQUC,Male,0,Yes,No,38,Yes,No,Fiber optic,No,Yes,No,Yes,No,Yes,Month-to-month,No,Mailed check,94.59,3416.33,No
4074-DONY,Female,0,Yes,No,5,Yes,Yes,Fiber optic,No,No,No,Yes,No,Yes,Month-to-month,No,Bank transfer (automatic),91.83,442.24,No
6118-ANFG,Male,1,Yes,No,21,Yes,No,No,No internet service,No internet service,No internet service,No internet service,No internet service,No internet service,One year,No,Electronic check,23.49,478.33,No
2478-NFXA,Male,1,No,No,26,Yes,No,DSL,Yes,Yes,No,Yes,No,Yes,Month-to-month,No,Electronic check,74.87,1962.93,No
2714-QIRY,Female,0,Yes,No,27,Yes,Yes,DSL,Yes,No,Yes,Yes,Yes,Yes,Month-to-month,Yes,Electronic check,82.69,2083.91,No
2186-CZKZ,Female,0,No,No,7,Yes,No,Fiber optic,No,No,No,Yes,No,Yes,Two year,No,Mailed check,93.26,653.9,No
4681-PDHK,Male,1,Yes,No,43,No,No phone service,DSL,Yes,Yes,No,Yes,Yes,No,Two year,Yes,Bank transfer (automatic),75.32,3250.96,No
4344-SIVM,Male,0,Yes,No,36,Yes,No,Fiber optic,No,No,No,No,Yes,No,Month-to-month,Yes,Bank transfer (automatic),82.03,2760.52,Yes
6171-PIAI,Male,1,No,No,30,Yes,Yes,Fiber optic,No,No,No,No,Yes,Yes,Month-to-month,Yes,Bank transfer (automatic),96.11,2759.82,Yes
5946-JRVO,Male,0,No,Yes,49,Yes,Yes,DSL,No,Yes,No,No,Yes,Yes,One year,Yes,Bank transfer (automatic),74.89,3446.49,No
7936-WGAE,Female,0,Yes,No,8,Yes,No,Fiber optic,Yes,No,Yes,No,Yes,No,Month-to-month,No,Bank transfer (automatic),82.78,600.09,Yes
2970-LSPH,Male,0,No,Yes,21,Yes,No,DSL,No,No,Yes,Yes,No,No,One year,Yes,Credit card (automatic),58.72,1180.19,No
3589-GFVX,Female,0,No,No,27,Yes,No,DSL,Yes,Yes,No,No,No,Yes,Two year,Yes,Electronic check,70.26,1836.42,No
4036-WBEN,Female,0,Yes,No,42,Yes,Yes,Fiber optic,No,Yes,No,Yes,No,No,One year,Yes,Electronic check,85.63,3476.79,No
2345-IYBR,Female,1,No,No,6,Yes,Yes,No,No internet service,No internet service,No internet service,No internet service,No internet service,No internet service,Month-to-month,No,Mailed check,28.45,159.0,Yes
9761-HJTI,Female,0,Yes,No,47,Yes,No,No,No internet service,No internet service,No internet service,No internet service,No internet service,No internet service,Two year,Yes,Electronic check,25.47,1269.35,No
4490-KNRQ,Male,0,Yes,No,48,Yes,No,DSL,Yes,No,Yes,No,Yes,No,Month-to-month,No,Mailed check,69.98,2964.34,No
3091-LQJN,Male,0,No,No,31,Yes,Yes,No,No internet service,No internet service,No internet service,No internet service,No internet service,No internet service,Month-to-month,Yes,Electronic check,31.58,924.07,Yes
5447-HJZI,Female,0,No,Yes,11,Yes,No,Fiber optic,Yes,Yes,Yes,Yes,Yes,No,Two year,Yes,Electronic check,104.72,1107.41,No
8102-XDJB,Male,0,Yes,No,2,Yes,No,DSL,No,No,No,Yes,No,Yes,Month-to-month,Yes,Credit card (automatic),69.05,139.02,No
9969-DEZV,Male,0,Yes,No,20,Yes,No,Fiber optic,Yes,No,Yes,Yes,Yes,No,Month-to-month,Yes,Electronic check,99.33,1811.56,Yes
7368-SDBV,Female,1,No,No,19,Yes,No,DSL,Yes,No,Yes,No,No,No,Two year,Yes,Electronic check,64.91,1079.73,No
6254-UNJR,Male,1,Yes,Yes,37,Yes,No,No,No internet service,No internet service,No internet service,No internet service,No internet service,No internet service,Month-to-month,No,Credit card (automatic),28.89,1111.42,No
7494-FAYK,Male,0,Yes,No,13,Yes,Yes,DSL,Yes,No,No,No,Yes,No,Month-to-month,Yes,Bank transfer (automatic),66.19,889.1,No
7757-RRKF,Male,0,No,No,10,Yes,Yes,Fiber optic,No,Yes,No,Yes,No,No,Month-to-month,Yes,Electronic check,86.11,867.65,Yes
1564-OYKZ,Female,0,No,No,32,Yes,No,No,No internet service,No internet service,No internet service,No internet service,No internet service,No internet service,Month-to-month,Yes,Bank transfer (automatic),23.49,708.36,No
6114-HZSL,Male,1,No,Yes,24,Yes,Yes,No,No internet service,No internet service,No internet service,No internet service,No internet service,No internet service,One year,Yes,Electronic check,33.47,759.35,No
5720-DPGE,Male,0,No,No,55,Yes,Yes,Fiber optic,Yes,No,Yes,No,No,Yes,Two year,Yes,Electronic check,92.87,4851.82,No
1049-AEQT,Female,0,Yes,Yes,23,Yes,Yes,No,No internet service,No internet service,No internet service,No internet service,No internet service,No internet service,One year,Yes,Electronic check,29.89,635.01,No
6074-JQDQ,Female,0,Yes,No,10,Yes,No,Fiber optic,No,No,Yes,No,No,No,Month-to-month,No,Electronic check,74.87,708.57,Yes
9856-YXUK,Male,1,Yes,No,43,Yes,No,Fiber optic,No,Yes,Yes,Yes,Yes,Yes,Month-to-month,Yes,Electronic check,102.24,4276.87,Yes
5119-PODZ,Female,0,Yes,No,24,Yes,No,No,No internet service,No internet service,No internet service,No internet service,No internet service,No internet service,Month-to-month,Yes,Mailed check,25.93,629.31,No
7561-SYTN,Female,0,Yes,No,62,Yes,Yes,DSL,Yes,No,No,Yes,Yes,No,Month-to-month,Yes,Mailed check,76.32,4461.67,No
7297-EFZQ,Male,0,No,No,57,Yes,No,Fiber optic,Yes,Yes,Yes,No,Yes,Yes,Two year,Yes,Credit card (automatic),97.46,5824.97,No
7590-BACS,Female,0,Yes,No,55,Yes,Yes,DSL,Yes,Yes,No,Yes,No,No,Month-to-month,No,Mailed check,72.31,3932.15,No
8431-FISR,Male,0,Yes,Yes,6,No,No phone service,Fiber optic,No,Yes,Yes,No,Yes,No,Two year,Yes,Electronic check,84.23,485.32,No
3636-FYQV,Female,1,No,No,26,Yes,Yes,DSL,No,No,Yes,Yes,No,No,Month-to-month,Yes,Bank transfer (automatic),68.17,1712.19,Yes
4134-SLOJ,Male,0,Yes,Yes,28,Yes,No,Fiber optic,No,Yes,No,Yes,No,Yes,Month-to-month,No,Credit card (automatic),90.73,2292.91,No
6391-EAJL,Male,0,No,Yes,54,Yes,No,Fiber optic,Yes,Yes,Yes,No,Yes,No,One year,Yes,Electronic check,92.57,4875.18,Yes
6434-HTDT,Male,0,Yes,Yes,60,Yes,Yes,Fiber optic,Yes,Yes,Yes,Yes,No,No,One year,Yes,Mailed check,95.85,5336.51,No
6548-JMGC,Male,0,No,No,43,Yes,Yes,Fiber optic,Yes,No,No,No,No,Yes,One year,No,Electronic check,92.5,3821.73,No
1677-ZZAY,Male,0,Yes,No,59,Yes,No,No,No internet service,No internet service,No internet service,No internet service,No internet service,No internet service,One year,Yes,Mailed check,27.53,1569.6,No
4746-EDAM,Male,1,No,No,32,Yes,Yes,DSL,Yes,No,No,Yes,Yes,No,One year,No,Credit card (automatic),78.24,2397.31,No
4777-QWQJ,Male,0,No,Yes,68,Yes,Yes,DSL,Yes,No,Yes,Yes,Yes,Yes,Two year,No,Bank transfer (automatic),80.18,5619.75,No
4728-URVK,Female,0,No,No,38,No,No phone service,Fiber optic,Yes,No,Yes,No,No,No,Month-to-month,Yes,Mailed check,72.27,2817.11,Yes
9300-XYPE,Female,0,No,No,11,Yes,Yes,No,No internet service,No internet service,No internet service,No internet service,No internet service,No internet service,Two year,No,Electronic check,28.79,311.41,No
8120-GWEP,Female,0,Yes,No,57,Yes,Yes,Fiber optic,No,Yes,No,No,Yes,Yes,Month-to-month,Yes,Electronic check,92.09,5192.39,No
1405-NRLK,Male,0,Yes,Yes,45,Yes,Yes,DSL,Yes,Yes,No,No,No,Yes,Month-to-month,Yes,Electronic check,74.52,3168.84,No
7366-XXFN,Female,0,Yes,Yes,19,Yes,No,Fiber optic,Yes,Yes,No,No,Yes,No,One year,No,Electronic check,92.33,1698.47,No
5346-FVZO,Female,0,No,No,63,Yes,Yes,Fiber optic,No,No,No,No,No,No,One year,No,Mailed check,77.6,4513.84,No
4404-HMPO,Male,0,No,No,59,Yes,No,DSL,Yes,No,No,Yes,No,Yes,Month-to-month,Yes,Electronic check,64.85,3561.05,No
1797-TQNI,Female,0,No,No,61,Yes,No,Fiber optic,No,Yes,No,Yes,No,Yes,Month-to-month,Yes,Electronic check,92.93,5215.31,No
7449-ZDFC,Female,0,Yes,No,54,Yes,No,DSL,No,Yes,No,No,Yes,No,Two year,No,Mailed check,66.79,3295.86,No
6592-ZKDZ,Female,0,No,No,5,Yes,Yes,Fiber optic,No,No,Yes,No,Yes,Yes,Month-to-month,Yes,Bank transfer (automatic),97.34,497.4,Yes
8230-TYMB,Female,0,No,No,50,Yes,No,DSL,Yes,No,Yes,No,No,Yes,One year,Yes,Electronic check,74.87,3471.23,No
5197-HQOP,Female,1,Yes,Yes,51,No,No phone service,Fiber optic,Yes,No,Yes,No,No,No,Two year,Yes,Electronic check,75.39,3666.21,No
3384-YIPE,Female,0,No,No,29,No,No phone service,Fiber optic,No,Yes,Yes,Yes,Yes,No,Month-to-month,No,Bank transfer (automatic),83.42,2169.3,No
4223-OLCK,Male,0,No,No,70,Yes,Yes,DSL,Yes,Yes,Yes,No,No,Yes,One year,Yes,Bank transfer (automatic),71.58,4743.45,No
5264-JNPN,Male,1,Yes,No,26,Yes,No,No,No internet service,No internet service,No internet service,No internet service,No internet service,No internet service,Month-to-month,No,Electronic check,30.8,774.32,No
2263-JMES,Male,1,No,No,40,Yes,No,Fiber optic,No,No,No,Yes,No,Yes,Month-to-month,No,Bank transfer (automatic),81.25,2983.9,Yes
8029-KRXN,Female,0,Yes,No,5,Yes,Yes,DSL,Yes,Yes,No,Yes,No,Yes,Month-to-month,No,Electronic check,76.91,387.61,No
1495-WYUG,Male,0,No,No,48,Yes,Yes,Fiber optic,No,No,No,No,No,Yes,One year,No,Electronic check,85.94,4017.28,No
4754-TFPK,Female,1,No,No,32,Yes,No,DSL,Yes,No,No,No,Yes,Yes,Two year,Yes,Electronic check,72.65,2024.89,No
8292-UUYO,Male,0,No,Yes,52,Yes,No,Fiber optic,Yes,Yes,No,No,Yes,Yes,Two year,Yes,Electronic check,102.32,5025.0,No
6127-QZTI,Male,0,No,No,56,Yes,Yes,DSL,No,Yes,No,Yes,Yes,Yes,One year,Yes,Bank transfer (automatic),76.51,4255.58,No
2391-BOLS,Male,0,No,No,70,Yes,No,Fiber optic,Yes,Yes,No,No,No,Yes,Month-to-month,Yes,Electronic check,86.78,6094.11,No
9495-NLOV,Male,0,No,No,3,Yes,No,DSL,No,No,Yes,No,No,No,Month-to-month,No,Mailed check,61.48,169.32,No
9226-VQVJ,Male,0,Yes,No,53,Yes,Yes,DSL,Yes,No,No,Yes,No,No,One year,Yes,Credit card (automatic),65.07,3231.51,No
5995-FRSF,Male,0,Yes,No,44,Yes,Yes,DSL,Yes,Yes,Yes,Yes,Yes,Yes,Month-to-month,No,Credit card (automatic),84.75,3442.0,No
4737-UWBI,Male,0,Yes,No,23,Yes,Yes,Fiber optic,No,Yes,Yes,No,Yes,Yes,Two year,Yes,Credit card (automatic),102.25,2253.06,Yes
3639-NWYQ,Male,0,Yes,Yes,33,Yes,Yes,No,No internet service,No internet service,No internet service,No internet service,No internet service,No internet service,Month-to-month,Yes,Mailed check,36.15,1097.5,No
4104-AEUO,Female,0,No,No,23,Yes,No,No,No internet service,No internet service,No internet service,No internet service,No internet service,No internet service,Month-to-month,No,Mailed check,25.6,529.22,No
7299-IQTW,Male,1,No,No,41,Yes,No,DSL,No,No,Yes,No,No,No,Two year,Yes,Credit card (automatic),54.67,2164.27,No
6905-ULDC,Male,0,No,No,10,Yes,Yes,No,No internet service,No internet service,No internet service,No internet service,No internet service,No internet service,Two year,Yes,Bank transfer (automatic),27.93,283.05,No
7800-GUTV,Male,0,No,No,34,Yes,Yes,DSL,No,No,Yes,No,No,Yes,One year,No,Mailed check,67.82,2095.42,No
5453-MLNP,Female,0,No,Yes,57,Yes,No,Fiber optic,No,Yes,No,Yes,No,No,One year,Yes,Electronic check,89.56,5002.53,No
4599-NRVX,Female,0,No,Yes,58,Yes,No,DSL,Yes,Yes,No,No,Yes,Yes,Two year,Yes,Electronic check,75.87,4391.68,No
5922-QAAS,Male,0,No,No,18,Yes,No,Fiber optic,No,No,No,Yes,Yes,Yes,Month-to-month,No,Credit card (automatic),97.25,1704.64,Yes
5888-IZTU,Female,0,Yes,No,62,Yes,Yes,DSL,Yes,No,Yes,Yes,No,Yes,One year,Yes,Bank transfer (automatic),86.35,5096.0,No
6740-FGOO,Female,0,No,No,70,Yes,Yes,Fiber optic,No,No,No,No,No,No,Month-to-month,No,Electronic check,79.7,5164.28,No
7061-ACNP,Female,1,Yes,Yes,11,Yes,No,Fiber optic,No,No,Yes,Yes,Yes,No,Two year,Yes,Credit card (automatic),91.23,953.68,No
8395-PHUV,Female,0,Yes,No,58,Yes,No,DSL,No,No,No,No,No,Yes,Month-to-month,No,Electronic check,53.62,2650.58,No
4949-EEFX,Female,0,No,Yes,46,Yes,Yes,DSL,No,No,No,No,No,Yes,Month-to-month,Yes,Bank transfer (automatic),63.95,2811.01,Yes
7639-KILJ,Female,1,Yes,Yes,18,Yes,Yes,No,No internet service,No internet service,No internet service,No internet service,No internet service,No internet service,Two year,Yes,Credit card (automatic),31.42,537.45,No
8791-WERB,Male,0,Yes,Yes,23,Yes,No,Fiber optic,Yes,No,Yes,Yes,Yes,Yes,Month-to-month,No,Bank transfer (automatic),94.46,2087.16,Yes
8086-OIYO,Male,0,Yes,No,5,No,No phone service,Fiber optic,No,No,Yes,No,No,Yes,Month-to-month,No,Credit card (automatic),83.51,401.02,Yes
7646-QEAP,Male,0,No,No,60,Yes,No,Fiber optic,No,Yes,No,Yes,No,No,Two year,No,Electronic check,77.13,4745.46,Yes
3445-UPAJ,Male,0,No,No,49,Yes,No,No,No internet service,No internet service,No internet service,No internet service,No internet service,No internet service,Two year,Yes,Credit card (automatic),22.4,1145.07,No
4504-LWNN,Female,0,No,No,9,Yes,Yes,Fiber optic,No,No,No,No,Yes,Yes,Month-to-month,Yes,Electronic check,90.72,783.07,Yes
5966-PDIM,Female,0,No,No,16,Yes,No,No,No internet service,No internet service,No internet service,No internet service,No internet service,No internet service,One year,Yes,Electronic check,24.75,399.75,No
8540-DJWP,Female,1,Yes,No,17,Yes,No,No,No internet service,No internet service,No internet service,No internet service,No internet service,No internet service,Month-to-month,Yes,Bank transfer (automatic),28.92,458.43,Yes
3839-HQDI,Female,1,Yes,Yes,34,Yes,No,DSL,Yes,Yes,No,Yes,Yes,No,Month-to-month,No,Mailed check,71.3,2396.73,No
9278-ZFYT,Female,0,No,No,27,Yes,Yes,No,No internet service,No internet service,No internet service,No internet service,No internet service,No internet service,Month-to-month,Yes,Electronic check,37.15,1016.77,Yes
3164-UTFX,Female,0,Yes,No,47,Yes,Yes,Fiber optic,No,Yes,Yes,No,No,No,Month-to-month,No,Credit card (automatic),89.02,4005.9,No
2521-LLMQ,Female,0,No,Yes,13,Yes,No,DSL,No,No,Yes,No,No,Yes,Two year,Yes,Credit card (automatic),58.3,809.04,No
9206-BXFA,Female,0,Yes,Yes,54,Yes,No,Fiber optic,No,Yes,Yes,No,No,No,One year,No,Bank transfer (automatic),79.88,4250.29,No
8161-LNSU,Male,0,No,Yes,47,No,No phone service,Fiber optic,No,Yes,Yes,No,No,No,Two year,Yes,Credit card (automatic),71.62,3058.7,No
1583-IMEH,Male,0,No,Yes,42,Yes,No,Fiber optic,Yes,No,Yes,No,Yes,No,Month-to-month,Yes,Credit card (automatic),90.25,3742.24,No
9706-HNZL,Female,1,Yes,No,34,Yes,Yes,No,No internet service,No internet service,No internet service,No internet service,No internet service,No internet service,Month-to-month,Yes,Bank transfer (automatic),29.83,1009.46,No
4842-ICTV,Male,0,No,No,47,Yes,No,DSL,No,Yes,Yes,No,No,Yes,Two year,No,Credit card (automatic),72.61,3473.28,No
1235-FNGR,Male,0,Yes,No,26,Yes,Yes,DSL,Yes,Yes,No,No,Yes,No,Two year,No,Bank transfer (automatic),69.62,1779.97,No
6278-FGMR,Female,0,Yes,No,55,Yes,Yes,Fiber optic,No,No,No,Yes,Yes,Yes,Two year,Yes,Mailed check,99.64,5506.82,No
4623-ABQH,Female,0,Yes,Yes,14,Yes,Yes,Fiber optic,No,No,No,Yes,No,No,Month-to-month,No,Electronic check,81.55,1123.56,Yes
8325-PNTT,Male,0,No,Yes,67,Yes,No,DSL,No,Yes,No,Yes,No,No,Month-to-month,Yes,Electronic check,63.79,3767.13,No
2382-LTJB,Male,0,Yes,Yes,60,Yes,No,DSL,No,No,Yes,No,Yes,No,Two year,Yes,Mailed check,66.5,3779.91,No
3226-GUPJ,Male,0,No,No,52,Yes,No,Fiber optic,No,Yes,Yes,Yes,No,No,Two year,No,Mailed check,91.16,4545.27,No
4923-GAXP,Female,0,No,No,25,Yes,Yes,Fiber optic,No,No,No,No,Yes,No,Month-to-month,No,Credit card (automatic),93.63,2273.77,Yes
8814-RQTS,Male,0,Yes,No,1,Yes,Yes,DSL,No,No,Yes,No,No,No,Two year,Yes,Bank transfer (automatic),60.42,53.75,No
2098-AGCV,Female,0,No,No,56,Yes,Yes,Fiber optic,No,No,No,No,No,No,Month-to-month,Yes,Credit card (automatic),80.01,4154.19,No
5903-OXQW,Male,0,No,Yes,43,No,No phone service,No,No internet service,No internet service,No internet service,No internet service,No internet service,No internet service,Two year,Yes,Credit card (automatic),18.17,822.24,No
1366-RJJW,Female,0,Yes,No,53,Yes,Yes,Fiber optic,No,No,No,No,No,Yes,Month-to-month,No,Mailed check,81.49,3816.23,Yes
8913-ICDZ,Male,0,Yes,No,37,Yes,No,DSL,No,No,No,No,Yes,No,Month-to-month,Yes,Mailed check,61.6,2361.96,No
5711-FZTD,Female,1,Yes,No,15,Yes,No,DSL,No,Yes,No,No,No,No,Month-to-month,Yes,Credit card (automatic),56.12,783.75,Yes
2069-RDKD,Male,1,No,No,5,Yes,No,DSL,No,Yes,Yes,No,Yes,Yes,Month-to-month,No,Bank transfer (automatic),76.33,366.34,Yes
9894-PLLT,Male,0,No,No,52,Yes,No,Fiber optic,Yes,Yes,No,No,Yes,Yes,Two year,No,Mailed check,94.21,4817.89,Yes
4995-ZQYO,Female,0,Yes,Yes,35,Yes,No,Fiber optic,Yes,Yes,Yes,No,Yes,No,Month-to-month,Yes,Bank transfer (automatic),98.29,3184.4,Yes
6111-NVZY,Female,0,Yes,No,1,Yes,Yes,No,No internet service,No internet service,No internet service,No internet service,No internet service,No internet service,Two year,Yes,Credit card (automatic),28.9,27.56,No
3617-RUNR,Female,0,Yes,No,27,Yes,No,No,No internet service,No internet service,No internet service,No internet service,No internet service,No internet service,Month-to-month,Yes,Electronic check,18.0,474.39,No
5888-YHBI,Female,0,No,Yes,26,Yes,No,DSL,No,Yes,Yes,No,Yes,Yes,Month-to-month,No,Electronic check,72.29,1787.0,No
5783-RTTE,Male,0,No,Yes,22,Yes,Yes,DSL,No,No,Yes,No,Yes,No,Month-to-month,Yes,Credit card (automatic),67.09,1344.49,Yes
1956-BCYM,Male,0,Yes,No,37,Yes,No,Fiber optic,No,No,Yes,No,Yes,No,Month-to-month,Yes,Electronic check,80.99,2783.72,No
5089-PFTG,Female,0,No,No,65,Yes,Yes,Fiber optic,Yes,Yes,No,No,Yes,No,Month-to-month,Yes,Mailed check,88.19,5523.03,Yes
5471-MMAZ,Female,0,No,Yes,29,Yes,No,Fiber optic,Yes,Yes,No,No,Yes,No,Month-to-month,No,Bank transfer (automatic),95.9,2742.76,Yes
6005-RJFG,Female,0,Yes,Yes,50,Yes,No,Fiber optic,No,Yes,Yes,No,No,Yes,Month-to-month,Yes,Mailed check,85.22,4452.89,No
8972-YVJN,Female,0,No,No,49,Yes,Yes,Fiber optic,Yes,No,No,Yes,No,No,Month-to-month,Yes,Bank transfer (automatic),92.09,4333.66,Yes
4682-TWUR,Female,0,Yes,No,65,No,No phone service,No,No internet service,No internet service,No internet service,No internet service,No internet service,No internet service,Month-to-month,No,Mailed check,20.68,1440.7,No
5147-LLYI,Male,0,Yes,No,40,No,No phone service,DSL,No,Yes,No,No,No,No,One year,Yes,Credit card (automatic),44.9,1664.55,No
3284-JLJE,Male,0,Yes,Yes,11,Yes,No,DSL,No,Yes,No,No,Yes,Yes,Month-to-month,Yes,Electronic check,72.18,735.79,Yes
6581-XZRP,Female,0,Yes,Yes,48,Yes,No,Fiber optic,No,Yes,Yes,Yes,Yes,No,One year,Yes,Credit card (automatic),94.95,4619.87,Yes
4504-USPO,Male,0,No,No,48,Yes,Yes,DSL,No,No,Yes,No,Yes,No,One year,Yes,Electronic check,68.94,3065.23,No
9469-WTIR,Male,0,Yes,No,43,No,No phone service,Fiber optic,Yes,No,No,No,Yes,No,Two year,No,Electronic check,81.53,3351.57,No
6085-WEXO,Male,0,Yes,No,57,Yes,No,DSL,Yes,No,No,Yes,Yes,Yes,Month-to-month,No,Electronic check,76.05,4280.61,No
4207-WNIQ,Female,0,No,No,6,Yes,Yes,Fiber optic,Yes,Yes,No,No,No,Yes,Month-to-month,Yes,Mailed check,90.66,521.74,No
1602-QBYV,Male,0,No,Yes,10,Yes,Yes,No,No internet service,No internet service,No internet service,No internet service,No internet service,No internet service,Month-to-month,Yes,Electronic check,22.04,204.65,No
6572-JLPM,Male,0,No,No,45,Yes,No,Fiber optic,Yes,Yes,No,No,No,Yes,One year,No,Electronic check,90.1,3924.16,Yes
6581-NSGP,Male,0,Yes,No,27,Yes,No,Fiber optic,No,No,Yes,Yes,No,No,Two year,No,Mailed check,80.89,2143.88,No
1092-EZRP,Female,0,Yes,No,13,Yes,No,DSL,No,No,No,No,No,Yes,Month-to-month,Yes,Mailed check,62.11,810.46,Yes
4583-SIGC,Female,1,No,No,62,Yes,No,DSL,Yes,Yes,No,No,No,Yes,Two year,No,Electronic check,71.36,4186.7,No
3227-FOWZ,Male,0,Yes,No,15,Yes,No,No,No internet service,No internet service,No internet service,No internet service,No internet service,No internet service,Month-to-month,Yes,Electronic check,18.45,266.39,No
8464-CBGS,Female,0,No,No,54,Yes,No,No,No internet service,No internet service,No internet service,No internet service,No internet service,No internet service,Month-to-month,Yes,Bank transfer (automatic),25.66,1250.1,No
3028-WYYU,Male,0,No,No,65,Yes,No,Fiber optic,Yes,No,No,No,No,Yes,Two year,No,Mailed check,84.08,5156.49,No
7008-FAXC,Male,0,Yes,Yes,54,Yes,Yes,DSL,No,Yes,No,Yes,Yes,No,Month-to-month,Yes,Electronic check,70.71,3693.91,No
7672-MUFS,Female,0,No,No,8,Yes,No,Fiber optic,No,Yes,Yes,Yes,No,Yes,Month-to-month,Yes,Mailed check,97.01,721.24,Yes
1216-AAEC,Male,0,No,Yes,21,Yes,Yes,Fiber optic,No,No,Yes,No,No,No,Month-to-month,Yes,Bank transfer (automatic),84.79,1776.92,Yes
1323-CVIX,Male,1,Yes,No,15,Yes,No,Fiber optic,Yes,Yes,Yes,Yes,Yes,No,One year,Yes,Bank transfer (automatic),96.65,1364.68,Yes
9941-JDWO,Female,1,No,No,41,Yes,Yes,DSL,No,No,Yes,No,Yes,Yes,Month-to-month,Yes,Electronic check,81.72,3120.56,No
8057-APMA,Female,1,No,No,4,Yes,No,DSL,No,Yes,No,Yes,Yes,No,Month-to-month,Yes,Credit card (automatic),67.01,282.23,Yes
9947-GKMR,Male,0,No,No,62,Yes,No,Fiber optic,No,No,Yes,Yes,Yes,Yes,Two year,No,Mailed check,96.72,5690.97,No
6266-YVVK,Male,0,Yes,No,29,Yes,Yes,No,No internet service,No internet service,No internet service,No internet service,No internet service,No internet service,One year,Yes,Credit card (automatic),36.8,971.59,No
6570-YYYV,Female,0,Yes,No,66,Yes,Yes,DSL,Yes,No,No,No,Yes,No,Two year,No,Bank transfer (automatic),65.55,4253.78,No
8777-LWTN,Male,0,Yes,No,45,Yes,Yes,Fiber optic,Yes,Yes,No,Yes,Yes,No,Two year,Yes,Mailed check,97.26,3974.18,No
8054-VMNP,Female,0,Yes,No,26,Yes,No,Fiber optic,Yes,Yes,No,Yes,No,No,Month-to-month,Yes,Credit card (automatic),88.95,2219.07,Yes
5562-VMVS,Male,0,Yes,No,11,Yes,Yes,DSL,No,No,Yes,Yes,Yes,No,Month-to-month,No,Bank transfer (automatic),72.03,761.58,No
4512-RXNQ,Male,0,No,No,26,Yes,Yes,DSL,No,Yes,No,Yes,Yes,No,Month-to-month,Yes,Credit card (automatic),74.37,1859.18,No
8205-EBWS,Female,0,No,Yes,19,Yes,No,Fiber optic,No,No,Yes,No,Yes,No,Month-to-month,Yes,Electronic check,86.35,1632.61,Yes
4711-VORN,Female,0,No,No,42,Yes,No,DSL,No,No,No,Yes,No,No,Month-to-month,Yes,Mailed check,58.93,2490.3,No
6042-PYXU,Female,1,Yes,No,48,Yes,No,DSL,Yes,No,No,Yes,No,Yes,Month-to-month,No,Bank transfer (automatic),64.31,2926.91,No
6024-DFFJ,Male,0,Yes,Yes,25,Yes,No,No,No internet service,No internet service,No internet service,No internet service,No internet service,No internet service,One year,No,Bank transfer (automatic),20.7,532.24,No
3405-VJBN,Male,1,Yes,No,66,Yes,Yes,Fiber optic,No,No,Yes,No,No,Yes,Two year,No,Electronic check,86.6,5705.07,No
9479-DJQB,Female,1,Yes,No,14,Yes,No,No,No internet service,No internet service,No internet service,No internet service,No internet service,No internet service,Two year,Yes,Electronic check,22.4,296.01,No
8686-KPOL,Male,0,Yes,No,46,Yes,No,Fiber optic,Yes,Yes,No,No,Yes,No,Month-to-month,Yes,Electronic check,86.84,3594.98,Yes
3288-OBRI,Female,1,Yes,Yes,9,Yes,No,No,No internet service,No internet service,No internet service,No internet service,No internet service,No internet service,Two year,Yes,Electronic check,32.2,265.76,No
9845-MNDX,Female,0,No,No,68,Yes,No,DSL,No,No,Yes,No,No,Yes,Month-to-month,No,Electronic check,61.73,3772.88,Yes
1960-GLBP,Male,0,Yes,Yes,32,Yes,No,No,No internet service,No internet service,No internet service,No internet service,No internet service,No internet service,Month-to-month,Yes,Electronic check,24.05,782.09,No
6246-KJLC,Male,0,No,No,46,Yes,No,Fiber optic,No,Yes,Yes,No,Yes,Yes,Month-to-month,Yes,Bank transfer (automatic),91.56,4026.7,Yes
3278-EBMW,Male,0,Yes,Yes,7,No,No phone service,Fiber optic,Yes,No,No,No,Yes,No,One year,No,Bank transfer (automatic),76.99,540.82,No
7984-NWYY,Female,0,No,No,29,No,No phone service,Fiber optic,Yes,No,No,No,Yes,Yes,Month-to-month,Yes,Electronic check,76.67,2148.51,Yes
1728-XMUM,Male,0,Yes,No,2,Yes,Yes,DSL,No,Yes,No,No,No,No,One year,No,Bank transfer (automatic),62.88,118.46,No
4813-WLNP,Male,1,No,No,9,Yes,No,Fiber optic,No,Yes,Yes,Yes,No,Yes,One year,Yes,Mailed check,94.39,825.09,No
3307-KCYF,Female,0,No,No,14,Yes,No,No,No internet service,No internet service,No internet service,No internet service,No internet service,No internet service,Month-to-month,Yes,Electronic check,29.02,393.34,Yes
1935-QHRU,Male,0,No,No,61,Yes,No,Fiber optic,No,No,Yes,No,No,Yes,Month-to-month,Yes,Credit card (automatic),81.14,4795.78,No
5746-YQNT,Female,0,No,Yes,46,Yes,No,No,No internet service,No internet service,No internet service,No internet service,No internet service,No internet service,Month-to-month,No,Credit card (automatic),23.9,1042.75,No
7573-EIHO,Female,0,No,No,33,Yes,No,Fiber optic,No,No,No,No,No,Yes,Month-to-month,No,Bank transfer (automatic),77.58,2519.85,No
6801-CBVH,Male,0,No,Yes,9,Yes,Yes,DSL,No,No,Yes,No,Yes,No,Two year,No,Bank transfer (automatic),63.04,572.12,No
7503-NXIN,Female,0,Yes,Yes,11,Yes,Yes,No,No internet service,No internet service,No internet service,No internet service,No internet service,No internet service,One year,Yes,Credit card (automatic),32.57,368.09,No
2192-XRLZ,Male,1,Yes,Yes,20,Yes,No,Fiber optic,No,Yes,No,Yes,Yes,No,Month-to-month,Yes,Electronic check,89.48,1679.79,Yes
6294-GYLL,Male,0,Yes,No,26,Yes,No,DSL,No,No,Yes,No,No,Yes,Month-to-month,No,Electronic check,65.2,1665.49,No
1492-MVLO,Female,0,No,No,26,Yes,Yes,DSL,Yes,No,Yes,No,Yes,No,One year,Yes,Credit card (automatic),70.93,1808.4,No
2497-YYGZ,Female,0,No,No,45,Yes,No,Fiber optic,Yes,Yes,No,No,Yes,No,Two year,No,Electronic check,93.78,4235.37,Yes
6100-JYPC,Female,0,No,No,45,Yes,Yes,Fiber optic,No,Yes,No,Yes,Yes,Yes,One year,Yes,Electronic check,104.95,4353.81,No
2443-DDIY,Female,1,No,Yes,50,Yes,No,Fiber optic,Yes,Yes,No,No,No,Yes,Two year,No,Bank transfer (automatic),90.44,4500.05,No
4849-XRZP,Female,1,No,No,69,Yes,No,No,No internet service,No internet service,No internet service,No internet service,No internet service,No internet service,Month-to-month,Yes,Electronic check,23.88,1639.21,No
3218-FLJW,Female,0,Yes,No,52,Yes,Yes,Fiber optic,No,Yes,Yes,Yes,No,Yes,Two year,Yes,Mailed check,94.07,4689.94,No
4108-QOMQ,Female,0,Yes,No,14,Yes,Yes,Fiber optic,No,Yes,No,Yes,Yes,Yes,Month-to-month,No,Electronic check,102.12,1335.95,Yes
8951-BKWI,Female,1,Yes,No,47,Yes,Yes,Fiber optic,No,No,No,Yes,Yes,No,One year,Yes,Electronic check,101.35,4543.86,Yes
1218-WLVJ,Male,0,Yes,Yes,69,Yes,Yes,Fiber optic,No,No,Yes,No,Yes,No,Two year,Yes,Mailed check,91.95,5827.1,No
2668-MTIT,Male,0,No,No,14,Yes,Yes,No,No internet service,No internet service,No internet service,No internet service,No internet service,No internet service,Two year,Yes,Credit card (automatic),33.71,455.8,No
6215-ZPBP,Female,0,No,No,40,Yes,Yes,No,No internet service,No internet service,No internet service,No internet service,No internet service,No internet service,Month-to-month,No,Bank transfer (automatic),33.36,1327.26,No
8022-PYBG,Male,0,No,No,60,Yes,No,No,No internet service,No internet service,No internet service,No internet service,No internet service,No internet service,Two year,Yes,Credit card (automatic),26.18,1540.03,No
7644-VVHF,Female,0,Yes,Yes,24,Yes,Yes,DSL,No,Yes,Yes,No,No,No,Month-to-month,Yes,Electronic check,68.47,1442.89,No
4223-NGOC,Female,0,Yes,No,28,Yes,Yes,No,No internet service,No internet service,No internet service,No internet service,No internet service,No internet service,One year,No,Bank transfer (automatic),33.07,843.63,No
9015-NEEZ,Female,0,Yes,No,13,Yes,Yes,Fiber optic,No,Yes,No,Yes,No,No,Month-to-month,Yes,Electronic check,87.38,1036.91,No
9304-EPVQ,Female,0,No,No,11,Yes,Yes,Fiber optic,Yes,No,No,No,No,No,One year,No,Electronic check,78.51,905.22,No
7450-VATM,Female,0,Yes,No,59,Yes,No,Fiber optic,No,Yes,Yes,No,Yes,No,Two year,No,Bank transfer (automatic),90.33,4954.22,No
3914-KWIT,Female,0,Yes,Yes,19,Yes,No,No,No internet service,No internet service,No internet service,No internet service,No internet service,No internet service,Two year,No,Mailed check,24.01,439.72,No
3435-RSRF,Male,0,Yes,No,60,Yes,No,Fiber optic,No,Yes,Yes,Yes,Yes,No,Month-to-month,Yes,Bank transfer (automatic),92.59,5453.24,No
6757-XHZX,Male,0,No,No,39,Yes,Yes,Fiber optic,No,Yes,No,Yes,No,Yes,Month-to-month,No,Electronic check,92.64,3339.24,Yes
6708-ESVH,Male,0,Yes,No,19,No,No phone service,Fiber optic,Yes,Yes,No,Yes,Yes,No,One year,Yes,Credit card (automatic),83.99,1377.03,No
1503-TIEC,Male,0,No,No,31,Yes,No,Fiber optic,No,No,Yes,No,Yes,Yes,Month-to-month,No,Electronic check,91.46,2694.19,Yes
3466-EEPE,Male,0,No,No,14,Yes,No,Fiber optic,No,Yes,No,Yes,Yes,No,One year,Yes,Electronic check,95.44,1321.27,No
5516-MDKC,Male,0,No,No,35,Yes,Yes,No,No internet service,No internet service,No internet service,No internet service,No internet service,No internet service,Two year,Yes,Mailed check,28.49,936.57,No
2479-UYXI,Female,0,No,No,56,Yes,Yes,No,No internet service,No internet service,No internet service,No internet service,No internet service,No internet service,Month-to-month,Yes,Bank transfer (automatic),34.02,1818.18,No
8303-NWBX,Male,0,Yes,No,57,Yes,No,No,No internet service,No internet service,No internet service,No internet service,No internet service,No internet service,Month-to-month,No,Bank transfer (automatic),29.74,1774.33,No
6638-AQFM,Female,0,No,No,53,Yes,No,DSL,No,No,Yes,Yes,No,Yes,Month-to-month,Yes,Electronic check,69.7,3510.17,Yes
5422-ERQS,Female,0,No,No,25,Yes,Yes,DSL,No,Yes,No,No,No,Yes,Month-to-month,Yes,Bank transfer (automatic),70.71,1650.6,Yes
2595-BUVS,Male,0,No,No,35,Yes,Yes,DSL,No,No,No,Yes,Yes,No,Two year,No,Bank transfer (automatic),69.24,2283.77,No
4182-WRTM,Female,1,No,Yes,47,Yes,No,DSL,Yes,Yes,No,No,Yes,No,Month-to-month,Yes,Electronic check,71.07,3171.64,No
8892-CDLC,Male,1,Yes,Yes,27,Yes,Yes,Fiber optic,No,No,No,Yes,No,No,Two year,Yes,Credit card (automatic),81.96,2224.89,No
3266-RDJH,Female,0,Yes,No,28,Yes,Yes,DSL,No,No,No,Yes,No,Yes,Month-to-month,No,Electronic check,66.74,1900.7,No
7180-IYAK,Male,0,No,No,9,Yes,No,DSL,Yes,No,No,No,Yes,No,Month-to-month,No,Credit card (automatic),70.78,634.5,No
9818-JJUE,Male,0,No,No,58,Yes,Yes,Fiber optic,Yes,No,No,Yes,Yes,No,Month-to-month,No,Electronic check,93.56,5572.74,No
2988-MWXB,Male,0,No,No,16,Yes,No,Fiber optic,No,Yes,Yes,No,Yes,No,Two year,Yes,Electronic check,90.14,1444.88,No
4871-SBCC,Male,0,Yes,Yes,9,Yes,Yes,DSL,No,No,No,Yes,Yes,No,One year,No,Electronic check,62.58,528.58,No
3685-OMCH,Male,0,Yes,No,12,Yes,Yes,DSL,Yes,Yes,Yes,Yes,No,Yes,Month-to-month,Yes,Electronic check,84.99,1019.08,Yes
6630-GUTO,Female,0,Yes,No,29,Yes,No,Fiber optic,Yes,Yes,Yes,No,No,No,Month-to-month,Yes,Bank transfer (automatic),86.77,2549.44,No
3066-RXIS,Male,0,No,No,63,No,No phone service,DSL,Yes,Yes,No,No,Yes,No,Two year,No,Bank transfer (automatic),56.03,3427.63,No
3630-WATT,Female,0,Yes,No,16,Yes,Yes,DSL,No,Yes,No,No,No,Yes,Two year,No,Electronic check,65.8,1035.5,No
2033-KDTO,Female,0,No,No,0,Yes,No,DSL,No,No,Yes,No,No,No,Month-to-month,Yes,Electronic check,59.5,,Yes
6168-MAUY,Male,1,No,No,55,Yes,Yes,DSL,No,Yes,No,No,Yes,No,Month-to-month,Yes,Bank transfer (automatic),67.94,3503.23,No
1113-ZJRU,Female,0,No,Yes,17,Yes,No,Fiber optic,Yes,No,No,No,No,No,Two year,Yes,Electronic check,79.03,1298.91,No
2221-FPGT,Female,0,Yes,No,29,Yes,Yes,Fiber optic,Yes,No,Yes,Yes,Yes,No,Month-to-month,Yes,Electronic check,96.42,2550.78,No
7822-SLNU,Male,0,No,Yes,69,Yes,No,DSL,Yes,No,No,No,No,No,Month-to-month,No,Mailed check,55.38,3612.48,No
9869-MUEN,Female,0,Yes,No,3,Yes,No,Fiber optic,No,No,Yes,Yes,Yes,No,Month-to-month,No,Electronic check,82.34,228.31,Yes
4357-TKNK,Male,0,No,Yes,8,Yes,No,Fiber optic,Yes,No,No,No,No,No,Month-to-month,Yes,Mailed check,75.97,597.7,No
5575-PPPB,Male,0,No,No,33,Yes,No,Fiber optic,Yes,Yes,Yes,Yes,Yes,Yes,Two year,No,Credit card (automatic),104.01,3324.4,Yes
6208-BIEN,Male,0,Yes,No,28,No,No phone service,No,No internet service,No internet service,No internet service,No internet service,No internet service,No internet service,Month-to-month,No,Electronic check,18.69,505.57,No
7623-WYFI,Female,0,Yes,Yes,70,Yes,Yes,Fiber optic,No,No,No,Yes,No,No,Month-to-month,No,Mailed check,84.39,6113.45,No
3290-XDRR,Male,1,Yes,No,69,Yes,No,Fiber optic,No,No,No,No,Yes,Yes,Month-to-month,No,Electronic check,82.76,5747.76,No
8149-GBTS,Male,0,No,No,47,Yes,Yes,DSL,No,No,No,Yes,No,No,Month-to-month,Yes,Electronic check,58.99,2755.2,No
2828-DSSX,Female,0,No,No,7,Yes,No,Fiber optic,Yes,No,No,No,Yes,Yes,Month-to-month,Yes,Bank transfer (automatic),92.52,611.62,Yes
4919-KMKD,Female,1,Yes,No,50,No,No phone service,DSL,Yes,No,Yes,No,Yes,No,Month-to-month,No,Electronic check,62.7,3102.29,No
7364-ZXRO,Male,0,No,No,15,Yes,No,Fiber optic,No,No,No,No,Yes,Yes,Month-to-month,No,Mailed check,83.62,1128.37,Yes
9580-SMMW,Male,0,Yes,No,63,Yes,No,Fiber optic,Yes,Yes,Yes,No,No,No,Month-to-month,No,Credit card (automatic),83.49,4866.5,No
6871-IZIQ,Female,0,Yes,Yes,63,Yes,No,No,No internet service,No internet service,No internet service,No internet service,No internet service,No internet service,Two year,Yes,Electronic check,27.3,1717.18,No
2745-XOKH,Female,0,Yes,Yes,59,Yes,Yes,No,No internet service,No internet service,No internet service,No internet service,No internet service,No internet service,Month-to-month,No,Mailed check,23.74,1383.02,No
4223-TGWY,Male,0,No,No,36,Yes,Yes,Fiber optic,No,No,No,No,Yes,No,Month-to-month,Yes,Bank transfer (automatic),93.34,3219.76,Yes
4419-OGUA,Male,0,No,No,45,Yes,No,Fiber optic,Yes,Yes,No,No,No,Yes,One year,No,Mailed check,82.2,3645.62,No
8397-RRAE,Male,0,Yes,No,23,Yes,No,No,No internet service,No internet service,No internet service,No internet service,No internet service,No internet service,Two year,Yes,Credit card (automatic),25.54,561.96,No
3492-AMNG,Female,0,Yes,No,34,Yes,No,DSL,No,Yes,No,Yes,Yes,Yes,Two year,No,Credit card (automatic),58.37,1778.73,No
1960-ZSGI,Female,1,Yes,No,48,Yes,No,No,No internet service,No internet service,No internet service,No internet service,No internet service,No internet service,One year,Yes,Electronic check,33.95,1554.31,Yes
7117-BQFQ,Female,0,Yes,Yes,53,Yes,Yes,Fiber optic,No,No,No,No,Yes,Yes,Month-to-month,Yes,Mailed check,91.8,4779.74,Yes
6860-MAES,Male,0,No,Yes,26,Yes,No,Fiber optic,No,Yes,No,No,Yes,No,Two year,Yes,Mailed check,85.19,2225.54,No
7619-VQOZ,Female,1,Yes,Yes,18,Yes,No,No,No internet service,No internet service,No internet service,No internet service,No internet service,No internet service,One year,Yes,Electronic check,23.73,400.45,No
8077-SAQK,Female,0,Yes,No,35,Yes,Yes,DSL,Yes,Yes,Yes,Yes,No,No,Month-to-month,Yes,Electronic check,75.4,2644.15,No
1633-PEJQ,Female,0,Yes,No,21,Yes,Yes,DSL,Yes,Yes,Yes,Yes,Yes,No,Month-to-month,No,Mailed check,80.17,1745.61,No
2012-YBMF,Female,0,No,No,16,No,No phone service,DSL,Yes,No,No,No,Yes,No,Two year,No,Electronic check,51.82,801.5,No
7188-JZBK,Male,0,Yes,No,27,Yes,No,Fiber optic,No,No,No,No,Yes,No,Two year,Yes,Credit card (automatic),77.83,1928.76,No
7556-JUUK,Male,0,Yes,Yes,38,Yes,Yes,Fiber optic,Yes,No,No,No,Yes,Yes,Two year,No,Mailed check,103.11,3772.74,No
6238-CFWC,Female,0,No,No,17,Yes,Yes,No,No internet service,No internet service,No internet service,No internet service,No internet service,No internet service,Month-to-month,No,Mailed check,29.65,502.98,No
1856-JBZF,Male,0,Yes,No,56,Yes,Yes,Fiber optic,No,No,Yes,Yes,Yes,No,Month-to-month,No,Mailed check,96.55,5257.68,No
5425-YJKZ,Male,0,Yes,No,5,Yes,No,DSL,Yes,Yes,Yes,No,No,No,One year,No,Bank transfer (automatic),67.4,310.85,No
5710-OOYZ,Male,0,No,Yes,34,Yes,Yes,Fiber optic,No,Yes,No,Yes,Yes,Yes,Month-to-month,Yes,Bank transfer (automatic),96.57,2842.01,No
2232-EWCN,Female,0,Yes,No,14,Yes,Yes,DSL,No,No,Yes,Yes,No,No,Month-to-month,Yes,Electronic check,63.19,864.5,No
3960-GPHT,Female,0,Yes,No,28,Yes,Yes,No,No internet service,No internet service,No internet service,No internet service,No internet service,No internet service,Two year,Yes,Electronic check,34.37,960.91,No
8480-AYEI,Male,0,Yes,No,19,Yes,No,DSL,No,No,No,No,Yes,No,Month-to-month,Yes,Bank transfer (automatic),61.62,1163.59,Yes
3269-TFNF,Female,0,No,No,59,Yes,Yes,Fiber optic,Yes,No,Yes,No,No,Yes,Month-to-month,Yes,Electronic check,97.22,5876.41,No
7431-YDAU,Female,0,Yes,No,49,Yes,Yes,DSL,No,Yes,Yes,No,No,No,Two year,Yes,Electronic check,66.24,3114.73,No
2126-AXVN,Male,0,No,No,15,Yes,No,No,No internet service,No internet service,No internet service,No internet service,No internet service,No internet service,Month-to-month,No,Electronic check,29.67,435.75,No
9106-PVUZ,Male,0,Yes,No,28,No,No phone service,No,No internet service,No internet service,No internet service,No internet service,No internet service,No internet service,One year,Yes,Bank transfer (automatic),18.26,501.84,No
7728-TVGR,Female,0,No,Yes,35,Yes,Yes,DSL,No,Yes,Yes,No,No,Yes,Month-to-month,No,Electronic check,69.69,2527.76,No
1993-WSHM,Female,0,Yes,Yes,50,Yes,Yes,DSL,No,No,Yes,Yes,No,Yes,Two year,Yes,Electronic check,69.79,3260.94,No
1877-FKRR,Female,1,Yes,No,5,Yes,No,No,No internet service,No internet service,No internet service,No internet service,No internet service,No internet service,One year,Yes,Mailed check,22.97,105.07,No
7075-FYXV,Male,0,No,No,52,No,No phone service,Fiber optic,Yes,Yes,Yes,Yes,Yes,Yes,Two year,Yes,Bank transfer (automatic),100.22,5146.05,No
2869-HRHZ,Male,0,No,No,33,No,No phone service,Fiber optic,Yes,No,Yes,Yes,No,Yes,Month-to-month,No,Electronic check,82.88,2581.61,No
2837-VVQX,Female,0,No,Yes,48,Yes,Yes,No,No internet service,No internet service,No internet service,No internet service,No internet service,No internet service,Two year,No,Electronic check,33.42,1548.96,No
4114-QXQX,Male,0,No,No,29,Yes,No,Fiber optic,No,Yes,No,No,No,Yes,Month-to-month,Yes,Credit card (automatic),83.66,2260.7,Yes
2375-TOPP,Male,0,No,Yes,62,No,No phone service,No,No internet service,No internet service,No internet service,No internet service,No internet service,No internet service,Two year,Yes,Mailed check,18.0,1078.26,No
5634-FUEK,Female,0,Yes,No,4,Yes,No,Fiber optic,No,No,No,No,No,No,Month-to-month,No,Electronic check,71.04,270.64,Yes
8681-KPBJ,Male,0,No,Yes,49,Yes,No,Fiber optic,No,Yes,No,No,No,Yes,Month-to-month,Yes,Credit card (automatic),79.37,3927.31,No
7390-EFOJ,Female,0,Yes,No,55,Yes,Yes,Fiber optic,No,No,No,No,Yes,No,Two year,No,Electronic check,80.67,4085.55,No
2715-JZJL,Female,0,Yes,Yes,41,Yes,Yes,Fiber optic,No,No,Yes,Yes,Yes,No,Month-to-month,No,Electronic check,102.44,4105.91,Yes
7609-KNPP,Female,0,No,Yes,29,Yes,Yes,No,No internet service,No internet service,No internet service,No internet service,No internet service,No internet service,One year,No,Credit card (automatic),32.73,902.23,No
9116-NGRP,Female,0,Yes,No,6,Yes,No,No,No internet service,No internet service,No internet service,No internet service,No internet service,No internet service,Month-to-month,Yes,Bank transfer (automatic),28.22,161.14,No
2441-FLEN,Female,0,No,No,55,Yes,Yes,No,No internet service,No internet service,No internet service,No internet service,No internet service,No internet service,Month-to-month,Yes,Bank transfer (automatic),28.71,1418.69,No
5734-LFAF,Male,1,Yes,No,22,Yes,Yes,No,No internet service,No internet service,No internet service,No internet service,No internet service,No internet service,One year,Yes,Bank transfer (automatic),26.05,538.24,Yes
4513-DSGZ,Male,1,Yes,No,35,Yes,No,DSL,Yes,No,Yes,No,No,No,Two year,No,Electronic check,61.83,2153.59,No
7562-QGND,Male,0,Yes,Yes,36,Yes,No,Fiber optic,No,Yes,No,No,No,No,One year,No,Bank transfer (automatic),75.75,2530.54,No
4482-KCBM,Female,0,Yes,No,54,Yes,No,No,No internet service,No internet service,No internet service,No internet service,No internet service,No internet service,Month-to-month,No,Credit card (automatic),22.58,1161.6,No
1716-BSZK,Female,0,Yes,No,59,Yes,Yes,Fiber optic,No,No,No,No,No,No,Two year,No,Electronic check,73.13,4296.69,No
1043-VKZY,Male,0,Yes,No,43,Yes,No,Fiber optic,Yes,Yes,No,Yes,Yes,No,Month-to-month,Yes,Electronic check,98.9,4295.26,Yes
5059-UEMI,Female,0,Yes,No,25,Yes,No,No,No internet service,No internet service,No internet service,No internet service,No internet service,No internet service,Two year,Yes,Bank transfer (automatic),30.03,732.18,No
5883-NPLV,Female,0,Yes,Yes,47,Yes,No,No,No internet service,No internet service,No internet service,No internet service,No internet service,No internet service,Two year,Yes,Electronic check,23.49,1054.16,No
7760-ARSB,Female,0,No,No,33,Yes,No,No,No internet service,No internet service,No internet service,No internet service,No internet service,No internet service,Month-to-month,No,Electronic check,29.3,919.85,No
3565-MOZT,Male,0,No,No,65,Yes,No,DSL,Yes,No,No,Yes,No,Yes,Month-to-month,Yes,Bank transfer (automatic),69.01,4501.33,No
2160-OUNV,Male,0,No,No,43,Yes,Yes,Fiber optic,No,No,Yes,Yes,Yes,No,Month-to-month,Yes,Electronic check,94.31,3934.04,Yes
1059-UJVM,Female,0,Yes,No,23,No,No phone service,No,No internet service,No internet service,No internet service,No internet service,No internet service,No internet service,Two year,No,Bank transfer (automatic),19.53,420.19,No
7209-GAHN,Male,0,Yes,Yes,36,Yes,Yes,DSL,No,No,Yes,Yes,Yes,No,Month-to-month,No,Electronic check,65.59,2244.13,Yes
9171-PMIX,Female,0,Yes,No,48,No,No phone service,No,No internet service,No internet service,No internet service,No internet service,No internet service,No internet service,Month-to-month,No,Electronic check,18.0,814.48,No
2832-ONIY,Female,0,No,Yes,51,No,No phone service,DSL,No,No,No,No,Yes,No,One year,Yes,Bank transfer (automatic),49.96,2503.49,No
8865-KMMF,Female,0,No,No,39,Yes,Yes,DSL,Yes,Yes,Yes,No,Yes,No,Month-to-month,Yes,Credit card (automatic),74.64,2973.58,Yes
4571-ARMP,Female,1,Yes,Yes,6,Yes,No,No,No internet service,No internet service,No internet service,No internet service,No internet service,No internet service,Month-to-month,Yes,Bank transfer (automatic),32.57,192.74,No
4972-GQAY,Female,0,Yes,No,20,Yes,No,DSL,No,No,Yes,Yes,Yes,Yes,Month-to-month,Yes,Mailed check,71.2,1337.96,No
1838-TQQD,Female,0,Yes,No,23,Yes,No,Fiber optic,No,Yes,No,Yes,No,No,Month-to-month,Yes,Mailed check,78.69,1619.06,No
7354-JZPO,Male,0,Yes,No,49,Yes,Yes,Fiber optic,Yes,Yes,No,No,Yes,Yes,Month-to-month,No,Electronic check,107.45,5078.01,Yes
4950-GOHI,Female,0,Yes,Yes,20,Yes,No,DSL,Yes,Yes,No,No,Yes,No,Two year,Yes,Electronic check,69.68,1377.22,No
3479-ILUS,Male,0,Yes,No,25,Yes,Yes,Fiber optic,No,No,Yes,Yes,No,No,One year,Yes,Bank transfer (automatic),86.14,2031.55,No
7272-FIUU,Male,0,No,No,14,Yes,No,No,No internet service,No internet service,No internet service,No internet service,No internet service,No internet service,Two year,No,Mailed check,21.5,294.07,No
6152-KWCU,Female,0,No,Yes,59,Yes,No,No,No internet service,No internet service,No internet service,No internet service,No internet service,No internet service,Month-to-month,Yes,Electronic check,22.72,1178.95,No
2558-BBWK,Male,0,No,Yes,46,Yes,No,DSL,Yes,No,No,No,No,No,Month-to-month,No,Mailed check,53.35,2578.45,No
3693-GNLP,Female,0,Yes,No,31,Yes,No,DSL,No,No,No,Yes,Yes,Yes,Month-to-month,No,Bank transfer (automatic),72.39,2164.84,No
4321-ODTP,Male,0,Yes,No,50,Yes,Yes,DSL,Yes,No,No,No,Yes,No,Month-to-month,Yes,Credit card (automatic),61.34,2775.37,No
9768-DTFX,Female,0,Yes,No,10,Yes,Yes,No,No internet service,No internet service,No internet service,No internet service,No internet service,No internet service,Month-to-month,Yes,Electronic check,30.62,284.34,Yes
5030-DUBG,Female,1,No,No,24,Yes,No,Fiber optic,No,Yes,No,No,No,No,Month-to-month,No,Mailed check,72.4,1747.12,Yes
7442-BVGF,Female,0,No,No,34,Yes,No,DSL,Yes,Yes,Yes,No,No,No,Month-to-month,Yes,Mailed check,68.83,2204.36,Yes
8145-YWAA,Female,0,No,No,22,Yes,No,DSL,No,No,No,No,Yes,Yes,Two year,Yes,Credit card (automatic),66.44,1386.68,No
6581-GODV,Female,0,No,No,19,Yes,No,Fiber optic,No,No,No,No,No,No,Two year,No,Electronic check,67.36,1209.16,No
3052-JYDI,Male,1,No,No,16,Yes,No,No,No internet service,No internet service,No internet service,No internet service,No internet service,No internet service,Month-to-month,Yes,Bank transfer (automatic),20.54,308.39,No
1299-RUYX,Male,1,No,No,7,Yes,Yes,No,No internet service,No internet service,No internet service,No internet service,No internet service,No internet service,Two year,Yes,Credit card (automatic),26.81,183.72,No
2489-UWRD,Male,0,Yes,No,1,Yes,Yes,No,No internet service,No internet service,No internet service,No internet service,No internet service,No internet service,Month-to-month,Yes,Electronic check,28.4,28.72,Yes
6946-WVQE,Female,0,Yes,No,30,Yes,Yes,No,No internet service,No internet service,No internet service,No internet service,No internet service,No internet service,Two year,Yes,Electronic check,27.64,767.72,No
5710-QLRZ,Male,0,No,No,35,Yes,Yes,Fiber optic,Yes,No,No,Yes,Yes,Yes,Two year,No,Credit card (automatic),100.46,3547.07,No
4883-EYZT,Male,0,Yes,No,23,Yes,Yes,DSL,Yes,No,No,Yes,No,No,Two year,Yes,Credit card (automatic),65.99,1475.05,No
8808-FCQB,Female,1,No,No,42,Yes,No,DSL,No,No,No,Yes,No,No,Two year,Yes,Mailed check,56.79,2217.9,No
1571-LRSB,Male,0,Yes,No,52,Yes,No,No,No internet service,No internet service,No internet service,No internet service,No internet service,No internet service,Two year,Yes,Credit card (automatic),25.9,1307.14,No
7376-ZZNO,Female,0,Yes,Yes,44,Yes,Yes,DSL,No,Yes,Yes,Yes,Yes,No,One year,No,Electronic check,78.14,3170.0,No
9227-JROU,Female,0,Yes,No,6,Yes,Yes,DSL,No,Yes,No,No,Yes,Yes,Month-to-month,No,Credit card (automatic),70.46,382.42,No
9472-KEYV,Female,0,No,No,37,Yes,Yes,DSL,Yes,No,No,Yes,No,Yes,One year,No,Mailed check,69.63,2502.6,No
8100-UVYN,Female,0,No,No,9,Yes,Yes,DSL,No,Yes,Yes,No,Yes,Yes,Month-to-month,Yes,Electronic check,78.81,678.37,Yes
5101-MQJK,Female,0,No,No,39,Yes,No,Fiber optic,No,No,No,Yes,Yes,Yes,One year,Yes,Electronic check,95.53,3596.05,Yes
2490-DERV,Female,0,No,Yes,27,Yes,Yes,Fiber optic,No,Yes,No,Yes,No,Yes,One year,No,Electronic check,90.29,2288.68,Yes
8005-KBGX,Male,0,No,No,5,Yes,No,DSL,No,Yes,Yes,Yes,No,No,One year,Yes,Mailed check,58.91,279.39,No
9697-BPMR,Female,0,No,No,8,Yes,No,No,No internet service,No internet service,No internet service,No internet service,No internet service,No internet service,Two year,Yes,Mailed check,28.54,225.99,No
7340-BJAG,Female,0,Yes,No,58,Yes,No,DSL,No,No,Yes,No,Yes,No,Month-to-month,No,Mailed check,67.88,3741.51,Yes
1073-OKTY,Male,0,Yes,No,28,Yes,No,Fiber optic,No,No,Yes,No,Yes,No,Month-to-month,Yes,Electronic check,88.11,2373.31,Yes
2597-WMTZ,Female,0,Yes,Yes,22,Yes,No,Fiber optic,Yes,Yes,No,No,No,No,One year,No,Mailed check,76.55,1623.42,No
4200-AUWU,Male,1,No,Yes,13,Yes,No,No,No internet service,No internet service,No internet service,No internet service,No internet service,No internet service,Month-to-month,No,Mailed check,24.58,320.79,No
8509-ULEC,Female,0,Yes,No,61,Yes,Yes,Fiber optic,No,No,No,Yes,No,No,Month-to-month,No,Electronic check,72.9,4155.64,No
6807-AOHP,Female,1,Yes,No,36,Yes,Yes,No,No internet service,No internet service,No internet service,No internet service,No internet service,No internet service,Month-to-month,Yes,Mailed check,34.26,1174.43,No
2551-WTCR,Female,0,Yes,Yes,6,Yes,No,DSL,Yes,No,Yes,No,Yes,Yes,Two year,No,Bank transfer (automatic),76.8,445.85,No
6930-CSYD,Female,0,Yes,Yes,57,Yes,No,Fiber optic,Yes,Yes,No,No,No,No,Month-to-month,Yes,Electronic check,82.05,4392.41,Yes
1796-OHEU,Male,0,Yes,Yes,52,Yes,No,No,No internet service,No internet service,No internet service,No internet service,No internet service,No internet service,Month-to-month,No,Bank transfer (automatic),26.36,1250.72,No
6090-PTDF,Female,0,Yes,Yes,40,Yes,No,Fiber optic,Yes,Yes,No,No,Yes,No,Month-to-month,Yes,Bank transfer (automatic),93.85,3729.34,No
9266-ZIIC,Female,1,Yes,No,3,Yes,Yes,DSL,No,Yes,No,No,Yes,Yes,One year,Yes,Electronic check,74.79,217.24,No
8111-ZVBM,Female,0,No,Yes,16,Yes,Yes,Fiber optic,Yes,Yes,No,No,No,Yes,Month-to-month,Yes,Electronic check,91.65,1332.65,Yes
3141-IHRE,Female,1,Yes,No,61,Yes,Yes,Fiber optic,No,Yes,Yes,Yes,No,Yes,Two year,No,Mailed check,95.08,5680.6,No
9763-XOJY,Male,0,No,No,60,Yes,No,DSL,No,No,Yes,No,No,No,Month-to-month,Yes,Credit card (automatic),47.83,2653.29,No
9067-NYNL,Male,0,Yes,Yes,23,No,No phone service,Fiber optic,Yes,Yes,No,Yes,Yes,No,One year,Yes,Electronic check,87.7,1857.76,No
5252-TQIT,Female,1,No,No,38,Yes,No,Fiber optic,Yes,No,No,No,Yes,Yes,Two year,No,Bank transfer (automatic),97.65,3510.75,Yes
9026-UXHR,Male,0,No,Yes,63,Yes,No,Fiber optic,Yes,No,Yes,No,Yes,Yes,Month-to-month,No,Electronic check,101.2,5729.99,No
1130-FXSL,Female,0,Yes,No,35,Yes,Yes,DSL,No,No,No,No,Yes,No,Two year,Yes,Bank transfer (automatic),63.77,2201.87,No
1552-YQCA,Female,0,No,No,53,Yes,Yes,Fiber optic,No,No,Yes,No,No,No,One year,Yes,Credit card (automatic),80.83,4175.94,No
2684-ONYT,Female,0,Yes,No,58,No,No phone service,Fiber optic,Yes,No,Yes,Yes,No,No,Month-to-month,No,Credit card (automatic),78.36,4115.78,No
1391-XTDV,Male,0,No,Yes,19,Yes,No,Fiber optic,Yes,No,No,No,No,Yes,Month-to-month,No,Electronic check,84.92,1549.0,No
3640-ZOEG,Male,0,No,No,10,Yes,Yes,DSL,Yes,No,No,No,Yes,Yes,Month-to-month,No,Mailed check,70.59,665.07,Yes
7534-DVLW,Male,0,No,Yes,29,Yes,No,No,No internet service,No internet service,No internet service,No internet service,No internet service,No internet service,Month-to-month,No,Credit card (automatic),23.16,685.35,Yes
8725-CNJY,Male,0,No,Yes,41,Yes,Yes,DSL,Yes,No,No,Yes,No,Yes,One year,No,Mailed check,72.02,2818.93,No
4247-DRQG,Female,0,No,No,1,Yes,No,DSL,No,No,No,Yes,No,No,One year,No,Mailed check,52.55,49.08,No
4611-UEOQ,Female,0,No,No,17,Yes,No,Fiber optic,No,No,No,Yes,No,No,Month-to-month,No,Credit card (automatic),78.58,1271.73,No
9877-EDAJ,Male,0,Yes,Yes,31,Yes,Yes,Fiber optic,No,No,No,No,No,No,One year,Yes,Credit card (automatic),81.49,2541.38,No
2729-NENJ,Female,1,Yes,No,25,Yes,No,No,No internet service,No internet service,No internet service,No internet service,No internet service,No internet service,Month-to-month,Yes,Mailed check,32.68,792.02,Yes
4978-UPHD,Male,0,No,No,15,Yes,Yes,Fiber optic,No,No,Yes,No,No,No,Month-to-month,No,Credit card (automatic),85.92,1179.68,Yes
3947-QJWD,Male,0,No,Yes,16,Yes,Yes,Fiber optic,No,No,Yes,No,No,Yes,Two year,Yes,Mailed check,91.0,1312.7,No
3864-FXCJ,Female,0,No,Yes,27,No,No phone service,No,No internet service,No internet service,No internet service,No internet service,No internet service,No internet service,One year,No,Electronic check,18.0,446.38,No
6509-EZFT,Male,0,Yes,No,47,Yes,No,Fiber optic,No,No,Yes,Yes,No,Yes,One year,No,Mailed check,85.79,3955.26,No
6357-VLNU,Female,0,Yes,No,27,Yes,Yes,DSL,Yes,No,Yes,Yes,No,Yes,Month-to-month,Yes,Credit card (automatic),85.22,2302.76,No
1042-ESXQ,Male,0,No,No,46,Yes,No,DSL,Yes,Yes,No,No,No,No,Two year,No,Electronic check,59.93,2641.92,No
5715-ACDT,Female,0,No,No,39,Yes,Yes,DSL,Yes,Yes,Yes,Yes,No,Yes,One year,No,Credit card (automatic),83.98,3072.75,No
6809-UBAK,Male,0,No,No,4,Yes,No,Fiber optic,No,No,Yes,No,Yes,Yes,Month-to-month,Yes,Mailed check,86.23,328.34,Yes
8178-BXHE,Female,0,Yes,No,21,No,No phone service,DSL,Yes,Yes,No,No,No,Yes,Month-to-month,No,Electronic check,58.36,1139.98,Yes
8047-XZTX,Male,0,No,No,27,No,No phone service,Fiber optic,No,No,Yes,Yes,Yes,No,Two year,Yes,Mailed check,83.98,2246.2,No
7319-OIJH,Male,0,Yes,No,8,Yes,No,Fiber optic,Yes,No,No,No,Yes,Yes,Month-to-month,Yes,Mailed check,85.47,650.83,Yes
8620-KBWV,Female,0,No,No,66,Yes,Yes,Fiber optic,Yes,Yes,Yes,No,Yes,No,Month-to-month,Yes,Credit card (automatic),99.35,6152.26,No
7386-EJOS,Male,1,No,No,67,Yes,Yes,No,No internet service,No internet service,No internet service,No internet service,No internet service,No internet service,Month-to-month,No,Bank transfer (automatic),34.78,2252.69,No
1804-EYMW,Female,1,No,No,23,Yes,Yes,DSL,Yes,Yes,No,Yes,No,Yes,Month-to-month,No,Electronic check,73.57,1538.61,No
3372-BPOU,Male,0,No,No,32,Yes,Yes,No,No internet service,No internet service,No internet service,No internet service,No internet service,No internet service,Month-to-month,Yes,Electronic check,34.61,1138.87,No
7294-JNSM,Male,0,Yes,No,7,Yes,No,DSL,Yes,Yes,Yes,Yes,Yes,No,Month-to-month,Yes,Electronic check,74.95,475.43,No
4445-VOZY,Female,0,Yes,No,42,Yes,Yes,Fiber optic,No,No,No,No,Yes,Yes,One year,Yes,Bank transfer (automatic),87.7,3344.61,No
7977-KYFW,Male,1,Yes,Yes,1,Yes,No,DSL,Yes,No,Yes,Yes,Yes,Yes,Month-to-month,No,Bank transfer (automatic),79.95,76.54,No
9388-QINB,Female,0,Yes,Yes,51,Yes,Yes,DSL,No,No,No,Yes,Yes,Yes,Month-to-month,No,Electronic check,71.97,3280.85,No
4547-JDHF,Male,1,Yes,No,14,Yes,No,DSL,No,Yes,No,No,Yes,No,Month-to-month,Yes,Electronic check,66.57,955.48,Yes
9712-ARAY,Female,0,No,Yes,36,Yes,No,Fiber optic,Yes,Yes,Yes,No,No,No,Month-to-month,No,Mailed check,84.88,3033.75,Yes
6284-VDYU,Male,0,Yes,Yes,1,Yes,No,Fiber optic,No,No,Yes,Yes,Yes,No,Month-to-month,Yes,Mailed check,89.86,84.02,Yes
9627-BBIR,Male,1,No,No,62,Yes,Yes,Fiber optic,No,No,No,Yes,Yes,No,Two year,Yes,Credit card (automatic),93.07,5427.53,Yes
8856-INNB,Male,0,No,Yes,61,Yes,No,Fiber optic,No,No,No,No,No,Yes,Month-to-month,Yes,Electronic check,81.05,4887.51,Yes
5731-ZSNO,Male,0,Yes,Yes,16,Yes,Yes,DSL,Yes,No,Yes,No,No,No,Two year,Yes,Mailed check,67.73,1020.94,No
6701-GHJI,Female,0,Yes,No,43,Yes,No,Fiber optic,Yes,Yes,No,No,Yes,No,Month-to-month,Yes,Credit card (automatic),91.52,3673.33,No
3898-SLRU,Female,0,Yes,Yes,54,Yes,Yes,No,No internet service,No internet service,No internet service,No internet service,No internet service,No internet service,Month-to-month,Yes,Bank transfer (automatic),31.18,1521.37,No
5090-UMPE,Male,1,Yes,Yes,60,Yes,Yes,DSL,No,No,Yes,No,No,Yes,Month-to-month,Yes,Electronic check,68.94,4144.6,Yes
6475-GSLV,Female,0,Yes,No,63,Yes,Yes,Fiber optic,No,No,No,No,No,Yes,Month-to-month,Yes,Bank transfer (automatic),84.26,5172.49,No
8489-VOMQ,Male,0,Yes,No,53,Yes,No,Fiber optic,No,No,No,No,Yes,Yes,One year,Yes,Bank transfer (automatic),88.04,4673.98,No
7591-FNMV,Male,1,Yes,No,50,Yes,Yes,Fiber optic,Yes,No,Yes,Yes,Yes,Yes,Month-to-month,No,Electronic check,100.23,4618.08,Yes
1549-EZLS,Female,1,No,No,29,Yes,No,DSL,Yes,Yes,Yes,No,Yes,No,Month-to-month,No,Credit card (automatic),72.64,2020.36,Yes
1453-CXRC,Male,0,Yes,Yes,63,Yes,Yes,No,No internet service,No internet service,No internet service,No internet service,No internet service,No internet service,Month-to-month,No,Electronic check,29.26,1827.25,No
4947-HVBL,Female,0,No,No,20,Yes,Yes,Fiber optic,No,Yes,No,Yes,Yes,Yes,Month-to-month,Yes,Mailed check,99.25,2017.32,Yes
1762-DTGT,Female,1,Yes,No,33,No,No phone service,DSL,Yes,No,No,No,No,Yes,Two year,Yes,Electronic check,57.75,1914.46,No
9288-WUXX,Female,0,No,No,31,Yes,No,DSL,No,No,No,Yes,Yes,No,Month-to-month,Yes,Bank transfer (automatic),59.86,1796.91,Yes
8181-HLLK,Male,0,Yes,No,2,Yes,Yes,Fiber optic,Yes,Yes,Yes,No,No,Yes,One year,Yes,Electronic check,100.11,194.27,No
8082-KGHB,Female,0,No,No,7,Yes,Yes,Fiber optic,No,No,No,No,Yes,No,Two year,No,Credit card (automatic),88.1,602.65,Yes
3392-QFQK,Female,0,No,No,25,Yes,No,No,No internet service,No internet service,No internet service,No internet service,No internet service,No internet service,Month-to-month,No,Electronic check,24.28,597.28,No
3902-GXJY,Male,0,Yes,No,38,Yes,No,Fiber optic,No,Yes,Yes,No,No,No,Two year,Yes,Bank transfer (automatic),80.81,3147.63,No
1240-SLJO,Male,0,Yes,No,65,Yes,Yes,DSL,No,No,No,No,No,No,Two year,Yes,Bank transfer (automatic),57.86,3629.65,No
8813-LAIV,Female,0,No,No,4,Yes,No,No,No internet service,No internet service,No internet service,No internet service,No internet service,No internet service,Two year,Yes,Credit card (automatic),21.74,80.06,No
1144-WCPQ,Female,1,Yes,No,15,No,No phone service,Fiber optic,No,No,No,No,No,No,Month-to-month,Yes,Credit card (automatic),65.77,936.3,Yes
4771-GNWC,Female,0,Yes,No,19,Yes,Yes,No,No internet service,No internet service,No internet service,No internet service,No internet service,No internet service,One year,Yes,Credit card (automatic),24.78,460.06,No
7024-KOVE,Male,0,Yes,Yes,44,Yes,No,DSL,Yes,No,Yes,No,No,No,Month-to-month,No,Credit card (automatic),61.95,2670.96,No
9796-MCOK,Male,0,Yes,No,36,Yes,No,No,No internet service,No internet service,No internet service,No internet service,No internet service,No internet service,Month-to-month,No,Bank transfer (automatic),33.54,1172.31,No
3567-BIKJ,Female,1,No,Yes,16,Yes,No,Fiber optic,No,No,Yes,No,No,No,Month-to-month,Yes,Bank transfer (automatic),74.44,1109.96,No
3231-PFJX,Male,0,No,Yes,2,No,No phone service,No,No internet service,No internet service,No internet service,No internet service,No internet service,No internet service,Two year,Yes,Credit card (automatic),18.0,36.84,No
2163-ZREA,Female,0,Yes,Yes,21,No,No phone service,Fiber optic,No,No,No,Yes,Yes,No,Month-to-month,Yes,Bank transfer (automatic),80.15,1640.55,No
1555-BRMN,Female,0,Yes,No,53,Yes,No,No,No internet service,No internet service,No internet service,No internet service,No internet service,No internet service,Two year,Yes,Bank transfer (automatic),31.17,1483.27,No
3987-YTUK,Female,0,No,Yes,69,Yes,Yes,DSL,Yes,No,Yes,No,Yes,No,One year,Yes,Mailed check,73.83,4957.08,No
5776-EFPI,Female,1,No,No,36,Yes,Yes,Fiber optic,No,No,Yes,Yes,Yes,No,Month-to-month,Yes,Credit card (automatic),93.72,3049.18,Yes
9779-SFDE,Male,0,No,No,70,Yes,Yes,No,No internet service,No internet service,No internet service,No internet service,No internet service,No internet service,Month-to-month,No,Mailed check,30.63,2119.84,No
3906-QHRN,Male,0,Yes,No,43,Yes,No,DSL,No,No,No,Yes,No,No,Two year,No,Mailed check,57.88,2428.45,No
4053-HADC,Male,0,Yes,No,45,Yes,No,DSL,No,No,No,No,No,Yes,One year,Yes,Credit card (automatic),58.77,2595.51,No
9859-DUKH,Female,0,No,No,19,Yes,No,DSL,Yes,Yes,Yes,No,No,Yes,Two year,No,Bank transfer (automatic),79.4,1391.79,No
7394-DKYU,Female,1,No,No,44,Yes,No,Fiber optic,No,No,No,No,Yes,Yes,One year,Yes,Bank transfer (automatic),93.73,3693.83,Yes
3067-ULGH,Male,0,No,Yes,59,Yes,No,Fiber optic,Yes,No,No,No,Yes,No,Month-to-month,Yes,Credit card (automatic),88.63,4830.07,No
8681-WFLX,Female,1,Yes,No,52,No,No phone service,No,No internet service,No internet service,No internet service,No internet service,No internet service,No internet service,Month-to-month,No,Bank transfer (automatic),19.28,898.6,No
9333-BIXJ,Male,0,No,No,2,No,No phone service,DSL,No,Yes,Yes,No,No,No,One year,Yes,Mailed check,54.76,104.92,Yes
4402-GMSD,Female,0,Yes,No,14,Yes,Yes,Fiber optic,No,Yes,Yes,Yes,Yes,Yes,Month-to-month,No,Credit card (automatic),114.07,1574.64,No
9271-LWYQ,Female,0,No,No,23,Yes,Yes,Fiber optic,Yes,No,No,Yes,Yes,No,Month-to-month,Yes,Mailed check,98.81,2163.84,No
5430-KGMC,Male,0,No,No,29,Yes,Yes,Fiber optic,Yes,No,Yes,No,Yes,Yes,Two year,Yes,Mailed check,99.64,2860.01,No
4237-ORGY,Male,0,Yes,No,39,Yes,No,DSL,No,No,Yes,No,Yes,No,Month-to-month,Yes,Mailed check,58.25,2277.44,Yes
1741-EIVS,Male,0,No,Yes,17,Yes,Yes,Fiber optic,Yes,No,Yes,No,Yes,Yes,Month-to-month,No,Bank transfer (automatic),107.97,1812.46,No
4891-BZDS,Female,0,Yes,Yes,39,No,No phone service,DSL,Yes,Yes,No,No,Yes,Yes,Month-to-month,No,Mailed check,67.67,2420.24,No
3275-WVAO,Male,0,No,No,41,Yes,No,Fiber optic,No,No,Yes,No,No,No,Month-to-month,Yes,Mailed check,76.81,3325.0,No
1970-OUBK,Male,0,No,No,47,Yes,Yes,No,No internet service,No internet service,No internet service,No internet service,No internet service,No internet service,Month-to-month,No,Electronic check,32.24,1390.1,No
4668-OENO,Male,0,No,Yes,32,Yes,No,DSL,Yes,Yes,No,No,Yes,No,Month-to-month,No,Mailed check,62.25,1801.87,No
1389-CECG,Male,0,No,No,12,Yes,No,No,No internet service,No internet service,No internet service,No internet service,No internet service,No internet service,Two year,Yes,Credit card (automatic),27.11,320.64,No
1255-LNHK,Female,1,Yes,No,35,Yes,No,No,No internet service,No internet service,No internet service,No internet service,No internet service,No internet service,Month-to-month,No,Bank transfer (automatic),18.0,620.29,No
1845-CIOS,Male,1,No,Yes,22,Yes,No,Fiber optic,No,No,Yes,Yes,Yes,Yes,Month-to-month,No,Credit card (automatic),96.89,2209.03,Yes
2477-BQVR,Male,0,No,Yes,47,Yes,Yes,Fiber optic,No,No,No,Yes,Yes,Yes,Month-to-month,No,Electronic check,97.28,4435.56,Yes
2249-BBUH,Male,0,No,Yes,49,Yes,No,Fiber optic,No,Yes,No,No,No,Yes,Month-to-month,Yes,Mailed check,90.8,4105.41,No
1887-RTVD,Male,0,Yes,Yes,39,Yes,No,DSL,Yes,No,Yes,No,No,No,Month-to-month,Yes,Electronic check,61.97,2279.76,Yes
2645-KLFB,Male,0,Yes,No,40,Yes,No,DSL,Yes,Yes,No,No,Yes,Yes,Two year,Yes,Credit card (automatic),69.85,2555.99,No
7903-GGQQ,Female,0,Yes,No,9,Yes,Yes,DSL,No,No,Yes,No,Yes,Yes,Two year,Yes,Credit card (automatic),69.61,585.64,No
7322-OXJJ,Female,1,Yes,No,39,Yes,No,No,No internet service,No internet service,No internet service,No internet service,No internet service,No internet service,Month-to-month,No,Credit card (automatic),20.36,784.86,No
6026-GVWZ,Female,0,Yes,No,46,Yes,No,No,No internet service,No internet service,No internet service,No internet service,No internet service,No internet service,Two year,No,Credit card (automatic),30.43,1356.57,No
2533-IKMX,Male,0,Yes,No,45,Yes,No,DSL,No,No,No,Yes,No,Yes,Month-to-month,Yes,Mailed check,67.33,2750.57,No
3079-HKAG,Male,0,Yes,No,32,Yes,Yes,No,No internet service,No internet service,No internet service,No internet service,No internet service,No internet service,One year,Yes,Electronic check,31.85,982.4,No
6313-WUVK,Female,0,Yes,Yes,39,Yes,No,DSL,Yes,No,No,No,Yes,Yes,Month-to-month,Yes,Mailed check,69.61,2671.14,Yes
8903-SPFB,Female,0,No,No,58,No,No phone service,DSL,No,Yes,No,No,Yes,Yes,Month-to-month,Yes,Bank transfer (automatic),63.29,3318.64,No
7594-UVCG,Male,1,Yes,No,45,Yes,Yes,DSL,Yes,No,No,Yes,No,No,One year,No,Credit card (automatic),73.51,2987.37,No
9501-AJKN,Male,0,Yes,No,23,Yes,No,Fiber optic,Yes,No,Yes,No,Yes,Yes,Month-to-month,No,Electronic check,95.9,2208.32,No
4299-SPNX,Female,0,Yes,No,12,No,No phone service,Fiber optic,Yes,No,Yes,No,Yes,Yes,Month-to-month,No,Credit card (automatic),89.8,1023.62,Yes
8574-XPWR,Male,0,No,Yes,33,Yes,No,DSL,No,No,No,No,No,Yes,Month-to-month,Yes,Electronic check,73.04,2333.36,Yes
9314-JUXG,Female,0,Yes,Yes,10,Yes,No,DSL,No,Yes,Yes,No,No,Yes,Month-to-month,No,Bank transfer (automatic),60.13,598.34,No
6468-CFZB,Male,0,No,Yes,57,Yes,No,DSL,Yes,Yes,Yes,Yes,Yes,Yes,Two year,No,Bank transfer (automatic),84.76,4590.4,No
3518-AKCW,Female,0,No,No,26,Yes,No,DSL,No,No,No,No,No,Yes,Month-to-month,No,Credit card (automatic),55.98,1411.33,Yes
9428-MSDF,Male,0,No,Yes,19,Yes,No,No,No internet service,No internet service,No internet service,No internet service,No internet service,No internet service,One year,No,Mailed check,26.99,465.22,No
2789-GWSN,Male,0,Yes,No,36,Yes,No,Fiber optic,Yes,No,No,No,Yes,No,One year,No,Electronic check,87.05,2975.17,No
2797-YHNW,Male,1,No,No,15,No,No phone service,Fiber optic,No,No,Yes,Yes,No,Yes,Month-to-month,No,Electronic check,84.04,1303.94,Yes
3411-PFOE,Female,0,No,No,62,Yes,No,Fiber optic,Yes,Yes,Yes,No,Yes,No,Month-to-month,No,Mailed check,96.22,5401.19,Yes
3631-IMAN,Female,0,Yes,No,31,Yes,Yes,No,No internet service,No internet service,No internet service,No internet service,No internet service,No internet service,Month-to-month,Yes,Bank transfer (automatic),33.72,1005.64,No
5794-YPBF,Male,0,No,Yes,5,Yes,Yes,Fiber optic,No,No,Yes,Yes,No,No,Month-to-month,Yes,Bank transfer (automatic),92.42,443.37,Yes
8335-YLLK,Female,0,No,Yes,66,Yes,No,DSL,No,Yes,No,No,Yes,No,Month-to-month,No,Credit card (automatic),62.46,3945.32,No
6151-MLIO,Male,0,Yes,No,53,Yes,Yes,Fiber optic,No,Yes,No,No,Yes,Yes,Month-to-month,No,Bank transfer (automatic),101.85,5031.1,Yes
9368-YQRX,Male,0,No,No,50,Yes,No,Fiber optic,No,No,No,No,Yes,No,One year,Yes,Credit card (automatic),81.82,3854.15,No
3775-SUPD,Female,0,Yes,No,66,Yes,No,DSL,No,No,No,No,Yes,No,One year,Yes,Electronic check,56.23,3488.24,No
7861-GIBU,Male,0,Yes,No,22,Yes,No,Fiber optic,Yes,Yes,No,No,Yes,Yes,Two year,Yes,Credit card (automatic),97.76,1920.43,No
1069-TJKG,Male,1,Yes,No,0,Yes,No,Fiber optic,No,No,Yes,No,No,Yes,One year,No,Electronic check,84.69,,Yes
6355-ZAFS,Male,0,No,No,10,No,No phone service,DSL,No,No,Yes,No,Yes,No,One year,No,Bank transfer (automatic),49.44,428.8,No
4497-CGWQ,Female,0,Yes,Yes,12,Yes,No,No,No internet service,No internet service,No internet service,No internet service,No internet service,No internet service,One year,Yes,Bank transfer (automatic),29.54,364.99,No
1099-PAHZ,Male,0,Yes,No,57,Yes,Yes,No,No internet service,No internet service,No internet service,No internet service,No internet service,No internet service,Month-to-month,No,Mailed check,30.28,1582.13,No
9879-RZDZ,Male,0,Yes,Yes,30,Yes,No,Fiber optic,No,Yes,No,Yes,No,No,Month-to-month,No,Bank transfer (automatic),77.98,2210.22,No
9615-VHDG,Female,0,No,No,15,Yes,No,No,No internet service,No internet service,No internet service,No internet service,No internet service,No internet service,Two year,No,Electronic check,25.72,354.43,No
1511-ODMW,Male,0,Yes,No,56,Yes,No,Fiber optic,Yes,No,Yes,No,Yes,Yes,One year,No,Electronic check,96.61,5005.37,No
7867-BMWT,Male,0,No,No,43,No,No phone service,Fiber optic,Yes,Yes,No,No,No,No,Month-to-month,No,Mailed check,70.55,3010.75,No
7931-MSHW,Male,0,No,Yes,15,Yes,Yes,Fiber optic,Yes,Yes,No,Yes,Yes,Yes,Two year,Yes,Electronic check,100.59,1419.2,Yes
8111-FOZE,Male,1,Yes,No,10,Yes,Yes,Fiber optic,Yes,Yes,No,No,No,No,Month-to-month,Yes,Credit card (automatic),84.34,762.85,Yes
9313-UJJK,Female,0,No,No,2,Yes,No,DSL,No,Yes,No,Yes,Yes,Yes,Month-to-month,Yes,Mailed check,69.57,130.06,Yes
3325-HBSO,Male,0,Yes,Yes,56,Yes,Yes,DSL,No,No,No,Yes,No,Yes,Month-to-month,No,Electronic check,69.53,3711.76,No
2222-SPFI,Female,0,Yes,Yes,10,Yes,No,No,No internet service,No internet service,No internet service,No internet service,No internet service,No internet service,One year,No,Electronic check,26.16,258.37,No
4204-XRBI,Male,0,No,No,5,Yes,Yes,Fiber optic,No,No,No,No,Yes,Yes,One year,No,Mailed check,92.84,426.99,Yes
4643-YUQC,Female,0,Yes,No,48,Yes,No,Fiber optic,No,No,No,Yes,Yes,No,Month-to-month,No,Electronic check,88.84,3860.37,No
2731-LOSR,Female,1,Yes,Yes,3,Yes,Yes,DSL,Yes,Yes,No,No,No,No,Month-to-month,Yes,Bank transfer (automatic),61.96,172.31,No
1446-DWXL,Male,0,Yes,No,58,Yes,Yes,Fiber optic,Yes,No,Yes,No,No,Yes,One year,Yes,Mailed check,97.69,5241.59,No
8245-UASH,Male,0,No,No,7,Yes,No,Fiber optic,No,No,No,Yes,No,No,Month-to-month,Yes,Mailed check,76.05,493.57,No
8224-OCJK,Male,1,Yes,No,24,Yes,Yes,Fiber optic,Yes,Yes,No,No,No,No,Month-to-month,No,Electronic check,84.13,1895.57,No
3221-EHZC,Male,0,No,No,18,Yes,Yes,DSL,Yes,No,No,No,No,Yes,Two year,No,Electronic check,64.17,1129.28,No
3855-NTMS,Female,0,No,Yes,57,Yes,Yes,Fiber optic,Yes,No,No,No,Yes,No,Two year,No,Bank transfer (automatic),87.41,4827.35,Yes
2666-AXNM,Female,0,Yes,No,28,Yes,Yes,DSL,Yes,No,Yes,Yes,No,No,One year,No,Credit card (automatic),66.32,1788.0,No
1454-GNGF,Male,0,No,No,4,Yes,Yes,Fiber optic,No,Yes,No,No,No,Yes,Month-to-month,Yes,Electronic check,88.62,353.09,Yes
7487-CBNF,Male,0,No,Yes,51,Yes,No,No,No internet service,No internet service,No internet service,No internet service,No internet service,No internet service,Two year,No,Credit card (automatic),22.03,1092.64,No
1710-HHGU,Male,1,No,No,28,Yes,Yes,Fiber optic,No,Yes,Yes,No,No,Yes,One year,Yes,Credit card (automatic),88.81,2489.74,Yes
1229-SGWS,Male,0,No,No,40,Yes,No,DSL,No,Yes,No,Yes,Yes,No,Month-to-month,No,Bank transfer (automatic),60.88,2239.36,No
6287-OWJK,Female,1,Yes,Yes,31,Yes,No,DSL,Yes,Yes,Yes,No,Yes,No,Month-to-month,No,Electronic check,78.52,2121.86,No
9464-TFEE,Male,0,No,No,49,Yes,No,Fiber optic,No,Yes,No,Yes,No,Yes,Two year,No,Credit card (automatic),80.86,3739.64,No
5000-WVNV,Male,0,No,No,37,Yes,Yes,Fiber optic,No,No,Yes,No,No,Yes,One year,Yes,Credit card (automatic),84.89,2933.36,No
6298-IPCQ,Male,0,Yes,No,31,Yes,Yes,Fiber optic,No,No,Yes,No,Yes,No,Two year,No,Credit card (automatic),90.91,2751.75,No
1638-TANA,Female,0,No,No,68,Yes,No,Fiber optic,No,Yes,No,No,Yes,Yes,One year,Yes,Bank transfer (automatic),85.8,5680.15,No
3105-CARY,Female,0,Yes,No,1,Yes,No,No,No internet service,No internet service,No internet service,No internet service,No internet service,No internet service,Two year,No,Credit card (automatic),25.14,23.6,No
5697-WIRI,Female,0,Yes,No,22,Yes,No,DSL,No,Yes,Yes,Yes,Yes,No,Month-to-month,No,Credit card (automatic),70.55,1433.12,Yes
2052-TMOQ,Female,0,No,No,51,Yes,No,DSL,No,Yes,No,No,No,Yes,Month-to-month,Yes,Electronic check,67.34,3375.99,No
8377-JFLZ,Male,0,Yes,Yes,24,Yes,Yes,Fiber optic,No,No,Yes,No,No,Yes,Month-to-month,No,Mailed check,90.63,2136.03,Yes
7305-PHET,Male,0,Yes,No,19,Yes,No,No,No internet service,No internet service,No internet service,No internet service,No internet service,No internet service,Month-to-month,Yes,Credit card (automatic),28.53,547.54,No
7949-PWGX,Female,0,No,Yes,67,No,No phone service,No,No internet service,No internet service,No internet service,No internet service,No internet service,No internet service,Month-to-month,Yes,Electronic check,18.0,1175.16,No
9373-JOWI,Male,0,No,No,55,Yes,Yes,DSL,No,Yes,Yes,No,No,No,Two year,No,Credit card (automatic),57.02,2960.18,No
6943-PSTU,Male,0,Yes,No,1,Yes,No,DSL,Yes,Yes,No,No,Yes,No,Month-to-month,No,Credit card (automatic),72.4,67.91,No
8206-XGZR,Male,0,No,No,47,Yes,Yes,DSL,No,No,No,Yes,Yes,No,Two year,Yes,Electronic check,68.2,3057.4,No
6798-YWMO,Female,0,No,No,62,Yes,Yes,Fiber optic,Yes,No,No,No,No,No,Month-to-month,No,Electronic check,73.53,4460.48,No
5403-KQXQ,Female,0,No,No,14,Yes,No,Fiber optic,Yes,No,No,No,No,Yes,Two year,Yes,Credit card (automatic),89.86,1197.5,Yes
6645-VTQI,Female,0,Yes,Yes,31,Yes,No,No,No internet service,No internet service,No internet service,No internet service,No internet service,No internet service,One year,No,Electronic check,23.05,672.56,No
9618-QBST,Male,0,Yes,No,28,Yes,No,No,No internet service,No internet service,No internet service,No internet service,No internet service,No internet service,Two year,Yes,Electronic check,33.47,882.82,No
2626-ABRP,Female,0,Yes,No,50,Yes,No,Fiber optic,Yes,No,No,Yes,No,No,Month-to-month,No,Credit card (automatic),88.56,4165.44,No
2985-OMUG,Male,0,Yes,No,16,Yes,Yes,DSL,Yes,No,Yes,No,Yes,No,Month-to-month,Yes,Bank transfer (automatic),74.13,1107.54,No
6824-HTXY,Male,0,Yes,No,64,Yes,Yes,DSL,Yes,No,No,Yes,Yes,No,One year,Yes,Credit card (automatic),72.09,4482.7,No
9978-BZNH,Female,0,No,No,53,Yes,No,No,No internet service,No internet service,No internet service,No internet service,No internet service,No internet service,Month-to-month,Yes,Electronic check,31.26,1436.37,No
5561-XLVS,Female,0,Yes,Yes,16,Yes,No,DSL,Yes,Yes,No,Yes,Yes,Yes,Month-to-month,Yes,Bank transfer (automatic),76.28,1186.53,No
2757-CVDD,Male,0,Yes,No,64,Yes,Yes,Fiber optic,Yes,Yes,No,Yes,Yes,Yes,One year,Yes,Credit card (automatic),101.31,6007.37,No
1999-RWKW,Female,0,No,No,39,Yes,No,Fiber optic,Yes,Yes,No,Yes,No,Yes,Month-to-month,Yes,Electronic check,94.66,3608.13,Yes
7655-EGWI,Female,0,No,No,43,Yes,Yes,DSL,No,Yes,Yes,No,Yes,Yes,Month-to-month,Yes,Credit card (automatic),87.06,3391.5,Yes
5591-XLVP,Female,0,No,No,37,Yes,Yes,Fiber optic,No,Yes,No,Yes,No,No,Month-to-month,No,Mailed check,84.4,2979.8,No
5091-YYCG,Male,0,No,No,43,Yes,No,No,No internet service,No internet service,No internet service,No internet service,No internet service,No internet service,Month-to-month,Yes,Electronic check,23.95,1002.39,No
4434-GDYI,Male,0,No,No,48,Yes,Yes,DSL,No,No,No,Yes,Yes,Yes,Month-to-month,No,Electronic check,65.84,2971.77,No
9711-YRJC,Female,0,No,No,48,Yes,No,No,No internet service,No internet service,No internet service,No internet service,No internet service,No internet service,Month-to-month,No,Mailed check,32.81,1556.3,No
9419-XNMF,Female,0,Yes,Yes,29,Yes,No,Fiber optic,No,No,Yes,No,No,Yes,One year,No,Electronic check,88.08,2373.3,No
9824-DXSM,Female,1,Yes,No,3,Yes,No,Fiber optic,Yes,No,No,Yes,Yes,No,Month-to-month,Yes,Electronic check,95.65,255.97,Yes
1378-QPQV,Male,0,Yes,Yes,36,Yes,No,Fiber optic,No,No,No,Yes,No,No,Month-to-month,Yes,Mailed check,75.18,2986.69,Yes
9843-OAIL,Female,0,Yes,No,16,Yes,No,Fiber optic,No,Yes,No,No,No,Yes,Month-to-month,Yes,Bank transfer (automatic),88.12,1423.81,No
2548-NUZV,Male,1,No,No,39,Yes,No,DSL,No,Yes,No,Yes,No,No,Month-to-month,No,Electronic check,55.81,2011.0,Yes
1783-ABMS,Female,0,No,No,27,Yes,Yes,Fiber optic,No,No,No,No,Yes,No,Month-to-month,Yes,Electronic check,87.43,2303.02,No
4513-XREH,Male,1,Yes,No,2,Yes,Yes,DSL,No,Yes,Yes,Yes,Yes,Yes,Two year,No,Mailed check,84.91,162.09,No
4413-RCZP,Female,0,No,No,14,Yes,Yes,Fiber optic,No,Yes,No,Yes,No,No,Month-to-month,Yes,Bank transfer (automatic),91.92,1259.7,Yes
5257-USDH,Male,0,No,Yes,30,Yes,No,Fiber optic,Yes,No,No,No,No,No,Month-to-month,No,Electronic check,82.27,2323.9,No
8754-KAMK,Male,1,No,No,42,Yes,No,No,No internet service,No internet service,No internet service,No internet service,No internet service,No internet service,Month-to-month,Yes,Bank transfer (automatic),32.01,1298.04,No
5523-UXID,Male,0,Yes,No,39,Yes,Yes,No,No internet service,No internet service,No internet service,No internet service,No internet service,No internet service,Month-to-month,Yes,Bank transfer (automatic),32.08,1193.47,No
1999-ZDCL,Female,0,No,No,44,Yes,No,Fiber optic,No,Yes,Yes,Yes,Yes,Yes,Month-to-month,Yes,Electronic check,102.25,4189.38,Yes
5447-YBUW,Male,0,Yes,No,61,Yes,No,Fiber optic,No,Yes,No,No,No,Yes,Month-to-month,No,Mailed check,79.55,4587.07,Yes
4944-IODU,Female,0,No,No,70,Yes,No,No,No internet service,No internet service,No internet service,No internet service,No internet service,No internet service,Two year,Yes,Electronic check,22.56,1466.5,No
2340-FOCM,Female,0,No,No,32,Yes,Yes,DSL,No,Yes,Yes,Yes,No,No,Month-to-month,Yes,Credit card (automatic),65.62,2123.62,No
4380-OLBJ,Female,0,Yes,No,66,Yes,Yes,DSL,No,Yes,Yes,Yes,Yes,Yes,Month-to-month,Yes,Bank transfer (automatic),76.53,4752.65,No
2658-PLOT,Male,1,No,Yes,35,Yes,No,DSL,No,No,Yes,No,No,No,One year,Yes,Credit card (automatic),49.37,1667.54,Yes
3796-BCHK,Male,1,No,Yes,50,No,No phone service,DSL,Yes,No,Yes,No,Yes,Yes,Month-to-month,Yes,Credit card (automatic),65.72,3283.16,No
5410-EMTF,Male,1,No,No,67,Yes,No,Fiber optic,Yes,No,Yes,Yes,Yes,Yes,Month-to-month,No,Bank transfer (automatic),110.61,6784.46,No
3385-NJKV,Male,0,No,Yes,45,Yes,No,Fiber optic,No,Yes,No,No,Yes,No,Month-to-month,Yes,Electronic check,82.62,3610.47,No
4091-HZAL,Male,0,Yes,No,28,Yes,Yes,DSL,No,Yes,No,No,No,Yes,Two year,No,Credit card (automatic),65.66,1689.41,No
4992-MHQQ,Female,0,Yes,Yes,40,Yes,Yes,No,No internet service,No internet service,No internet service,No internet service,No internet service,No internet service,Month-to-month,Yes,Electronic check,36.79,1452.07,No
3911-JJCA,Female,0,No,No,25,Yes,No,Fiber optic,Yes,Yes,No,No,No,No,Month-to-month,Yes,Credit card (automatic),87.49,1940.1,Yes
8639-PVVY,Male,1,No,No,32,Yes,Yes,DSL,No,Yes,Yes,No,Yes,Yes,Month-to-month,No,Credit card (automatic),77.96,2444.23,Yes
5917-PGAD,Male,0,Yes,Yes,29,Yes,Yes,DSL,Yes,No,No,No,No,No,Two year,No,Electronic check,62.85,1749.54,No
2377-DAQT,Male,0,Yes,No,9,Yes,Yes,Fiber optic,No,No,No,Yes,No,No,Month-to-month,No,Mailed check,82.2,813.75,Yes
8116-LYMY,Male,0,No,No,42,Yes,No,Fiber optic,No,Yes,No,Yes,No,No,One year,Yes,Bank transfer (automatic),78.3,3298.79,No
7494-NLQD,Male,0,No,No,4,Yes,Yes,Fiber optic,No,Yes,No,No,Yes,Yes,Two year,No,Mailed check,96.55,367.83,Yes
1761-XSVY,Female,0,Yes,No,18,Yes,No,DSL,No,Yes,No,No,No,No,Two year,Yes,Electronic check,51.94,874.87,No
1463-WOEO,Male,0,Yes,No,1,Yes,Yes,Fiber optic,No,No,Yes,Yes,No,No,One year,Yes,Bank transfer (automatic),86.75,79.15,Yes
4314-ZTZV,Male,0,Yes,No,67,Yes,No,Fiber optic,Yes,Yes,Yes,Yes,No,Yes,Month-to-month,No,Electronic check,96.48,5950.6,No
5764-SJWH,Female,0,No,Yes,68,Yes,Yes,DSL,No,Yes,No,No,No,No,Month-to-month,No,Credit card (automatic),56.88,3928.75,No
4545-VEDV,Male,0,No,No,52,Yes,Yes,Fiber optic,Yes,No,Yes,Yes,Yes,No,Two year,No,Mailed check,96.18,4965.57,No
7830-MYKL,Male,0,Yes,No,52,Yes,Yes,No,No internet service,No internet service,No internet service,No internet service,No internet service,No internet service,Month-to-month,No,Mailed check,31.07,1589.55,No
4495-QPHM,Female,0,No,No,20,Yes,Yes,Fiber optic,Yes,Yes,Yes,Yes,No,No,Month-to-month,Yes,Credit card (automatic),101.04,2093.89,Yes
6037-SSLT,Male,0,Yes,No,41,Yes,No,DSL,No,No,No,Yes,No,No,Month-to-month,No,Bank transfer (automatic),56.17,2362.91,No
1313-GQDH,Male,0,No,No,9,No,No phone service,Fiber optic,Yes,No,No,No,No,Yes,Month-to-month,No,Electronic check,72.52,691.06,No
9269-KBRU,Male,0,No,No,39,Yes,No,No,No internet service,No internet service,No internet service,No internet service,No internet service,No internet service,One year,No,Credit card (automatic),28.16,1040.86,No
4670-ZWIF,Female,1,No,Yes,52,Yes,Yes,No,No internet service,No internet service,No internet service,No internet service,No internet service,No internet service,Month-to-month,No,Electronic check,35.73,1869.08,No
2265-QUUJ,Female,0,Yes,No,6,Yes,No,Fiber optic,No,No,Yes,No,Yes,No,Two year,Yes,Bank transfer (automatic),88.24,522.29,Yes
3483-LWRS,Male,0,Yes,No,33,Yes,Yes,DSL,Yes,No,No,No,No,Yes,Two year,Yes,Bank transfer (automatic),68.93,2068.44,No
8293-SSWV,Female,0,No,No,37,Yes,No,Fiber optic,Yes,No,Yes,No,Yes,No,Two year,Yes,Mailed check,83.31,3001.18,No
9910-CSZR,Female,0,No,Yes,53,Yes,No,Fiber optic,Yes,No,No,Yes,Yes,Yes,Two year,Yes,Electronic check,90.89,4774.52,No
8989-XQVN,Male,0,No,No,35,Yes,No,DSL,Yes,No,No,No,No,Yes,One year,No,Mailed check,62.12,1975.76,No
6662-LNYH,Female,0,No,No,24,Yes,No,Fiber optic,Yes,No,No,Yes,No,No,Month-to-month,No,Electronic check,77.14,1784.77,Yes
5160-EVLD,Female,1,Yes,No,37,Yes,Yes,Fiber optic,Yes,No,No,Yes,Yes,Yes,Month-to-month,Yes,Credit card (automatic),102.09,3821.22,Yes
7985-AXHZ,Female,1,No,No,68,Yes,No,No,No internet service,No internet service,No internet service,No internet service,No internet service,No internet service,Two year,No,Credit card (automatic),27.81,1780.01,No
4105-TOKI,Male,0,No,No,32,No,No phone service,Fiber optic,Yes,Yes,Yes,No,No,Yes,Month-to-month,No,Credit card (automatic),89.53,2772.62,Yes
6015-DZGY,Male,0,Yes,Yes,54,Yes,Yes,No,No internet service,No internet service,No internet service,No internet service,No internet service,No internet service,One year,Yes,Electronic check,23.24,1142.83,No
4935-UYVV,Male,0,Yes,No,14,Yes,No,Fiber optic,No,No,No,No,No,No,Month-to-month,No,Electronic check,77.99,1072.28,Yes
6104-IHVS,Female,0,Yes,No,35,Yes,No,Fiber optic,No,No,Yes,No,Yes,No,Month-to-month,No,Bank transfer (automatic),83.9,2703.71,Yes
4131-PROW,Female,1,No,No,40,Yes,No,Fiber optic,Yes,Yes,No,No,Yes,Yes,Month-to-month,Yes,Mailed check,102.85,4016.91,Yes
4971-ABNL,Male,0,No,No,55,Yes,Yes,Fiber optic,No,Yes,No,No,No,Yes,Month-to-month,Yes,Bank transfer (automatic),94.34,4803.82,No
2590-XYYG,Male,1,No,No,18,Yes,No,DSL,Yes,No,Yes,No,Yes,Yes,Two year,Yes,Credit card (automatic),73.86,1242.23,No
4696-EATB,Male,0,No,No,18,Yes,Yes,DSL,No,No,No,No,No,No,Two year,Yes,Bank transfer (automatic),60.06,1035.97,Yes
3418-LULH,Female,0,No,No,6,Yes,Yes,DSL,No,No,No,Yes,Yes,Yes,Two year,Yes,Bank transfer (automatic),74.92,407.98,No
1984-OMTA,Male,0,No,No,52,Yes,Yes,Fiber optic,Yes,Yes,Yes,No,Yes,Yes,Month-to-month,Yes,Bank transfer (automatic),107.07,5324.4,No
9697-USCY,Female,0,Yes,Yes,44,No,No phone service,No,No internet service,No internet service,No internet service,No internet service,No internet service,No internet service,Month-to-month,Yes,Credit card (automatic),18.0,768.35,Yes
5896-XVPQ,Male,1,Yes,No,28,Yes,Yes,Fiber optic,Yes,No,Yes,No,Yes,No,Month-to-month,No,Mailed check,100.69,2560.9,Yes
4674-GEEU,Female,0,Yes,No,52,Yes,No,No,No internet service,No internet service,No internet service,No internet service,No internet service,No internet service,Two year,Yes,Mailed check,27.27,1354.26,No
9194-JICC,Female,0,Yes,No,49,Yes,Yes,DSL,No,No,No,No,Yes,Yes,Month-to-month,Yes,Electronic check,69.64,3317.47,No
6148-KMTC,Male,0,Yes,No,60,Yes,No,DSL,No,Yes,Yes,No,Yes,Yes,Month-to-month,Yes,Electronic check,81.07,4743.35,No
1839-FDCW,Female,0,No,No,22,Yes,No,Fiber optic,No,No,No,Yes,No,Yes,One year,Yes,Electronic check,85.28,1811.3,No
9347-QMHM,Female,0,No,Yes,27,Yes,No,Fiber optic,Yes,No,No,Yes,No,No,Month-to-month,Yes,Bank transfer (automatic),77.95,1843.37,Yes
4693-BXXX,Female,0,Yes,No,17,Yes,Yes,No,No internet service,No internet service,No internet service,No internet service,No internet service,No internet service,Month-to-month,No,Mailed check,32.52,509.84,No
2253-NILX,Male,0,No,No,14,Yes,No,Fiber optic,No,No,No,No,Yes,Yes,Month-to-month,No,Credit card (automatic),87.63,1220.85,No
7144-XOIP,Male,0,Yes,No,42,Yes,No,Fiber optic,No,No,No,No,Yes,Yes,Month-to-month,No,Mailed check,83.71,3452.08,Yes
6314-BFNG,Female,0,No,Yes,15,Yes,Yes,Fiber optic,No,No,Yes,No,Yes,Yes,One year,No,Electronic check,98.79,1391.68,Yes
9984-HXRG,Male,0,No,Yes,14,Yes,No,Fiber optic,No,Yes,No,No,No,No,Month-to-month,Yes,Electronic check,75.63,915.58,Yes
8490-EOZZ,Female,0,No,No,27,Yes,No,Fiber optic,No,Yes,Yes,Yes,No,Yes,One year,No,Electronic check,90.88,2414.1,Yes
5515-VUWB,Female,1,No,No,56,Yes,No,No,No internet service,No internet service,No internet service,No internet service,No internet service,No internet service,Two year,Yes,Credit card (automatic),23.48,1270.45,No
7488-VLYL,Male,0,Yes,No,26,Yes,Yes,Fiber optic,No,No,Yes,No,No,No,One year,Yes,Electronic check,81.94,2138.44,No
3194-TMWB,Female,0,Yes,No,21,Yes,Yes,No,No internet service,No internet service,No internet service,No internet service,No internet service,No internet service,Month-to-month,No,Electronic check,27.87,567.44,No
5412-MXPX,Male,0,Yes,No,55,Yes,Yes,DSL,Yes,No,Yes,Yes,No,Yes,One year,Yes,Electronic check,83.7,4417.27,No
6934-OIQP,Male,0,Yes,No,44,Yes,No,DSL,Yes,Yes,No,No,No,No,Two year,No,Electronic check,65.07,2792.27,No
1934-CJCM,Female,1,No,Yes,63,Yes,Yes,No,No internet service,No internet service,No internet service,No internet service,No internet service,No internet service,Two year,No,Credit card (automatic),27.34,1777.61,No
7089-AYLF,Female,0,Yes,Yes,68,Yes,No,DSL,No,No,No,Yes,Yes,No,Month-to-month,No,Electronic check,62.74,4050.63,No
3388-FRHQ,Male,0,Yes,No,40,Yes,No,Fiber optic,No,No,Yes,No,No,Yes,Month-to-month,Yes,Mailed check,80.66,3126.48,No
7847-JYHF,Male,0,No,No,28,Yes,No,Fiber optic,Yes,No,No,No,Yes,Yes,Two year,Yes,Credit card (automatic),89.12,2345.76,No
7720-WWPF,Male,1,No,No,15,Yes,Yes,DSL,No,No,Yes,Yes,No,No,One year,No,Mailed check,59.03,839.0,No
1377-YGMG,Male,0,No,Yes,40,Yes,Yes,Fiber optic,No,Yes,No,No,Yes,Yes,Month-to-month,No,Mailed check,101.0,3772.94,Yes
7943-RMMX,Female,0,Yes,No,42,Yes,Yes,DSL,No,Yes,Yes,No,No,No,Month-to-month,No,Electronic check,69.13,2688.88,No
1539-DSDF,Female,0,No,Yes,17,Yes,Yes,DSL,No,Yes,Yes,No,Yes,Yes,Month-to-month,Yes,Mailed check,80.2,1287.45,No
3720-FYCJ,Female,0,No,Yes,45,No,No phone service,DSL,No,No,No,Yes,No,Yes,One year,No,Mailed check,49.82,2018.47,No
2820-NGID,Female,0,No,No,4,Yes,No,DSL,No,No,No,Yes,Yes,Yes,Month-to-month,No,Electronic check,65.69,251.19,No
5539-VOMU,Female,1,No,No,44,No,No phone service,Fiber optic,No,No,Yes,No,Yes,No,Month-to-month,No,Electronic check,85.38,3270.42,Yes
3933-AKYF,Male,0,No,No,14,Yes,Yes,DSL,Yes,No,No,Yes,Yes,No,Month-to-month,No,Electronic check,73.0,924.65,No
6995-DZCQ,Female,1,Yes,No,14,Yes,Yes,DSL,Yes,No,No,Yes,Yes,Yes,Month-to-month,No,Mailed check,82.87,1184.18,Yes
7923-DYQZ,Female,0,Yes,No,33,Yes,No,Fiber optic,No,Yes,Yes,No,Yes,Yes,One year,Yes,Electronic check,101.35,3192.92,Yes
9253-LBHN,Male,0,No,No,38,Yes,No,Fiber optic,Yes,No,No,No,No,Yes,Two year,No,Bank transfer (automatic),84.74,3057.8,No
4511-JAXS,Male,0,Yes,Yes,38,Yes,No,DSL,No,Yes,No,No,Yes,No,Two year,No,Mailed check,60.24,2228.99,No
5567-KHLE,Female,0,Yes,No,4,Yes,Yes,No,No internet service,No internet service,No internet service,No internet service,No internet service,No internet service,Month-to-month,Yes,Electronic check,34.16,138.14,Yes
4954-SYKR,Male,1,No,No,24,Yes,Yes,DSL,No,Yes,Yes,No,No,Yes,Month-to-month,Yes,Bank transfer (automatic),71.69,1632.47,Yes
4108-WJQN,Female,0,No,Yes,8,Yes,No,No,No internet service,No internet service,No internet service,No internet service,No internet service,No internet service,Month-to-month,Yes,Electronic check,25.86,201.55,No
4688-RVUI,Male,1,Yes,Yes,47,Yes,Yes,DSL,No,Yes,Yes,No,No,No,Month-to-month,Yes,Bank transfer (automatic),68.78,2850.47,No
5706-AEDA,Female,0,Yes,Yes,18,Yes,No,DSL,Yes,Yes,No,No,Yes,No,One year,No,Bank transfer (automatic),68.96,1186.63,No
1847-PAHH,Male,0,Yes,No,17,Yes,No,No,No internet service,No internet service,No internet service,No internet service,No internet service,No internet service,Month-to-month,Yes,Bank transfer (automatic),29.67,470.24,No
3040-IQZX,Male,0,No,No,40,No,No phone service,DSL,Yes,No,Yes,No,Yes,Yes,Month-to-month,No,Mailed check,60.66,2347.01,No
2196-OZBV,Male,1,Yes,No,31,Yes,No,DSL,No,No,No,No,Yes,Yes,One year,No,Bank transfer (automatic),68.99,2125.06,No
4952-BKNP,Female,0,No,No,27,Yes,No,No,No internet service,No internet service,No internet service,No internet service,No internet service,No internet service,One year,Yes,Bank transfer (automatic),26.58,691.79,No
6167-LAMP,Female,0,Yes,No,54,Yes,No,No,No internet service,No internet service,No internet service,No internet service,No internet service,No internet service,Month-to-month,Yes,Electronic check,26.9,1348.08,No
6452-MCYM,Male,0,Yes,No,43,No,No phone service,Fiber optic,No,No,Yes,No,Yes,Yes,Month-to-month,Yes,Bank transfer (automatic),83.75,3636.17,No
7968-ZDXH,Female,0,No,No,8,Yes,No,Fiber optic,No,No,No,No,No,Yes,Month-to-month,Yes,Mailed check,83.93,690.56,Yes
4612-RERJ,Male,0,Yes,No,65,Yes,Yes,No,No internet service,No internet service,No internet service,No internet service,No internet service,No internet service,Month-to-month,No,Electronic check,34.25,2146.71,No
5147-PEGF,Male,0,Yes,Yes,58,Yes,No,DSL,No,Yes,Yes,No,Yes,No,Two year,No,Bank transfer (automatic),66.7,3723.68,No
9831-DWWO,Female,0,Yes,Yes,12,Yes,Yes,Fiber optic,No,No,Yes,No,Yes,No,One year,Yes,Electronic check,84.65,963.77,No
2310-KVSD,Male,0,No,Yes,36,Yes,Yes,Fiber optic,Yes,No,No,Yes,No,Yes,One year,No,Electronic check,86.09,2886.13,No
9800-DRUZ,Male,0,Yes,No,30,No,No phone service,No,No internet service,No internet service,No internet service,No internet service,No internet service,No internet service,One year,No,Electronic check,19.05,518.84,No
2595-GPIJ,Female,1,Yes,No,54,Yes,No,No,No internet service,No internet service,No internet service,No internet service,No internet service,No internet service,One year,Yes,Mailed check,26.54,1387.88,No
4861-KTVH,Male,0,Yes,No,37,Yes,Yes,No,No internet service,No internet service,No internet service,No internet service,No internet service,No internet service,One year,No,Electronic check,31.12,1083.15,No
9063-MFSA,Male,1,No,No,35,Yes,Yes,Fiber optic,Yes,No,Yes,No,Yes,No,One year,Yes,Electronic check,96.46,3236.75,No
1800-DWWF,Male,0,No,Yes,35,Yes,Yes,No,No internet service,No internet service,No internet service,No internet service,No internet service,No internet service,One year,No,Electronic check,33.59,1174.21,No
8334-EBSJ,Male,1,No,No,26,Yes,No,DSL,No,No,No,No,No,No,Month-to-month,Yes,Electronic check,53.42,1365.4,No
6696-SCNX,Male,0,Yes,No,56,Yes,Yes,Fiber optic,Yes,No,Yes,No,No,No,One year,Yes,Mailed check,81.69,4566.52,No
5963-CAOI,Male,0,No,No,29,Yes,No,Fiber optic,No,No,Yes,Yes,Yes,Yes,Month-to-month,Yes,Mailed check,97.94,2881.43,No
3478-TWUL,Male,0,Yes,No,28,Yes,No,Fiber optic,No,No,No,No,Yes,Yes,Month-to-month,No,Credit card (automatic),92.94,2421.79,No
7829-DZFQ,Male,0,Yes,Yes,21,Yes,Yes,DSL,No,No,No,No,No,No,Month-to-month,Yes,Mailed check,58.57,1177.85,No
4266-AXCT,Female,0,Yes,No,44,Yes,No,Fiber optic,No,No,No,Yes,Yes,No,Month-to-month,No,Credit card (automatic),82.02,3586.47,No
9897-NKIV,Female,0,No,Yes,40,Yes,Yes,Fiber optic,No,Yes,No,No,No,No,Month-to-month,Yes,Bank transfer (automatic),74.53,2809.38,No
3257-ZQRN,Female,0,Yes,No,45,Yes,Yes,Fiber optic,Yes,No,No,No,No,No,Two year,Yes,Credit card (automatic),83.43,4000.24,No
8663-OZHI,Female,0,Yes,No,30,Yes,Yes,DSL,Yes,No,Yes,No,No,Yes,Two year,Yes,Credit card (automatic),79.97,2198.87,No
8727-RDAL,Female,0,No,Yes,27,Yes,Yes,Fiber optic,Yes,Yes,No,Yes,No,No,One year,Yes,Electronic check,89.78,2306.75,No
7356-XZNU,Male,0,Yes,No,51,No,No phone service,DSL,Yes,Yes,No,No,Yes,Yes,Month-to-month,No,Electronic check,73.73,3917.2,Yes
4257-NWYI,Male,0,No,No,51,Yes,No,Fiber optic,No,No,No,No,Yes,Yes,Two year,Yes,Bank transfer (automatic),89.06,4465.13,Yes
6683-CMSD,Male,0,Yes,No,13,Yes,No,Fiber optic,No,No,Yes,No,Yes,Yes,Month-to-month,Yes,Mailed check,86.61,1091.24,Yes
7520-OJAC,Female,0,No,No,28,Yes,No,DSL,No,No,No,No,Yes,Yes,Month-to-month,No,Electronic check,62.76,1755.04,Yes
3214-ZBAV,Male,0,No,No,12,Yes,Yes,DSL,Yes,Yes,Yes,No,No,Yes,Two year,Yes,Mailed check,76.56,834.27,No
1000-VKEB,Male,0,No,No,15,Yes,Yes,Fiber optic,Yes,No,No,No,No,Yes,Two year,Yes,Mailed check,89.22,1278.63,Yes
8632-IGRJ,Male,1,No,No,14,Yes,No,Fiber optic,No,No,No,Yes,Yes,No,Month-to-month,No,Mailed check,80.6,1112.67,Yes
6880-SLGE,Female,0,No,Yes,57,Yes,Yes,Fiber optic,Yes,No,No,No,No,No,Month-to-month,No,Mailed check,86.62,4941.98,Yes
8255-KXFS,Female,1,No,No,17,Yes,Yes,No,No internet service,No internet service,No internet service,No internet service,No internet service,No internet service,Two year,Yes,Electronic check,33.83,526.09,No
4248-DXLX,Female,0,Yes,Yes,45,Yes,Yes,No,No internet service,No internet service,No internet service,No internet service,No internet service,No internet service,Two year,Yes,Bank transfer (automatic),29.02,1274.73,No
3363-KVCZ,Female,0,No,Yes,24,Yes,No,No,No internet service,No internet service,No internet service,No internet service,No internet service,No internet service,Month-to-month,No,Electronic check,24.96,536.38,No
7297-LYIS,Female,1,Yes,Yes,41,Yes,Yes,No,No internet service,No internet service,No internet service,No internet service,No internet service,No internet service,One year,Yes,Mailed check,34.9,1330.05,No
9058-VIYB,Male,1,Yes,No,44,Yes,Yes,Fiber optic,No,No,Yes,No,No,Yes,Two year,Yes,Credit card (automatic),91.55,3613.31,No
2281-SXNL,Female,0,No,No,15,Yes,No,DSL,No,Yes,Yes,Yes,No,Yes,One year,Yes,Bank transfer (automatic),62.71,908.64,No
1682-HWAW,Male,0,Yes,No,45,Yes,No,Fiber optic,Yes,No,Yes,No,Yes,Yes,Month-to-month,Yes,Credit card (automatic),95.23,4152.2,No
6864-KYKS,Male,0,Yes,No,45,Yes,No,Fiber optic,Yes,Yes,Yes,No,No,Yes,Month-to-month,Yes,Electronic check,95.77,4244.84,No
2705-ISGW,Male,0,No,No,6,Yes,Yes,DSL,No,Yes,No,No,Yes,Yes,Month-to-month,No,Bank transfer (automatic),83.39,468.55,Yes
9648-ZXUE,Male,0,No,Yes,24,Yes,No,DSL,No,No,No,Yes,Yes,Yes,Month-to-month,Yes,Credit card (automatic),66.21,1469.22,No
3388-LHNK,Female,1,No,No,40,Yes,Yes,Fiber optic,No,No,Yes,No,No,Yes,Month-to-month,Yes,Mailed check,97.73,3867.58,Yes
4727-QXSB,Female,0,No,No,18,Yes,Yes,Fiber optic,No,No,Yes,Yes,Yes,No,Month-to-month,Yes,Electronic check,96.24,1669.64,Yes
4933-RRGR,Male,0,Yes,No,15,Yes,Yes,Fiber optic,No,No,Yes,Yes,No,No,Month-to-month,Yes,Credit card (automatic),90.08,1342.87,No
7661-UPRQ,Male,0,No,No,2,Yes,Yes,DSL,No,Yes,No,No,No,Yes,One year,Yes,Mailed check,62.46,123.25,No
2023-TUBE,Male,0,Yes,Yes,49,Yes,Yes,No,No internet service,No internet service,No internet service,No internet service,No internet service,No internet service,Month-to-month,No,Mailed check,29.61,1383.23,No
1915-RBHS,Male,0,No,No,25,No,No phone service,Fiber optic,No,No,Yes,Yes,No,No,One year,Yes,Electronic check,78.84,1807.12,Yes
1888-PBMP,Female,0,Yes,No,42,Yes,No,DSL,No,Yes,No,No,Yes,Yes,Two year,Yes,Mailed check,68.52,2884.7,No
8499-WDKR,Female,0,No,Yes,32,Yes,No,No,No internet service,No internet service,No internet service,No internet service,No internet service,No internet service,One year,No,Credit card (automatic),22.34,685.08,No
9484-HENL,Female,0,No,No,64,Yes,Yes,Fiber optic,Yes,No,Yes,No,No,Yes,Month-to-month,Yes,Bank transfer (automatic),96.32,6373.67,No
5994-HDZV,Female,0,Yes,No,21,Yes,No,DSL,No,No,Yes,No,Yes,No,Two year,No,Bank transfer (automatic),61.99,1210.05,No
5550-NXSH,Female,0,Yes,No,27,Yes,Yes,Fiber optic,No,No,Yes,Yes,No,Yes,Month-to-month,Yes,Credit card (automatic),95.35,2434.36,No
3972-JRPJ,Male,0,Yes,No,26,Yes,No,DSL,No,Yes,Yes,No,Yes,Yes,One year,Yes,Mailed check,80.11,1951.73,No
2423-CUUK,Female,0,Yes,Yes,57,Yes,Yes,Fiber optic,No,No,Yes,No,Yes,No,Month-to-month,Yes,Bank transfer (automatic),97.58,5130.42,No
1238-MCLE,Female,1,Yes,Yes,57,Yes,No,DSL,Yes,No,No,No,No,No,Month-to-month,Yes,Electronic check,57.29,3127.29,No
3598-OKVA,Male,1,No,No,13,Yes,Yes,Fiber optic,No,Yes,No,Yes,Yes,No,Two year,Yes,Electronic check,88.2,1041.15,No
4081-RKAJ,Male,1,No,No,53,Yes,No,No,No internet service,No internet service,No internet service,No internet service,No internet service,No internet service,Two year,Yes,Bank transfer (automatic),20.85,1038.83,No
5155-ODLB,Male,0,No,Yes,25,Yes,Yes,Fiber optic,Yes,No,No,No,No,No,One year,Yes,Mailed check,80.29,1917.22,Yes
8083-YYGV,Female,0,Yes,Yes,3,Yes,Yes,Fiber optic,No,Yes,Yes,No,Yes,No,Two year,Yes,Bank transfer (automatic),98.25,282.01,Yes
9191-UFRR,Male,0,No,No,70,Yes,Yes,DSL,No,No,No,No,No,No,Two year,No,Credit card (automatic),55.23,3841.49,No
3689-UFBA,Female,0,Yes,No,31,Yes,No,Fiber optic,No,Yes,No,Yes,Yes,Yes,Month-to-month,No,Bank transfer (automatic),97.42,2808.44,Yes
3763-CFLI,Male,0,Yes,Yes,25,Yes,No,No,No internet service,No internet service,No internet service,No internet service,No internet service,No internet service,Month-to-month,Yes,Electronic check,28.97,726.29,No
1870-KQDC,Male,0,Yes,No,42,Yes,No,Fiber optic,Yes,No,No,Yes,Yes,Yes,Month-to-month,Yes,Bank transfer (automatic),89.44,3285.99,No
8755-PQNG,Male,0,No,Yes,44,Yes,Yes,DSL,No,No,No,Yes,Yes,Yes,Month-to-month,Yes,Electronic check,75.94,3300.16,No
3710-LLMY,Male,0,Yes,No,13,Yes,No,DSL,No,No,No,Yes,No,Yes,Month-to-month,No,Electronic check,66.84,802.76,No
4075-MGWI,Male,0,Yes,No,15,Yes,Yes,Fiber optic,Yes,Yes,No,No,Yes,No,Month-to-month,Yes,Bank transfer (automatic),95.88,1412.56,No
8051-MGFD,Female,0,Yes,No,49,No,No phone service,No,No internet service,No internet service,No internet service,No internet service,No internet service,No internet service,Month-to-month,Yes,Bank transfer (automatic),18.0,811.54,No
8902-DNJX,Female,0,No,No,66,Yes,No,Fiber optic,Yes,No,Yes,Yes,No,No,One year,No,Mailed check,85.89,5180.52,No
8600-TNAQ,Female,0,No,Yes,59,Yes,No,DSL,Yes,Yes,Yes,Yes,No,No,Two year,No,Electronic check,68.14,3821.01,No
5088-UQIN,Male,0,No,Yes,69,Yes,No,Fiber optic,No,Yes,No,Yes,Yes,No,One year,No,Electronic check,92.3,6086.41,Yes
5855-CZTW,Male,0,Yes,Yes,16,Yes,No,Fiber optic,No,Yes,No,No,Yes,Yes,Month-to-month,Yes,Electronic check,101.41,1508.39,Yes
2790-GBJI,Male,1,No,Yes,36,Yes,Yes,DSL,Yes,No,No,No,Yes,No,Month-to-month,Yes,Credit card (automatic),63.32,2187.86,Yes
1491-KFMN,Male,0,Yes,No,22,Yes,No,DSL,No,No,No,Yes,No,No,Month-to-month,No,Credit card (automatic),53.86,1055.89,No
9594-LOYA,Female,0,No,Yes,45,Yes,No,Fiber optic,No,Yes,No,Yes,Yes,Yes,Month-to-month,Yes,Bank transfer (automatic),98.58,4265.98,Yes
2470-ULVE,Female,0,Yes,No,38,Yes,No,No,No internet service,No internet service,No internet service,No internet service,No internet service,No internet service,Two year,Yes,Bank transfer (automatic),28.87,1089.61,No
6216-FMFA,Female,0,No,No,56,Yes,No,Fiber optic,No,Yes,Yes,No,Yes,Yes,Two year,Yes,Mailed check,103.5,5242.64,No
8124-VSQJ,Female,0,Yes,No,61,Yes,No,No,No internet service,No internet service,No internet service,No internet service,No internet service,No internet service,Month-to-month,Yes,Electronic check,31.82,1821.71,No
2851-IPWI,Male,0,No,No,45,Yes,No,Fiber optic,No,Yes,Yes,Yes,No,No,Two year,Yes,Electronic check,90.58,3926.47,No
2680-MIXG,Female,0,Yes,No,31,Yes,Yes,DSL,Yes,Yes,Yes,No,No,No,Month-to-month,Yes,Bank transfer (automatic),74.87,2215.36,No
5509-FCCL,Female,1,No,Yes,13,Yes,No,DSL,No,No,Yes,No,No,Yes,Two year,Yes,Credit card (automatic),64.78,797.19,No
1681-FMZK,Male,1,Yes,Yes,27,Yes,No,Fiber optic,No,Yes,Yes,No,Yes,No,Month-to-month,No,Bank transfer (automatic),91.82,2249.03,No
3090-RHTN,Male,0,No,No,58,Yes,No,Fiber optic,Yes,Yes,Yes,No,Yes,Yes,Month-to-month,Yes,Electronic check,98.34,5464.49,No
7784-XFHX,Male,0,No,No,15,Yes,No,Fiber optic,No,Yes,Yes,No,Yes,No,Month-to-month,Yes,Bank transfer (automatic),88.46,1307.12,Yes
7860-DMZS,Female,0,Yes,No,7,Yes,No,Fiber optic,No,No,Yes,Yes,Yes,No,Month-to-month,No,Mailed check,88.61,585.39,Yes
9771-DFPK,Female,0,No,No,71,Yes,No,DSL,Yes,Yes,No,Yes,Yes,Yes,One year,Yes,Mailed check,73.7,4871.13,No
6862-IKNO,Female,0,No,No,63,Yes,Yes,DSL,Yes,No,No,No,Yes,No,Month-to-month,No,Electronic check,74.77,4579.9,No
1071-KGMZ,Male,1,No,No,67,Yes,No,DSL,No,No,No,No,No,Yes,Month-to-month,Yes,Electronic check,62.16,3982.41,No
7253-PRPZ,Female,1,No,No,54,Yes,Yes,DSL,Yes,Yes,Yes,No,Yes,No,Month-to-month,Yes,Mailed check,79.99,4380.86,No
7804-WNPV,Male,0,Yes,No,24,Yes,No,DSL,No,No,No,Yes,No,No,Month-to-month,Yes,Electronic check,56.27,1284.47,Yes
5397-LODQ,Male,1,Yes,No,28,No,No phone service,Fiber optic,No,No,No,No,No,No,One year,Yes,Mailed check,61.99,1672.87,No
6412-OZRK,Female,0,No,No,41,Yes,Yes,DSL,Yes,Yes,Yes,Yes,No,No,Month-to-month,No,Credit card (automatic),77.42,2918.9,No
3352-NRKG,Female,0,Yes,Yes,62,Yes,No,Fiber optic,No,No,No,Yes,No,Yes,Two year,No,Electronic check,82.19,5000.84,No
4489-DPSJ,Male,0,No,No,15,Yes,No,Fiber optic,Yes,Yes,Yes,No,Yes,Yes,Month-to-month,Yes,Electronic check,100.24,1361.11,Yes
1439-XCPY,Male,0,Yes,No,11,Yes,Yes,DSL,No,No,Yes,Yes,Yes,No,One year,No,Electronic check,69.64,713.5,No
3218-WBCC,Female,0,No,No,31,Yes,Yes,DSL,Yes,No,No,Yes,No,No,Two year,Yes,Electronic check,62.08,1823.64,No
3672-JDEL,Male,0,Yes,No,67,Yes,No,DSL,Yes,No,No,No,Yes,No,Two year,No,Electronic check,61.75,4065.35,No
7920-PNKI,Male,0,Yes,No,22,Yes,Yes,DSL,No,No,No,Yes,No,No,Two year,Yes,Credit card (automatic),59.42,1194.32,No
1762-RQMH,Female,0,Yes,No,13,Yes,No,Fiber optic,No,Yes,Yes,Yes,No,No,Month-to-month,No,Bank transfer (automatic),84.01,992.43,No
1114-OIER,Female,1,No,Yes,15,Yes,No,Fiber optic,Yes,No,Yes,No,No,No,Month-to-month,No,Credit card (automatic),78.2,1124.5,Yes
2131-BNSU,Female,0,No,No,20,Yes,No,DSL,No,No,No,No,Yes,Yes,Month-to-month,Yes,Credit card (automatic),69.48,1377.26,Yes
4650-PYRA,Male,0,No,No,52,Yes,No,No,No internet service,No internet service,No internet service,No internet service,No internet service,No internet service,Month-to-month,Yes,Electronic check,28.53,1438.69,No
2307-ZAYD,Female,0,No,No,62,Yes,No,No,No internet service,No internet service,No internet service,No internet service,No internet service,No internet service,Two year,Yes,Electronic check,29.95,1891.74,No
5201-FLHJ,Male,0,Yes,No,47,Yes,No,DSL,No,Yes,No,No,Yes,No,Month-to-month,Yes,Bank transfer (automatic),57.51,2658.12,No
2106-MVSB,Male,1,Yes,No,56,No,No phone service,Fiber optic,Yes,Yes,No,No,No,No,Two year,Yes,Electronic check,78.41,4165.75,No
9663-BHBB,Female,0,No,Yes,10,Yes,Yes,Fiber optic,Yes,No,No,Yes,Yes,Yes,Month-to-month,Yes,Mailed check,100.58,896.95,Yes
4755-EOMN,Female,0,No,No,38,Yes,Yes,DSL,No,No,No,Yes,Yes,Yes,One year,Yes,Bank transfer (automatic),78.0,2616.61,No
6957-BFIL,Female,0,No,No,56,Yes,No,No,No internet service,No internet service,No internet service,No internet service,No internet service,No internet service,Two year,No,Electronic check,24.53,1163.72,No
3815-OYBL,Female,0,No,No,54,Yes,No,No,No internet service,No internet service,No internet service,No internet service,No internet service,No internet service,Month-to-month,Yes,Mailed check,19.76,1089.87,No
4211-FPLT,Female,0,No,No,68,Yes,No,Fiber optic,Yes,No,Yes,Yes,No,No,One year,Yes,Credit card (automatic),82.95,5282.28,No
9610-MTZO,Male,0,No,No,31,Yes,No,No,No internet service,No internet service,No internet service,No internet service,No internet service,No internet service,Month-to-month,No,Mailed check,25.5,748.65,No
2368-JURP,Female,1,No,No,66,No,No phone service,No,No internet service,No internet service,No internet service,No internet service,No internet service,No internet service,Month-to-month,Yes,Credit card (automatic),18.94,1227.67,No
9260-TQDV,Male,0,No,Yes,23,Yes,No,Fiber optic,No,No,No,No,Yes,Yes,Month-to-month,No,Electronic check,87.18,1938.39,Yes
8528-GEWD,Male,1,No,No,41,Yes,Yes,Fiber optic,Yes,Yes,No,Yes,Yes,No,Month-to-month,No,Electronic check,96.7,3883.82,Yes
3934-OJMA,Male,1,Yes,No,41,Yes,Yes,Fiber optic,No,Yes,No,No,No,Yes,Month-to-month,No,Bank transfer (automatic),88.13,3430.93,No
9592-RNSW,Male,0,No,No,10,Yes,No,No,No internet service,No internet service,No internet service,No internet service,No internet service,No internet service,One year,No,Mailed check,29.24,285.75,No
9332-OFUF,Female,0,Yes,No,70,No,No phone service,DSL,No,No,No,No,No,No,Month-to-month,Yes,Credit card (automatic),44.44,2940.42,No
2617-CDXA,Male,0,No,Yes,31,Yes,No,Fiber optic,No,Yes,Yes,No,No,Yes,Month-to-month,No,Electronic check,85.01,2645.08,No
7400-KNZP,Male,0,No,No,54,Yes,No,Fiber optic,Yes,No,Yes,No,No,No,Month-to-month,No,Electronic check,88.29,4688.08,Yes
6363-RJBX,Female,0,No,No,21,Yes,Yes,No,No internet service,No internet service,No internet service,No internet service,No internet service,No internet service,Month-to-month,Yes,Mailed check,31.47,642.15,No
8440-VXMM,Male,0,No,Yes,8,Yes,Yes,Fiber optic,No,No,No,Yes,No,No,Month-to-month,Yes,Credit card (automatic),82.43,679.72,Yes
7757-WFOL,Female,1,Yes,No,44,Yes,Yes,Fiber optic,Yes,Yes,Yes,No,Yes,Yes,One year,No,Electronic check,112.96,5212.5,No
4260-MRTN,Female,0,No,Yes,69,Yes,No,Fiber optic,No,Yes,No,No,Yes,No,Month-to-month,No,Credit card (automatic),82.65,5845.12,No
8185-VQKH,Male,0,Yes,Yes,67,Yes,Yes,DSL,Yes,No,Yes,No,No,Yes,Month-to-month,Yes,Credit card (automatic),72.76,4755.95,No
2261-IWJN,Male,0,No,Yes,14,Yes,Yes,No,No internet service,No internet service,No internet service,No internet service,No internet service,No internet service,One year,Yes,Credit card (automatic),34.59,473.37,No
2941-KANI,Male,0,Yes,No,53,Yes,No,No,No internet service,No internet service,No internet service,No internet service,No internet service,No internet service,Two year,Yes,Credit card (automatic),23.73,1220.75,No
5780-EFXZ,Female,1,Yes,No,3,Yes,No,Fiber optic,No,No,Yes,No,No,No,Two year,No,Electronic check,76.85,214.55,No
9670-NYLD,Male,0,No,No,12,Yes,Yes,Fiber optic,Yes,No,No,No,No,No,Two year,No,Bank transfer (automatic),81.36,953.73,No
9979-ORBF,Male,0,Yes,No,9,Yes,No,DSL,No,Yes,No,Yes,Yes,Yes,Month-to-month,No,Electronic check,74.09,620.97,Yes
6540-WWWB,Female,0,Yes,No,35,Yes,Yes,Fiber optic,Yes,Yes,Yes,No,Yes,No,Month-to-month,Yes,Bank transfer (automatic),99.36,3523.98,Yes
9558-NPYK,Male,0,Yes,No,23,No,No phone service,Fiber optic,Yes,No,Yes,No,Yes,No,Month-to-month,No,Bank transfer (automatic),85.6,1964.25,Yes
9050-KKGR,Female,0,No,No,8,Yes,No,DSL,Yes,No,No,No,No,Yes,Month-to-month,Yes,Bank transfer (automatic),66.92,530.11,No
9157-GUXH,Male,1,Yes,No,47,Yes,Yes,DSL,No,No,No,No,No,No,Two year,Yes,Electronic check,56.92,2581.32,No
5922-RGSQ,Male,0,No,No,61,Yes,Yes,No,No internet service,No internet service,No internet service,No internet service,No internet service,No internet service,Two year,No,Mailed check,30.12,1857.75,No
5665-LFAE,Female,0,No,No,46,Yes,No,Fiber optic,Yes,Yes,No,No,Yes,No,Two year,No,Electronic check,88.71,3727.43,No
4379-TMIM,Male,0,No,No,35,Yes,Yes,No,No internet service,No internet service,No internet service,No internet service,No internet service,No internet service,Month-to-month,No,Bank transfer (automatic),34.39,1164.5,No
7065-OXOG,Female,1,No,Yes,35,Yes,Yes,DSL,No,No,Yes,No,Yes,Yes,Two year,No,Bank transfer (automatic),71.51,2443.01,Yes
3474-SBZN,Male,0,Yes,No,52,Yes,Yes,Fiber optic,No,Yes,No,Yes,Yes,No,Month-to-month,No,Bank transfer (automatic),92.83,4607.22,No
4426-XGPH,Female,0,Yes,No,39,Yes,Yes,No,No internet service,No internet service,No internet service,No internet service,No internet service,No internet service,One year,No,Electronic check,33.65,1280.04,No
4052-PYZP,Male,0,Yes,Yes,16,Yes,No,DSL,No,Yes,No,Yes,Yes,Yes,Month-to-month,No,Bank transfer (automatic),72.78,1134.43,Yes
5103-XSUV,Female,0,No,No,9,Yes,Yes,DSL,Yes,No,Yes,No,No,No,Month-to-month,No,Electronic check,70.42,635.02,Yes
6523-JAVF,Male,0,Yes,No,18,Yes,Yes,DSL,No,Yes,Yes,No,No,No,One year,Yes,Mailed check,68.91,1216.7,No
9000-XXAK,Female,0,No,No,59,No,No phone service,Fiber optic,Yes,Yes,No,Yes,Yes,Yes,Month-to-month,Yes,Mailed check,94.77,5086.57,No
3379-YCEW,Female,0,Yes,No,41,Yes,Yes,No,No internet service,No internet service,No internet service,No internet service,No internet service,No internet service,One year,No,Mailed check,30.13,1246.22,No
2327-IOQT,Male,0,Yes,No,13,Yes,No,Fiber optic,Yes,No,No,Yes,Yes,Yes,Month-to-month,No,Mailed check,88.68,1153.35,No
7561-IVMQ,Female,0,No,Yes,62,Yes,Yes,DSL,Yes,Yes,No,No,Yes,No,Month-to-month,Yes,Electronic check,71.99,4534.06,No
7248-FDOY,Male,0,No,Yes,30,Yes,No,Fiber optic,No,No,No,No,Yes,No,One year,Yes,Mailed check,77.35,2204.96,No
6443-ZKVJ,Female,0,No,No,43,Yes,No,Fiber optic,No,No,Yes,No,No,Yes,One year,Yes,Bank transfer (automatic),85.05,3768.39,Yes
5489-ORAX,Male,0,No,Yes,38,Yes,No,Fiber optic,No,No,No,No,No,No,Month-to-month,Yes,Mailed check,74.49,2866.5,No
8943-CFKV,Male,0,Yes,Yes,55,Yes,No,DSL,No,Yes,Yes,Yes,No,Yes,Two year,Yes,Bank transfer (automatic),65.76,3670.25,No
7512-QZQI,Male,0,No,No,60,Yes,No,Fiber optic,No,No,Yes,No,No,No,Month-to-month,Yes,Electronic check,74.72,4147.63,Yes
6325-XDKJ,Male,0,No,No,38,Yes,No,Fiber optic,No,Yes,No,No,Yes,No,Two year,Yes,Mailed check,80.62,2938.55,No
4403-BEMF,Male,0,No,Yes,50,Yes,No,DSL,No,Yes,No,No,Yes,Yes,One year,Yes,Electronic check,64.04,3143.68,No
3069-SQUJ,Male,0,No,Yes,35,Yes,Yes,Fiber optic,Yes,Yes,No,No,No,Yes,Two year,Yes,Mailed check,96.29,3383.85,No
2018-DGKI,Female,0,Yes,Yes,41,Yes,Yes,Fiber optic,No,Yes,Yes,Yes,Yes,No,Month-to-month,No,Bank transfer (automatic),105.41,4315.84,No
7397-IMEY,Female,0,Yes,Yes,10,Yes,Yes,Fiber optic,No,Yes,No,Yes,Yes,No,One year,Yes,Bank transfer (automatic),100.46,952.04,No
5484-HJHK,Female,0,Yes,No,25,Yes,No,Fiber optic,No,No,No,Yes,Yes,Yes,Two year,Yes,Bank transfer (automatic),86.02,2096.41,No
4833-GPZH,Male,0,Yes,No,25,Yes,No,Fiber optic,No,Yes,No,No,No,Yes,Month-to-month,Yes,Mailed check,84.84,2020.13,No
9402-MOTY,Male,0,Yes,No,23,Yes,No,No,No internet service,No internet service,No internet service,No internet service,No internet service,No internet service,Two year,Yes,Mailed check,26.4,546.68,No
2754-FORZ,Male,0,No,Yes,54,Yes,No,DSL,Yes,No,No,No,Yes,Yes,One year,Yes,Bank transfer (automatic),77.16,3843.76,No
8264-JLFM,Male,1,Yes,No,13,Yes,Yes,DSL,No,Yes,No,No,Yes,Yes,Month-to-month,No,Electronic check,74.61,924.55,Yes
2769-GSUE,Female,0,Yes,No,17,Yes,Yes,DSL,No,Yes,No,Yes,No,Yes,Month-to-month,Yes,Electronic check,71.9,1112.64,Yes
3782-BCYD,Male,1,No,No,38,Yes,Yes,No,No internet service,No internet service,No internet service,No internet service,No internet service,No internet service,Month-to-month,No,Electronic check,34.0,1274.4,No
2317-WWDZ,Female,0,No,No,27,Yes,Yes,No,No internet service,No internet service,No internet service,No internet service,No internet service,No internet service,One year,No,Bank transfer (automatic),37.21,880.86,No
6551-QQNA,Male,1,No,Yes,50,Yes,Yes,DSL,No,No,Yes,Yes,Yes,Yes,Two year,No,Bank transfer (automatic),81.77,3950.07,No
4635-JNEV,Female,0,Yes,Yes,44,Yes,Yes,Fiber optic,Yes,Yes,No,No,Yes,No,Month-to-month,Yes,Electronic check,92.54,4042.43,Yes
9118-AIAA,Female,1,No,No,71,Yes,Yes,DSL,No,Yes,No,Yes,Yes,Yes,Two year,Yes,Mailed check,82.24,5572.39,No
9711-DWDQ,Female,0,No,Yes,11,No,No phone service,Fiber optic,No,Yes,No,No,Yes,Yes,One year,Yes,Bank transfer (automatic),86.57,942.94,No
7185-ZULF,Male,0,Yes,No,25,Yes,Yes,Fiber optic,Yes,Yes,Yes,Yes,Yes,Yes,Month-to-month,No,Bank transfer (automatic),114.16,2810.72,Yes
8835-OYKS,Male,0,Yes,Yes,27,Yes,No,DSL,No,No,No,No,No,Yes,Month-to-month,Yes,Bank transfer (automatic),58.37,1595.67,Yes
7654-HNJI,Female,0,No,No,59,Yes,Yes,No,No internet service,No internet service,No internet service,No internet service,No internet service,No internet service,One year,Yes,Bank transfer (automatic),32.1,1850.18,No
6770-YUGO,Male,0,No,Yes,43,Yes,No,Fiber optic,Yes,Yes,Yes,Yes,No,No,Two year,No,Electronic check,97.11,3420.55,Yes
1285-XIHC,Female,0,Yes,No,30,Yes,Yes,DSL,No,No,Yes,Yes,Yes,Yes,Month-to-month,No,Electronic check,78.79,2357.76,No
9923-ZJHK,Male,0,No,Yes,54,Yes,No,Fiber optic,No,No,No,Yes,Yes,Yes,One year,Yes,Bank transfer (automatic),91.74,4696.99,No
4774-CMDK,Male,0,No,No,49,Yes,Yes,No,No internet service,No internet service,No internet service,No internet service,No internet service,No internet service,Two year,No,Electronic check,33.59,1582.33,No
6264-ATCF,Female,0,Yes,No,13,Yes,No,DSL,Yes,Yes,Yes,Yes,Yes,Yes,Two year,Yes,Credit card (automatic),83.76,1005.84,No
2050-OFQM,Male,0,Yes,No,25,Yes,No,No,No internet service,No internet service,No internet service,No internet service,No internet service,No internet service,Month-to-month,No,Electronic check,25.95,645.51,No
2679-HRYL,Male,0,No,No,19,No,No phone service,Fiber optic,No,Yes,Yes,Yes,No,Yes,One year,No,Credit card (automatic),84.45,1510.96,No
3967-QEHZ,Male,0,No,Yes,42,No,No phone service,DSL,No,No,No,No,Yes,Yes,Two year,Yes,Electronic check,52.12,2157.7,No
2600-DRPQ,Female,0,No,Yes,62,Yes,Yes,DSL,Yes,Yes,Yes,No,No,Yes,Month-to-month,Yes,Mailed check,72.74,4375.03,No
7104-PAWG,Female,0,No,No,18,Yes,No,Fiber optic,No,Yes,No,Yes,No,No,One year,No,Electronic check,80.83,1387.27,No
4159-NOKK,Female,0,No,No,21,Yes,No,DSL,No,No,Yes,Yes,No,Yes,Month-to-month,No,Bank transfer (automatic),66.76,1344.77,No
8651-EFPR,Female,0,No,Yes,39,No,No phone service,Fiber optic,No,Yes,No,No,No,Yes,One year,Yes,Bank transfer (automatic),78.66,2919.36,No
2169-LAYD,Female,0,Yes,No,46,Yes,No,DSL,No,No,No,No,Yes,Yes,Two year,No,Electronic check,70.06,2931.61,No
9203-OATV,Female,0,Yes,No,44,Yes,Yes,DSL,No,No,No,No,No,No,Month-to-month,No,Electronic check,48.94,2107.8,No
4824-EQNH,Female,0,Yes,No,46,Yes,Yes,Fiber optic,No,No,Yes,No,Yes,Yes,Month-to-month,Yes,Electronic check,100.85,4133.1,No
3198-DJCG,Male,0,No,No,44,Yes,Yes,No,No internet service,No internet service,No internet service,No internet service,No internet service,No internet service,Month-to-month,No,Mailed check,28.56,1095.9,No
1811-YAMM,Male,0,Yes,No,72,Yes,No,DSL,No,No,No,Yes,Yes,Yes,Month-to-month,Yes,Electronic check,79.63,5519.66,Yes
6650-QTLV,Male,0,No,No,35,Yes,No,DSL,Yes,Yes,Yes,Yes,Yes,No,Month-to-month,Yes,Bank transfer (automatic),78.98,2796.44,No
4110-IYMM,Female,0,No,No,15,Yes,Yes,Fiber optic,No,No,No,No,Yes,Yes,Month-to-month,Yes,Credit card (automatic),93.07,1361.27,Yes
7882-SMWS,Male,0,Yes,No,14,Yes,Yes,DSL,Yes,No,No,Yes,No,No,One year,Yes,Credit card (automatic),67.27,952.32,No
5003-BCEV,Male,0,No,No,60,Yes,No,No,No internet service,No internet service,No internet service,No internet service,No internet service,No internet service,Two year,Yes,Electronic check,29.17,1609.03,No
7095-AUBD,Male,0,No,No,27,Yes,No,Fiber optic,Yes,No,No,No,No,No,Month-to-month,No,Bank transfer (automatic),85.59,2174.18,No
9923-JNAS,Male,0,Yes,No,34,Yes,Yes,DSL,No,Yes,No,No,Yes,Yes,Two year,No,Bank transfer (automatic),69.46,2292.65,No
3532-OKSO,Female,0,Yes,No,22,Yes,Yes,Fiber optic,Yes,Yes,No,No,No,Yes,One year,No,Bank transfer (automatic),97.36,2034.89,No
2216-SBWX,Male,1,No,No,48,Yes,No,Fiber optic,No,No,No,No,Yes,No,Two year,Yes,Bank transfer (automatic),84.21,3824.64,No
9264-GESZ,Female,0,Yes,Yes,40,Yes,Yes,Fiber optic,No,No,Yes,Yes,No,No,Month-to-month,No,Bank transfer (automatic),88.01,3439.27,No
5146-BDGA,Male,0,Yes,No,16,Yes,No,Fiber optic,No,No,Yes,Yes,No,Yes,Month-to-month,Yes,Mailed check,90.41,1329.59,No
7581-OAKJ,Female,1,No,No,67,Yes,Yes,No,No internet service,No internet service,No internet service,No internet service,No internet service,No internet service,One year,No,Bank transfer (automatic),28.75,1781.39,No
4552-UEQL,Male,0,No,No,43,Yes,Yes,Fiber optic,No,Yes,Yes,Yes,No,Yes,Month-to-month,Yes,Bank transfer (automatic),96.15,3939.15,Yes
3315-SXFX,Female,0,No,Yes,53,Yes,Yes,Fiber optic,Yes,No,Yes,Yes,Yes,No,Two year,Yes,Electronic check,96.21,5043.69,No
5128-QRUT,Female,0,Yes,No,60,Yes,Yes,DSL,No,Yes,No,No,No,Yes,Month-to-month,Yes,Electronic check,69.36,4223.83,No
1010-JOYV,Female,0,No,No,41,Yes,Yes,DSL,Yes,Yes,Yes,No,Yes,No,Month-to-month,Yes,Electronic check,76.93,2792.24,Yes
3404-JSCJ,Female,0,Yes,No,48,Yes,Yes,DSL,Yes,No,Yes,No,Yes,Yes,One year,Yes,Electronic check,79.07,3432.6,No
9304-NWHS,Male,0,No,Yes,24,Yes,Yes,No,No internet service,No internet service,No internet service,No internet service,No internet service,No internet service,Two year,Yes,Mailed check,32.99,722.48,No
5606-NINC,Male,0,No,No,12,Yes,Yes,DSL,No,No,Yes,No,Yes,Yes,Month-to-month,No,Electronic check,73.79,862.07,No
4078-DQVZ,Female,1,No,Yes,49,Yes,Yes,Fiber optic,Yes,No,No,Yes,Yes,Yes,Month-to-month,No,Mailed check,96.34,4671.83,Yes
9123-PQXQ,Female,0,No,No,48,Yes,No,Fiber optic,Yes,Yes,Yes,No,Yes,Yes,Month-to-month,Yes,Credit card (automatic),99.21,4252.4,No
6201-JAVZ,Female,0,No,No,10,Yes,Yes,Fiber optic,No,Yes,Yes,Yes,Yes,Yes,Month-to-month,No,Mailed check,104.65,1009.17,Yes
4641-CZRD,Female,0,Yes,Yes,10,Yes,Yes,Fiber optic,Yes,Yes,No,No,No,No,Month-to-month,Yes,Bank transfer (automatic),92.83,900.43,Yes
3998-BXDX,Female,0,Yes,No,35,Yes,No,Fiber optic,No,No,No,No,Yes,No,Month-to-month,No,Electronic check,71.61,2487.69,Yes
4554-DJOF,Female,1,Yes,No,33,Yes,No,DSL,No,Yes,No,No,Yes,No,Two year,Yes,Mailed check,67.81,2201.98,No
7284-OUTL,Male,0,Yes,No,17,Yes,No,DSL,Yes,No,Yes,No,No,No,Month-to-month,No,Mailed check,58.65,956.68,Yes
7276-VKFG,Female,0,No,No,49,Yes,No,No,No internet service,No internet service,No internet service,No internet service,No internet service,No internet service,Month-to-month,Yes,Credit card (automatic),24.45,1176.86,No
2710-YPCZ,Female,0,No,No,34,Yes,Yes,No,No internet service,No internet service,No internet service,No internet service,No internet service,No internet service,Month-to-month,Yes,Bank transfer (automatic),31.07,961.43,No
6480-OIJK,Male,0,Yes,Yes,37,No,No phone service,No,No internet service,No internet service,No internet service,No internet service,No internet service,No internet service,Month-to-month,Yes,Electronic check,24.61,836.48,No
2567-MFHX,Female,0,No,No,20,Yes,Yes,Fiber optic,No,No,Yes,Yes,No,No,One year,Yes,Bank transfer (automatic),85.09,1737.58,Yes
3517-DLYL,Female,0,Yes,No,31,Yes,Yes,No,No internet service,No internet service,No internet service,No internet service,No internet service,No internet service,Two year,Yes,Electronic check,32.04,954.35,No
9183-BXQC,Female,0,Yes,No,60,Yes,Yes,DSL,No,No,Yes,Yes,Yes,Yes,Month-to-month,Yes,Electronic check,86.83,5175.9,No
5458-QPFM,Male,0,No,No,53,Yes,No,No,No internet service,No internet service,No internet service,No internet service,No internet service,No internet service,Month-to-month,Yes,Credit card (automatic),21.69,1109.69,No
6982-XSRZ,Female,0,No,Yes,55,Yes,Yes,Fiber optic,No,No,No,No,No,No,One year,Yes,Credit card (automatic),73.74,3794.56,No
7157-NARB,Male,0,No,No,2,No,No phone service,DSL,No,Yes,Yes,Yes,No,Yes,Month-to-month,Yes,Mailed check,60.06,118.44,Yes
6877-GFTV,Female,1,Yes,No,33,Yes,Yes,DSL,Yes,No,No,Yes,No,Yes,Month-to-month,No,Mailed check,66.47,2340.97,Yes
8166-SFAN,Male,0,Yes,No,43,Yes,No,Fiber optic,No,Yes,No,Yes,Yes,No,Month-to-month,No,Electronic check,84.03,3612.57,No
8006-DLUX,Female,0,Yes,Yes,23,Yes,Yes,No,No internet service,No internet service,No internet service,No internet service,No internet service,No internet service,One year,Yes,Electronic check,29.15,606.59,No
2072-GDWB,Female,0,No,No,11,Yes,Yes,Fiber optic,Yes,No,Yes,No,No,Yes,Month-to-month,No,Mailed check,91.41,938.7,Yes
8143-OMCP,Female,1,Yes,No,18,Yes,Yes,Fiber optic,Yes,Yes,Yes,Yes,No,No,Month-to-month,Yes,Electronic check,92.47,1730.3,Yes
6964-IIWO,Male,0,Yes,No,67,Yes,Yes,Fiber optic,No,Yes,Yes,No,No,No,Month-to-month,No,Bank transfer (automatic),87.04,5662.55,No
5687-XECR,Female,0,Yes,Yes,62,Yes,Yes,Fiber optic,No,No,Yes,No,Yes,Yes,Two year,No,Credit card (automatic),96.16,5876.07,No
4795-ATGB,Male,0,Yes,No,11,Yes,Yes,No,No internet service,No internet service,No internet service,No internet service,No internet service,No internet service,One year,Yes,Electronic check,27.65,301.33,No
8337-HCMI,Female,0,Yes,No,49,Yes,Yes,DSL,Yes,Yes,Yes,No,No,No,Month-to-month,Yes,Electronic check,71.46,3242.76,No
3786-NCGQ,Female,1,Yes,Yes,64,Yes,Yes,Fiber optic,Yes,No,Yes,Yes,No,No,Month-to-month,No,Bank transfer (automatic),79.8,5156.88,No
9429-AKJK,Male,0,No,Yes,13,Yes,No,DSL,Yes,Yes,No,No,Yes,No,Two year,No,Mailed check,69.41,868.81,No
5087-OOSS,Female,0,Yes,Yes,26,No,No phone service,Fiber optic,No,No,No,Yes,No,Yes,Month-to-month,Yes,Bank transfer (automatic),78.69,1910.79,No
1553-XTCU,Female,0,Yes,No,64,No,No phone service,No,No internet service,No internet service,No internet service,No internet service,No internet service,No internet service,Two year,Yes,Electronic check,18.0,1070.38,No
3070-JWDM,Female,1,No,Yes,16,Yes,No,DSL,Yes,No,No,No,No,No,Month-to-month,Yes,Electronic check,57.17,898.32,No
9459-ZOST,Male,1,No,Yes,58,Yes,No,No,No internet service,No internet service,No internet service,No internet service,No internet service,No internet service,Month-to-month,Yes,Bank transfer (automatic),26.21,1439.64,No
6900-DPMP,Female,1,Yes,No,37,Yes,No,No,No internet service,No internet service,No internet service,No internet service,No internet service,No internet service,Month-to-month,No,Electronic check,25.21,874.22,No
6373-HXAX,Female,1,Yes,Yes,49,Yes,Yes,Fiber optic,Yes,No,Yes,No,Yes,No,One year,No,Mailed check,101.53,5240.91,No
2561-KSQN,Male,0,No,Yes,27,Yes,Yes,DSL,Yes,Yes,Yes,Yes,Yes,Yes,One year,Yes,Mailed check,83.33,2079.07,No
7451-SHOW,Male,0,No,No,11,Yes,Yes,Fiber optic,Yes,No,No,Yes,Yes,Yes,Month-to-month,Yes,Mailed check,100.13,1084.72,Yes
4020-MNIX,Male,0,Yes,No,27,Yes,Yes,No,No internet service,No internet service,No internet service,No internet service,No internet service,No internet service,Month-to-month,Yes,Bank transfer (automatic),30.6,803.62,No
3822-KLMB,Female,1,No,Yes,14,No,No phone service,Fiber optic,No,No,Yes,Yes,No,Yes,One year,No,Electronic check,85.26,1107.07,Yes
2227-ARES,Male,0,Yes,No,38,Yes,No,Fiber optic,Yes,No,Yes,Yes,Yes,Yes,Two year,Yes,Credit card (automatic),97.97,3635.04,No
1975-RISD,Female,0,No,Yes,2,Yes,Yes,Fiber optic,Yes,No,No,Yes,No,No,Two year,Yes,Bank transfer (automatic),89.46,166.4,No
9382-YGON,Female,0,No,No,32,Yes,No,DSL,Yes,No,No,No,No,No,Month-to-month,No,Bank transfer (automatic),56.53,1824.55,No
1556-STGG,Female,0,No,No,25,Yes,No,Fiber optic,No,No,No,No,No,No,Month-to-month,No,Credit card (automatic),66.94,1598.63,No
1022-DBQF,Male,0,Yes,No,46,Yes,No,DSL,No,Yes,Yes,Yes,Yes,No,Month-to-month,No,Electronic check,76.17,3594.03,No
4406-MSIX,Male,1,No,Yes,50,Yes,Yes,Fiber optic,Yes,Yes,Yes,No,No,Yes,One year,Yes,Electronic check,92.87,4757.85,No
3257-CYWC,Female,0,No,No,47,Yes,No,Fiber optic,Yes,Yes,No,No,No,Yes,Month-to-month,Yes,Mailed check,93.11,4310.32,Yes
4345-VEPZ,Female,0,Yes,No,54,Yes,No,DSL,No,No,Yes,No,No,Yes,Month-to-month,Yes,Credit card (automatic),59.88,3202.18,No
9624-VUBL,Female,0,No,No,32,Yes,Yes,DSL,No,Yes,No,Yes,No,No,Month-to-month,No,Credit card (automatic),68.59,2187.4,No
2197-THJG,Female,0,Yes,Yes,57,Yes,Yes,Fiber optic,No,No,Yes,Yes,Yes,Yes,Month-to-month,Yes,Mailed check,104.86,5499.14,No
6995-ZIFF,Female,0,Yes,Yes,21,Yes,No,No,No internet service,No internet service,No internet service,No internet service,No internet service,No internet service,Month-to-month,Yes,Credit card (automatic),21.89,469.84,No
8945-FPGO,Male,1,Yes,No,33,Yes,No,DSL,No,No,No,No,Yes,Yes,Month-to-month,Yes,Credit card (automatic),60.43,1967.36,No
4257-MXBX,Male,0,No,No,40,Yes,No,No,No internet service,No internet service,No internet service,No internet service,No internet service,No internet service,Month-to-month,Yes,Credit card (automatic),30.81,1291.06,No
8124-EZXY,Female,0,No,No,63,Yes,Yes,Fiber optic,No,No,No,No,Yes,Yes,Month-to-month,No,Electronic check,96.54,5819.39,No
3999-NNFP,Male,0,No,No,31,Yes,No,Fiber optic,No,No,No,No,Yes,Yes,One year,No,Electronic check,85.37,2667.62,No
7172-FQQG,Male,0,No,No,44,Yes,Yes,DSL,No,No,Yes,Yes,No,Yes,One year,Yes,Bank transfer (automatic),68.2,3004.55,Yes
7410-SSYT,Male,0,No,No,21,Yes,No,No,No internet service,No internet service,No internet service,No internet service,No internet service,No internet service,One year,No,Credit card (automatic),30.72,596.85,No
4254-JQLS,Male,0,No,No,16,Yes,Yes,No,No internet service,No internet service,No internet service,No internet service,No internet service,No internet service,One year,Yes,Credit card (automatic),31.4,468.49,No
5695-AYPR,Female,0,Yes,No,54,Yes,Yes,Fiber optic,No,No,No,No,No,Yes,One year,Yes,Electronic check,84.7,4422.56,No
8646-WGJI,Male,1,Yes,No,66,Yes,Yes,DSL,Yes,Yes,Yes,No,Yes,Yes,One year,Yes,Electronic check,84.33,5533.83,No
7039-HKRJ,Female,0,No,No,8,Yes,Yes,Fiber optic,No,No,Yes,No,Yes,Yes,Two year,Yes,Mailed check,90.86,701.84,Yes
3350-WVCX,Male,0,Yes,Yes,50,Yes,No,DSL,No,No,Yes,Yes,Yes,Yes,Two year,Yes,Electronic check,72.44,3303.89,No
7967-ZWFB,Male,0,No,Yes,38,Yes,Yes,DSL,No,Yes,Yes,Yes,Yes,Yes,Month-to-month,No,Electronic check,79.91,2951.64,No
6888-SKVK,Female,0,No,Yes,53,Yes,No,Fiber optic,Yes,Yes,No,No,No,No,Two year,No,Electronic check,79.23,3911.66,No
1024-GIDQ,Female,0,No,Yes,51,Yes,Yes,Fiber optic,Yes,Yes,No,Yes,No,Yes,Month-to-month,Yes,Bank transfer (automatic),94.04,4725.68,Yes
3806-TQEU,Male,0,Yes,Yes,50,Yes,Yes,Fiber optic,Yes,Yes,Yes,No,Yes,Yes,Month-to-month,Yes,Electronic check,110.76,5177.28,No
9661-NQIS,Female,0,No,No,59,Yes,No,Fiber optic,Yes,No,No,Yes,Yes,Yes,Two year,Yes,Mailed check,94.44,4773.75,No
8585-CXEH,Female,0,Yes,No,25,Yes,Yes,Fiber optic,Yes,No,No,Yes,No,Yes,Month-to-month,Yes,Bank transfer (automatic),96.24,2269.88,No
8883-ZHCJ,Female,0,No,No,6,Yes,Yes,DSL,Yes,No,Yes,Yes,Yes,No,Month-to-month,No,Electronic check,77.79,472.04,Yes
3528-TRKK,Female,0,Yes,Yes,54,Yes,Yes,Fiber optic,Yes,No,No,Yes,No,No,Month-to-month,No,Electronic check,87.49,4598.85,No
6156-IMVD,Male,0,Yes,No,36,Yes,Yes,No,No internet service,No internet service,No internet service,No internet service,No internet service,No internet service,Month-to-month,No,Bank transfer (automatic),38.81,1351.65,No
4425-YVPA,Female,1,Yes,No,27,Yes,Yes,Fiber optic,Yes,No,Yes,No,No,Yes,One year,Yes,Credit card (automatic),91.8,2519.53,Yes
6376-RLJT,Female,1,No,Yes,19,Yes,Yes,DSL,No,No,No,Yes,Yes,No,One year,Yes,Mailed check,67.68,1288.88,No
4429-LDBC,Male,0,Yes,No,68,Yes,Yes,Fiber optic,No,No,Yes,No,No,Yes,Month-to-month,No,Bank transfer (automatic),88.41,5421.13,No
5386-ZNPN,Female,1,No,No,59,Yes,No,DSL,Yes,No,Yes,Yes,No,No,Month-to-month,Yes,Electronic check,60.59,3100.67,No
4644-EFKS,Female,0,No,No,43,Yes,No,DSL,No,No,Yes,No,Yes,No,Month-to-month,Yes,Bank transfer (automatic),64.55,2723.5,No
5888-BFHN,Female,0,No,No,28,Yes,Yes,No,No internet service,No internet service,No internet service,No internet service,No internet service,No internet service,Month-to-month,Yes,Mailed check,31.22,851.84,No
2093-XWWB,Male,0,Yes,No,37,Yes,No,Fiber optic,Yes,No,No,No,Yes,No,Month-to-month,No,Electronic check,81.8,2896.99,Yes
9252-ABTZ,Male,1,Yes,No,65,Yes,No,No,No internet service,No internet service,No internet service,No internet service,No internet service,No internet service,Month-to-month,Yes,Mailed check,28.74,1786.17,No
5112-DWXW,Male,0,No,No,12,Yes,No,DSL,No,No,No,No,No,No,Month-to-month,Yes,Bank transfer (automatic),42.25,477.31,No
8264-WMDJ,Male,1,Yes,No,20,Yes,No,Fiber optic,No,Yes,No,No,No,No,Two year,No,Credit card (automatic),77.76,1540.39,No
9440-NCQD,Female,0,No,No,21,Yes,No,Fiber optic,No,Yes,Yes,Yes,Yes,No,Two year,Yes,Bank transfer (automatic),100.83,1889.59,No
2449-DPHY,Female,0,Yes,No,52,Yes,No,No,No internet service,No internet service,No internet service,No internet service,No internet service,No internet service,One year,Yes,Credit card (automatic),27.6,1343.42,No
1193-HTWD,Female,0,No,No,43,Yes,No,DSL,Yes,No,No,No,Yes,Yes,Two year,Yes,Electronic check,75.64,3041.82,No
3871-HXTK,Male,0,Yes,No,55,Yes,No,DSL,Yes,No,Yes,Yes,Yes,No,Month-to-month,Yes,Bank transfer (automatic),69.49,3689.17,No
7203-CJYK,Female,0,Yes,No,29,Yes,No,Fiber optic,Yes,No,No,Yes,Yes,No,One year,No,Bank transfer (automatic),95.92,2818.31,No
4418-SPKY,Female,0,No,No,55,Yes,No,Fiber optic,No,Yes,No,No,No,Yes,Month-to-month,Yes,Mailed check,90.61,4532.54,Yes
2793-FZBM,Male,0,No,Yes,6,Yes,No,DSL,No,No,Yes,No,No,Yes,Month-to-month,No,Mailed check,61.03,322.81,Yes
5703-IEGF,Female,0,No,No,50,Yes,Yes,Fiber optic,Yes,Yes,No,No,No,Yes,One year,Yes,Bank transfer (automatic),92.1,4601.66,No
7735-VUMM,Female,0,No,No,8,Yes,No,No,No internet service,No internet service,No internet service,No internet service,No internet service,No internet service,Month-to-month,No,Electronic check,22.62,172.35,No
6536-NSGC,Female,0,No,No,24,No,No phone service,DSL,Yes,Yes,Yes,No,Yes,Yes,Month-to-month,Yes,Mailed check,69.2,1498.0,No
4834-QVSH,Male,0,No,No,23,Yes,Yes,DSL,No,No,Yes,No,Yes,No,Two year,No,Credit card (automatic),70.71,1562.37,No
4667-FHQA,Male,0,Yes,Yes,21,Yes,Yes,DSL,No,No,No,No,No,Yes,Month-to-month,Yes,Bank transfer (automatic),68.48,1427.17,No
3584-VFYD,Male,0,Yes,No,34,Yes,No,No,No internet service,No internet service,No internet service,No internet service,No internet service,No internet service,Two year,Yes,Mailed check,31.67,1062.18,No
5032-ESBC,Male,0,No,Yes,58,Yes,No,No,No internet service,No internet service,No internet service,No internet service,No internet service,No internet service,Two year,Yes,Electronic check,18.0,1050.99,No
8366-UAMP,Female,0,No,No,38,Yes,No,Fiber optic,Yes,Yes,No,No,Yes,No,Two year,No,Bank transfer (automatic),84.92,3226.67,No
6207-FMKT,Female,0,No,No,43,Yes,Yes,Fiber optic,Yes,Yes,Yes,No,No,Yes,One year,No,Electronic check,96.92,4044.95,No
3953-CKES,Male,0,No,Yes,15,Yes,Yes,No,No internet service,No internet service,No internet service,No internet service,No internet service,No internet service,One year,No,Bank transfer (automatic),31.49,465.88,No
5040-OVDO,Male,0,Yes,Yes,28,Yes,No,No,No internet service,No internet service,No internet service,No internet service,No internet service,No internet service,One year,Yes,Credit card (automatic),24.85,629.37,No
3259-FIVH,Female,0,No,No,48,Yes,No,Fiber optic,No,No,No,Yes,No,Yes,Month-to-month,Yes,Credit card (automatic),81.74,3871.19,No
3109-PHSX,Female,0,Yes,No,33,No,No phone service,No,No internet service,No internet service,No internet service,No internet service,No internet service,No internet service,One year,No,Bank transfer (automatic),18.37,601.73,No
3587-JFTG,Male,0,Yes,No,33,Yes,Yes,No,No internet service,No internet service,No internet service,No internet service,No internet service,No internet service,Month-to-month,Yes,Mailed check,30.78,1023.44,No
4549-MPCV,Female,0,No,No,61,Yes,No,Fiber optic,Yes,No,No,No,No,Yes,One year,Yes,Credit card (automatic),79.24,4586.02,No
2200-QJGM,Male,0,Yes,Yes,8,Yes,Yes,No,No internet service,No internet service,No internet service,No internet service,No internet service,No internet service,One year,Yes,Bank transfer (automatic),29.61,238.06,No
1245-IHDO,Female,0,No,No,2,Yes,Yes,Fiber optic,No,No,Yes,Yes,No,No,Month-to-month,Yes,Bank transfer (automatic),86.36,160.39,Yes
3788-CBLP,Male,0,No,Yes,50,Yes,No,No,No internet service,No internet service,No internet service,No internet service,No internet service,No internet service,Two year,Yes,Electronic check,24.47,1111.97,No
2576-HYOZ,Female,0,No,No,7,Yes,No,Fiber optic,Yes,Yes,Yes,No,No,Yes,One year,No,Mailed check,94.26,613.18,No
7429-QDWV,Female,0,Yes,No,29,Yes,Yes,Fiber optic,No,Yes,Yes,Yes,Yes,Yes,Month-to-month,Yes,Mailed check,109.67,3095.54,Yes
4169-FCFF,Female,0,No,Yes,43,Yes,No,Fiber optic,Yes,No,Yes,No,No,Yes,One year,No,Credit card (automatic),88.95,3529.84,No
4574-WKTU,Male,0,No,No,65,Yes,No,Fiber optic,No,No,No,No,Yes,Yes,Month-to-month,No,Electronic check,91.85,5869.55,No
3027-PKBX,Male,0,Yes,Yes,44,Yes,Yes,DSL,Yes,Yes,Yes,Yes,Yes,No,Month-to-month,Yes,Credit card (automatic),87.8,3629.47,No
2858-DWJF,Male,0,Yes,Yes,18,Yes,No,No,No internet service,No internet service,No internet service,No internet service,No internet service,No internet service,Month-to-month,Yes,Mailed check,21.51,380.32,Yes
4925-BGRZ,Female,0,No,Yes,8,Yes,Yes,DSL,No,Yes,No,No,No,No,Month-to-month,Yes,Credit card (automatic),59.63,481.03,No
8374-NXUE,Female,0,No,No,68,Yes,No,Fiber optic,No,No,No,No,No,Yes,Month-to-month,No,Bank transfer (automatic),81.77,5429.27,No
6810-URTH,Male,0,No,No,59,Yes,No,DSL,No,No,Yes,No,Yes,No,One year,Yes,Bank transfer (automatic),61.28,3335.38,No
6654-USOS,Female,0,No,Yes,50,Yes,No,Fiber optic,No,No,No,No,Yes,No,Month-to-month,No,Bank transfer (automatic),80.02,3874.4,No
8981-ESFK,Male,0,No,Yes,42,Yes,No,Fiber optic,No,Yes,No,No,No,No,One year,Yes,Bank transfer (automatic),72.42,2910.64,No
4161-BTTJ,Female,0,No,No,51,Yes,No,Fiber optic,Yes,No,Yes,Yes,No,Yes,Two year,No,Electronic check,89.4,4754.02,No
8296-RRTC,Male,1,Yes,No,42,Yes,No,Fiber optic,No,No,No,No,Yes,Yes,Month-to-month,Yes,Mailed check,91.19,3822.97,Yes
7107-VEOK,Male,0,No,Yes,51,Yes,Yes,Fiber optic,No,No,Yes,No,Yes,No,Month-to-month,No,Mailed check,83.84,3936.75,No
2077-AJKR,Male,0,Yes,No,39,Yes,Yes,No,No internet service,No internet service,No internet service,No internet service,No internet service,No internet service,Month-to-month,Yes,Mailed check,26.16,1019.73,No
1911-UOWA,Female,0,Yes,Yes,52,Yes,Yes,No,No internet service,No internet service,No internet service,No internet service,No internet service,No internet service,Month-to-month,Yes,Bank transfer (automatic),26.31,1270.27,No
8356-WBWZ,Female,1,Yes,No,28,Yes,No,DSL,Yes,Yes,Yes,No,Yes,No,One year,No,Electronic check,74.44,2053.14,No
6506-DUNW,Male,0,No,No,46,No,No phone service,Fiber optic,No,Yes,No,No,No,No,Month-to-month,Yes,Bank transfer (automatic),64.58,3005.9,No
7709-ROZX,Male,0,No,No,44,Yes,No,Fiber optic,No,No,No,No,No,No,Two year,Yes,Electronic check,65.34,2950.76,No
9041-FFLT,Female,0,No,No,58,Yes,Yes,DSL,Yes,No,Yes,Yes,No,No,One year,No,Electronic check,69.68,3945.33,No
1177-HEUZ,Male,1,No,No,56,Yes,No,Fiber optic,No,Yes,No,Yes,Yes,No,Month-to-month,No,Electronic check,92.14,5064.81,Yes
2978-YHDX,Male,0,Yes,No,16,No,No phone service,Fiber optic,No,Yes,No,No,No,Yes,One year,Yes,Electronic check,87.63,1303.73,Yes
6675-ANWR,Female,1,No,Yes,49,Yes,No,No,No internet service,No internet service,No internet service,No internet service,No internet service,No internet service,Month-to-month,No,Bank transfer (automatic),31.6,1403.5,No
9483-OAXT,Female,0,Yes,No,8,Yes,Yes,Fiber optic,No,No,Yes,No,Yes,Yes,One year,Yes,Electronic check,94.21,743.75,No
7823-MERT,Female,0,No,Yes,31,Yes,Yes,Fiber optic,No,No,No,Yes,No,No,Month-to-month,No,Credit card (automatic),81.98,2540.94,No
2883-KIYY,Male,0,No,No,68,Yes,No,DSL,No,No,No,No,Yes,No,Month-to-month,Yes,Electronic check,56.59,4065.92,No
1267-MMGF,Male,0,No,No,36,Yes,No,DSL,No,Yes,No,No,Yes,Yes,One year,No,Mailed check,73.08,2444.67,No
1504-PGWD,Female,0,Yes,No,6,Yes,No,Fiber optic,No,No,Yes,No,No,Yes,Month-to-month,Yes,Mailed check,84.72,492.96,Yes
1427-OCBK,Male,0,Yes,No,62,Yes,Yes,Fiber optic,Yes,No,No,No,Yes,No,Two year,No,Bank transfer (automatic),89.66,5480.76,No
3787-GEPZ,Male,1,Yes,Yes,58,Yes,Yes,No,No internet service,No internet service,No internet service,No internet service,No internet service,No internet service,One year,Yes,Credit card (automatic),30.96,1667.94,No
3760-AYGW,Female,1,Yes,No,14,Yes,No,Fiber optic,No,Yes,No,Yes,No,No,Month-to-month,Yes,Mailed check,87.8,1156.57,Yes
4783-WYYO,Male,0,Yes,Yes,33,Yes,Yes,Fiber optic,Yes,No,Yes,Yes,Yes,Yes,One year,Yes,Mailed check,105.09,3572.96,No
3641-ZLPT,Female,0,Yes,No,6,Yes,No,DSL,No,No,No,No,No,Yes,Two year,Yes,Credit card (automatic),60.94,367.32,No
2051-TDOS,Male,1,Yes,No,39,Yes,No,No,No internet service,No internet service,No internet service,No internet service,No internet service,No internet service,Month-to-month,Yes,Mailed check,25.07,910.75,No
5964-IOBO,Female,0,No,No,7,Yes,No,Fiber optic,No,No,No,Yes,Yes,Yes,Month-to-month,No,Bank transfer (automatic),98.54,659.87,No
6836-SIUZ,Female,0,No,No,26,Yes,Yes,Fiber optic,Yes,No,No,Yes,Yes,Yes,One year,Yes,Mailed check,96.12,2475.48,No
9035-PVIR,Female,1,Yes,No,41,Yes,No,Fiber optic,Yes,No,Yes,No,Yes,No,Two year,Yes,Bank transfer (automatic),93.42,3771.15,No
4066-UXOD,Female,0,Yes,No,56,Yes,Yes,DSL,No,No,Yes,No,Yes,Yes,Month-to-month,Yes,Electronic check,73.52,4006.83,No
8385-ELIF,Female,0,No,Yes,57,Yes,No,DSL,No,Yes,No,No,Yes,Yes,One year,No,Bank transfer (automatic),67.15,3405.67,No
6426-YMZO,Male,0,No,No,63,Yes,Yes,DSL,No,No,Yes,Yes,No,No,Month-to-month,Yes,Mailed check,60.66,3996.36,No
2408-KVPN,Male,0,No,No,11,Yes,Yes,DSL,No,Yes,No,No,No,No,Month-to-month,No,Mailed check,55.33,595.67,Yes
1028-LGHI,Female,1,Yes,No,23,Yes,Yes,Fiber optic,Yes,No,No,Yes,Yes,No,Month-to-month,No,Credit card (automatic),94.99,2123.61,Yes
7627-LAXR,Male,0,No,No,8,Yes,No,DSL,No,Yes,No,No,No,No,One year,No,Mailed check,56.03,433.22,No
5579-QCZR,Female,0,No,No,56,Yes,Yes,Fiber optic,No,Yes,No,No,Yes,Yes,One year,No,Electronic check,97.41,5481.46,No
8461-UGDH,Female,0,No,Yes,39,Yes,Yes,Fiber optic,No,Yes,Yes,No,No,No,Month-to-month,Yes,Bank transfer (automatic),86.02,3367.73,No
1220-WSZD,Female,0,No,No,32,Yes,No,Fiber optic,Yes,Yes,No,Yes,No,No,Month-to-month,Yes,Electronic check,87.33,2700.43,No
6282-XPSB,Male,0,No,No,67,Yes,Yes,Fiber optic,No,Yes,No,Yes,No,No,Month-to-month,No,Mailed check,86.61,5796.42,No
7571-JPNI,Female,0,No,No,36,Yes,Yes,DSL,No,Yes,No,No,No,Yes,Month-to-month,No,Credit card (automatic),72.32,2353.83,No
5532-EFQY,Male,1,Yes,No,15,Yes,Yes,Fiber optic,No,Yes,Yes,No,No,Yes,Month-to-month,No,Bank transfer (automatic),101.27,1372.65,Yes
4456-OWLI,Male,1,Yes,Yes,10,Yes,No,DSL,No,No,No,No,No,Yes,Month-to-month,Yes,Bank transfer (automatic),56.81,576.74,No
2692-HYYE,Female,0,No,Yes,25,Yes,Yes,Fiber optic,No,No,No,No,Yes,Yes,Month-to-month,Yes,Bank transfer (automatic),89.04,2194.58,Yes
9541-NRJF,Female,0,No,Yes,64,Yes,No,Fiber optic,No,No,No,No,No,Yes,Two year,No,Bank transfer (automatic),74.34,4609.05,No
8686-ENCK,Male,0,No,No,58,Yes,Yes,Fiber optic,No,No,No,No,No,No,One year,Yes,Bank transfer (automatic),81.84,4754.58,No
9448-QQXH,Female,0,No,Yes,12,Yes,No,DSL,No,No,No,No,No,No,Month-to-month,Yes,Bank transfer (automatic),56.19,615.16,No
1510-ZQIU,Male,0,No,No,4,Yes,No,No,No internet service,No internet service,No internet service,No internet service,No internet service,No internet service,One year,Yes,Electronic check,21.04,78.05,Yes
7206-JGBV,Female,0,Yes,No,23,Yes,No,Fiber optic,No,Yes,Yes,No,Yes,No,One year,Yes,Electronic check,94.74,2065.05,Yes
6435-TEES,Male,0,No,No,61,Yes,Yes,No,No internet service,No internet service,No internet service,No internet service,No internet service,No internet service,Two year,No,Mailed check,32.85,2000.71,No
1035-EKTM,Male,0,No,No,44,Yes,Yes,No,No internet service,No internet service,No internet service,No internet service,No internet service,No internet service,Month-to-month,Yes,Electronic check,26.98,1164.42,No
3855-KHXH,Female,0,Yes,No,56,Yes,Yes,Fiber optic,Yes,No,Yes,No,Yes,No,Month-to-month,Yes,Electronic check,92.19,4872.58,Yes
9084-RMEV,Female,0,Yes,No,25,Yes,Yes,Fiber optic,No,Yes,No,Yes,No,No,One year,No,Electronic check,96.18,2142.53,No
6494-SBSC,Male,0,No,Yes,31,No,No phone service,DSL,No,Yes,No,No,No,No,Month-to-month,No,Mailed check,47.29,1389.41,No
7572-JVQM,Female,0,No,No,17,Yes,Yes,DSL,No,No,No,No,Yes,No,One year,Yes,Mailed check,59.19,997.82,No
2764-CGEF,Male,0,No,No,61,Yes,No,DSL,Yes,Yes,No,No,Yes,No,Month-to-month,Yes,Electronic check,77.92,4571.58,Yes
3080-CBUP,Female,0,No,No,38,Yes,Yes,DSL,No,No,No,No,No,Yes,Two year,Yes,Mailed check,62.88,2420.64,No
3594-INKM,Female,0,Yes,No,40,Yes,No,Fiber optic,Yes,Yes,Yes,Yes,No,No,Two year,No,Bank transfer (automatic),88.39,3628.41,No
1723-UJII,Male,0,Yes,No,35,Yes,No,Fiber optic,Yes,No,Yes,Yes,No,Yes,Two year,Yes,Credit card (automatic),96.03,3334.15,No
9879-XDTY,Male,0,No,Yes,17,Yes,No,No,No internet service,No internet service,No internet service,No internet service,No internet service,No internet service,Month-to-month,No,Bank transfer (automatic),26.91,452.7,No
7865-PFQT,Male,0,Yes,No,54,Yes,Yes,No,No internet service,No internet service,No internet service,No internet service,No internet service,No internet service,One year,No,Credit card (automatic),18.52,887.36,No
7668-QCTA,Female,0,No,Yes,58,Yes,No,No,No internet service,No internet service,No internet service,No internet service,No internet service,No internet service,Two year,Yes,Electronic check,31.41,1751.99,No
3515-WSGN,Female,0,No,Yes,43,Yes,No,Fiber optic,Yes,No,No,No,No,Yes,Two year,No,Electronic check,90.2,3565.82,No
8603-UYVX,Female,0,No,No,44,Yes,Yes,Fiber optic,No,No,Yes,Yes,Yes,No,One year,No,Electronic check,83.8,3818.46,No
4695-WPAO,Male,1,No,No,21,No,No phone service,Fiber optic,Yes,Yes,No,Yes,No,Yes,One year,No,Electronic check,83.12,1604.09,No
2589-GWMZ,Female,1,No,Yes,22,Yes,No,No,No internet service,No internet service,No internet service,No internet service,No internet service,No internet service,Two year,No,Credit card (automatic),28.02,636.34,No
9539-UTQU,Male,0,No,No,9,Yes,No,Fiber optic,Yes,Yes,Yes,Yes,Yes,Yes,Two year,Yes,Credit card (automatic),103.73,853.72,No
2414-DHHC,Female,0,No,No,69,No,No phone service,DSL,Yes,No,Yes,No,Yes,Yes,Month-to-month,Yes,Electronic check,61.55,4104.56,No
3780-JMUH,Female,0,Yes,No,33,Yes,Yes,No,No internet service,No internet service,No internet service,No internet service,No internet service,No internet service,Two year,No,Electronic check,35.6,1187.42,No
2792-JLVB,Female,0,No,Yes,26,Yes,Yes,No,No internet service,No internet service,No internet service,No internet service,No internet service,No internet service,One year,No,Electronic check,26.38,667.66,No
6620-BZAM,Female,0,No,No,46,Yes,No,Fiber optic,Yes,No,No,No,No,Yes,Two year,No,Mailed check,85.68,4397.1,No
6870-PCLI,Male,0,Yes,No,55,No,No phone service,DSL,No,No,Yes,Yes,No,Yes,One year,No,Mailed check,64.99,3497.72,No
8127-DFDD,Male,0,Yes,No,54,Yes,Yes,Fiber optic,Yes,No,Yes,Yes,No,Yes,Month-to-month,Yes,Electronic check,101.15,5565.09,No
7339-ZNIX,Female,0,No,No,44,Yes,Yes,DSL,No,Yes,No,No,No,No,Month-to-month,Yes,Credit card (automatic),55.32,2293.69,No
5035-GAMC,Male,0,Yes,Yes,32,Yes,No,Fiber optic,No,No,Yes,Yes,Yes,Yes,Two year,No,Electronic check,89.37,2734.61,No
1449-GRZX,Male,1,Yes,Yes,40,No,No phone service,DSL,Yes,No,Yes,Yes,Yes,No,Month-to-month,Yes,Mailed check,63.66,2546.5,No
5864-RHAS,Male,0,Yes,No,53,Yes,Yes,DSL,Yes,No,No,Yes,Yes,Yes,Month-to-month,Yes,Bank transfer (automatic),76.34,3869.24,No
3239-OKES,Female,1,Yes,No,61,Yes,No,No,No internet service,No internet service,No internet service,No internet service,No internet service,No internet service,One year,No,Bank transfer (automatic),24.66,1373.02,No
8784-XRCO,Male,0,No,No,14,Yes,Yes,No,No internet service,No internet service,No internet service,No internet service,No internet service,No internet service,Month-to-month,Yes,Credit card (automatic),29.51,402.8,No
8011-NNAI,Male,0,No,No,63,No,No phone service,Fiber optic,No,Yes,No,Yes,Yes,No,One year,No,Credit card (automatic),77.17,4445.96,No
1559-FPGX,Female,0,No,No,38,Yes,Yes,Fiber optic,No,Yes,No,Yes,Yes,Yes,Two year,Yes,Bank transfer (automatic),99.56,3634.11,No
5586-YKNE,Female,1,No,No,54,Yes,No,Fiber optic,No,No,Yes,No,No,Yes,Two year,Yes,Mailed check,84.96,4246.2,No
7981-BFXR,Male,0,Yes,Yes,34,Yes,Yes,DSL,Yes,No,Yes,Yes,No,No,Month-to-month,No,Mailed check,70.21,2212.77,No
3834-VSBP,Male,1,Yes,Yes,40,Yes,No,DSL,Yes,No,Yes,No,Yes,No,Month-to-month,No,Bank transfer (automatic),61.76,2341.82,No
5112-MRET,Male,0,No,No,4,Yes,Yes,DSL,Yes,No,No,No,No,Yes,One year,No,Mailed check,62.9,239.44,No
2729-NCCL,Male,0,No,No,59,Yes,No,No,No internet service,No internet service,No internet service,No internet service,No internet service,No internet service,Month-to-month,No,Mailed check,31.77,1628.6,No
4207-RYIZ,Female,0,No,No,33,Yes,No,Fiber optic,Yes,Yes,No,No,No,No,Two year,Yes,Bank transfer (automatic),80.28,2597.13,No
7012-POGC,Female,0,No,No,11,Yes,Yes,DSL,No,No,No,No,Yes,Yes,Two year,Yes,Bank transfer (automatic),75.76,732.13,No
3812-DUJU,Female,0,Yes,No,29,Yes,Yes,No,No internet service,No internet service,No internet service,No internet service,No internet service,No internet service,Month-to-month,No,Electronic check,30.95,802.82,No
4448-ZQHD,Female,0,Yes,Yes,47,Yes,Yes,DSL,No,No,Yes,No,No,Yes,Two year,No,Mailed check,64.97,2659.82,No
6582-ELCJ,Female,0,No,No,18,Yes,Yes,DSL,Yes,No,No,No,No,Yes,Two year,Yes,Bank transfer (automatic),78.0,1429.79,No
5683-ZKBO,Male,0,No,Yes,29,Yes,Yes,No,No internet service,No internet service,No internet service,No internet service,No internet service,No internet service,Month-to-month,No,Electronic check,32.44,936.67,No
2348-NBAA,Male,0,Yes,No,37,Yes,No,Fiber optic,No,Yes,Yes,No,No,Yes,Two year,No,Mailed check,94.13,3291.41,No
5745-QCSK,Female,0,Yes,No,13,Yes,Yes,DSL,No,Yes,Yes,Yes,Yes,Yes,Month-to-month,Yes,Mailed check,79.6,1040.32,Yes
7681-RRDP,Female,0,Yes,No,39,Yes,No,Fiber optic,No,Yes,No,No,No,No,Two year,No,Bank transfer (automatic),73.98,2800.97,No
9858-SKJZ,Male,0,No,No,42,Yes,No,Fiber optic,Yes,No,Yes,Yes,Yes,No,Two year,No,Electronic check,90.59,3741.09,No
5576-OWQB,Female,1,No,No,48,No,No phone service,DSL,No,Yes,Yes,No,No,No,One year,Yes,Mailed check,57.31,2751.2,No
1157-KZNJ,Male,0,No,No,65,No,No phone service,Fiber optic,No,No,No,Yes,Yes,No,Month-to-month,Yes,Electronic check,73.9,4668.06,Yes
7746-ZKVM,Male,0,Yes,No,23,Yes,No,DSL,Yes,No,No,Yes,No,No,Month-to-month,No,Credit card (automatic),61.29,1366.63,No
3112-VOPE,Male,0,Yes,No,5,No,No phone service,No,No internet service,No internet service,No internet service,No internet service,No internet service,No internet service,Month-to-month,Yes,Mailed check,19.03,94.04,No
1208-XZXB,Male,0,No,No,24,No,No phone service,Fiber optic,No,Yes,Yes,Yes,No,No,Month-to-month,Yes,Electronic check,79.96,1855.6,Yes
3179-KQVV,Male,0,Yes,Yes,39,Yes,No,Fiber optic,No,No,No,No,No,No,One year,No,Electronic check,70.85,2487.72,No
8331-NDJN,Female,0,No,Yes,13,Yes,Yes,Fiber optic,No,No,Yes,No,Yes,No,One year,No,Electronic check,91.92,1145.2,Yes
6035-RZVQ,Female,0,Yes,No,20,Yes,No,No,No internet service,No internet service,No internet service,No internet service,No internet service,No internet service,Two year,Yes,Credit card (automatic),27.15,548.4,No
2679-OCUR,Female,0,No,Yes,22,Yes,Yes,DSL,No,Yes,Yes,Yes,No,Yes,One year,No,Electronic check,81.65,1726.22,No
4010-ZLCY,Female,0,Yes,Yes,31,Yes,No,No,No internet service,No internet service,No internet service,No internet service,No internet service,No internet service,Two year,Yes,Electronic check,24.47,771.18,No
3025-BQXR,Male,0,Yes,No,27,Yes,Yes,Fiber optic,Yes,Yes,No,No,No,Yes,One year,No,Credit card (automatic),93.45,2354.96,No
6491-AIFB,Male,0,No,No,55,Yes,Yes,DSL,No,No,No,No,Yes,Yes,Two year,Yes,Bank transfer (automatic),67.92,3758.22,No
2700-FHGC,Female,0,Yes,No,20,Yes,No,Fiber optic,No,No,Yes,Yes,Yes,No,Month-to-month,Yes,Electronic check,84.34,1575.38,Yes
8434-PLIH,Female,0,No,Yes,49,Yes,Yes,DSL,No,No,No,Yes,No,Yes,One year,No,Credit card (automatic),65.4,3046.72,No
9873-OMBH,Female,0,No,No,20,Yes,No,DSL,Yes,Yes,No,No,Yes,No,One year,Yes,Mailed check,65.44,1287.49,No
8514-DHYD,Female,0,Yes,Yes,29,Yes,Yes,DSL,Yes,Yes,Yes,Yes,No,No,Two year,Yes,Credit card (automatic),79.41,2065.87,No
1641-YBHD,Male,0,No,No,28,Yes,Yes,DSL,No,Yes,No,Yes,Yes,Yes,Two year,Yes,Mailed check,79.87,2135.32,No
6316-GDGO,Male,0,Yes,No,59,Yes,Yes,DSL,Yes,Yes,No,No,Yes,No,Month-to-month,Yes,Mailed check,74.84,4330.02,No
3109-WPUL,Male,0,Yes,No,54,Yes,Yes,Fiber optic,Yes,Yes,No,No,No,No,One year,No,Bank transfer (automatic),86.41,4728.83,No
8517-YWSV,Female,0,Yes,No,61,Yes,No,Fiber optic,Yes,No,No,No,No,No,Two year,No,Credit card (automatic),81.8,4829.24,No
8212-LHQK,Male,1,Yes,No,27,Yes,Yes,Fiber optic,Yes,Yes,Yes,No,No,No,Month-to-month,No,Electronic check,91.83,2390.83,Yes
2900-DSAK,Female,0,No,Yes,64,Yes,No,DSL,No,No,No,Yes,No,No,Month-to-month,Yes,Credit card (automatic),53.68,3281.12,Yes
3581-JMKC,Female,0,No,No,54,Yes,No,No,No internet service,No internet service,No internet service,No internet service,No internet service,No internet service,One year,Yes,Mailed check,26.15,1287.08,No
5910-KVPR,Female,0,Yes,No,42,Yes,Yes,DSL,Yes,No,Yes,No,Yes,No,Month-to-month,No,Electronic check,70.09,3070.01,No
6709-NCFE,Male,0,Yes,No,21,Yes,Yes,No,No internet service,No internet service,No internet service,No internet service,No internet service,No internet service,Month-to-month,No,Credit card (automatic),30.69,658.08,No
4322-JLYN,Female,0,No,No,46,Yes,Yes,DSL,Yes,No,No,Yes,No,Yes,One year,No,Mailed check,73.79,3305.36,No
6993-SXSX,Male,0,No,Yes,60,No,No phone service,Fiber optic,No,No,No,No,No,No,Month-to-month,No,Bank transfer (automatic),74.18,4032.16,No
3672-LNUK,Male,1,No,No,23,Yes,Yes,Fiber optic,Yes,Yes,No,No,No,No,Month-to-month,No,Electronic check,87.36,2131.12,Yes
3120-PDML,Male,1,No,Yes,15,Yes,No,DSL,No,No,Yes,No,No,Yes,Two year,No,Electronic check,65.9,933.01,Yes
1726-CMZD,Male,1,Yes,No,30,Yes,Yes,Fiber optic,No,No,No,Yes,Yes,Yes,Two year,No,Electronic check,99.59,2800.06,No
1815-EMAF,Male,0,No,No,31,Yes,Yes,DSL,Yes,No,Yes,Yes,Yes,No,Two year,Yes,Mailed check,71.38,2289.43,No
3925-KUAG,Female,0,No,No,29,Yes,No,No,No internet service,No internet service,No internet service,No internet service,No internet service,No internet service,Month-to-month,No,Mailed check,30.72,920.31,No
8604-WUYA,Female,0,Yes,No,15,Yes,No,No,No internet service,No internet service,No internet service,No internet service,No internet service,No internet service,One year,Yes,Credit card (automatic),30.31,438.39,No
3031-QHMG,Female,0,Yes,Yes,39,Yes,Yes,DSL,Yes,No,No,No,No,Yes,One year,Yes,Mailed check,66.6,2417.67,No
8231-RRHS,Male,0,No,No,35,Yes,No,Fiber optic,Yes,No,Yes,Yes,No,Yes,One year,Yes,Mailed check,91.74,3122.83,No
2385-BRIN,Female,0,Yes,Yes,17,Yes,No,DSL,No,No,No,Yes,No,Yes,Month-to-month,No,Credit card (automatic),63.93,1060.73,No
7288-NOED,Female,0,Yes,Yes,54,Yes,Yes,DSL,Yes,No,Yes,No,No,Yes,Two year,Yes,Mailed check,73.86,3711.3,No
9086-IJCX,Male,0,No,No,44,No,No phone service,Fiber optic,No,Yes,No,No,No,Yes,Two year,Yes,Bank transfer (automatic),76.08,3166.93,No
3946-TTTJ,Male,0,No,Yes,64,Yes,No,Fiber optic,Yes,Yes,No,No,No,No,Month-to-month,No,Bank transfer (automatic),81.1,4793.2,No
3031-NKON,Female,0,No,Yes,58,Yes,No,Fiber optic,Yes,No,Yes,No,Yes,No,Month-to-month,No,Credit card (automatic),87.01,4659.11,No
4415-PLZE,Male,0,Yes,No,7,Yes,No,Fiber optic,No,Yes,No,No,Yes,No,Two year,Yes,Mailed check,88.94,603.53,No
7496-TUFQ,Male,0,Yes,No,3,No,No phone service,No,No internet service,No internet service,No internet service,No internet service,No internet service,No internet service,Month-to-month,No,Mailed check,18.0,51.21,No
4942-XOXC,Female,0,No,Yes,18,Yes,No,Fiber optic,No,Yes,No,No,Yes,Yes,Month-to-month,Yes,Mailed check,87.17,1398.43,Yes
5114-KIWH,Male,1,No,No,67,Yes,No,No,No internet service,No internet service,No internet service,No internet service,No internet service,No internet service,Two year,Yes,Mailed check,24.3,1546.09,No
6571-FNIP,Male,0,Yes,Yes,22,Yes,Yes,DSL,Yes,No,Yes,Yes,Yes,No,One year,Yes,Bank transfer (automatic),76.98,1615.57,No
4682-FIIE,Female,1,No,No,5,Yes,No,No,No internet service,No internet service,No internet service,No internet service,No internet service,No internet service,Month-to-month,No,Bank transfer (automatic),26.47,123.03,No
4561-OLVT,Female,0,Yes,No,36,Yes,No,DSL,Yes,Yes,Yes,Yes,No,No,Two year,Yes,Electronic check,72.92,2579.83,No
7544-OKJC,Female,0,No,No,1,No,No phone service,Fiber optic,Yes,Yes,Yes,Yes,Yes,Yes,Month-to-month,Yes,Electronic check,96.07,93.42,Yes
1447-QPJY,Female,0,Yes,No,47,Yes,No,DSL,No,No,Yes,No,No,Yes,One year,No,Bank transfer (automatic),68.13,3100.93,No
7270-UUTS,Male,0,Yes,Yes,11,Yes,No,Fiber optic,Yes,Yes,Yes,Yes,No,Yes,One year,No,Electronic check,99.23,1075.94,No
7406-SHBG,Female,0,Yes,No,10,Yes,No,DSL,No,Yes,No,No,No,Yes,Two year,No,Mailed check,67.57,637.35,No
5914-GTHF,Male,0,Yes,No,70,Yes,Yes,Fiber optic,No,No,No,Yes,Yes,No,Two year,No,Credit card (automatic),86.96,6134.5,No
9700-YVFH,Male,0,No,Yes,24,Yes,Yes,Fiber optic,Yes,No,Yes,No,Yes,Yes,Month-to-month,Yes,Electronic check,97.84,2173.74,Yes
1526-QTFB,Male,0,No,No,59,Yes,Yes,DSL,No,Yes,Yes,No,Yes,No,Month-to-month,No,Credit card (automatic),74.81,4267.91,No
1297-RHBI,Male,0,Yes,Yes,71,Yes,No,DSL,Yes,No,Yes,Yes,Yes,Yes,Two year,Yes,Electronic check,77.19,4881.29,No
6570-XYIF,Male,0,No,Yes,28,Yes,Yes,Fiber optic,No,Yes,Yes,No,No,No,Two year,Yes,Mailed check,84.55,2368.08,No
6934-GJHZ,Male,0,Yes,No,8,Yes,No,Fiber optic,No,No,No,Yes,No,No,Month-to-month,Yes,Credit card (automatic),82.73,677.33,Yes
2907-RQTF,Male,0,No,No,10,Yes,No,Fiber optic,Yes,Yes,Yes,No,No,Yes,Two year,Yes,Credit card (automatic),92.89,937.85,No
2453-IHGM,Male,0,No,Yes,32,Yes,Yes,DSL,No,Yes,No,Yes,No,No,Month-to-month,No,Electronic check,62.89,1980.93,Yes
4243-RXJS,Female,0,Yes,Yes,63,Yes,No,DSL,No,Yes,No,No,No,Yes,Month-to-month,Yes,Bank transfer (automatic),55.36,3336.6,No
2588-LNYX,Male,0,No,Yes,47,Yes,Yes,DSL,No,No,No,No,Yes,No,One year,Yes,Electronic check,69.59,3098.05,No
2042-JZKB,Male,1,No,No,28,Yes,No,No,No internet service,No internet service,No internet service,No internet service,No internet service,No internet service,Month-to-month,Yes,Credit card (automatic),30.1,816.03,Yes
4979-OAJR,Male,1,No,No,56,Yes,Yes,Fiber optic,No,Yes,No,Yes,Yes,No,Month-to-month,No,Credit card (automatic),89.73,4966.53,No
8150-WHXO,Female,0,Yes,Yes,18,Yes,Yes,DSL,No,Yes,Yes,No,Yes,Yes,Month-to-month,Yes,Mailed check,85.9,1449.15,No
8062-OECE,Female,1,Yes,No,49,Yes,Yes,DSL,No,No,No,No,Yes,No,Month-to-month,No,Mailed check,64.17,2860.46,No
4399-HEPM,Female,0,No,No,41,Yes,No,No,No internet service,No internet service,No internet service,No internet service,No internet service,No internet service,Month-to-month,Yes,Bank transfer (automatic),22.59,905.55,Yes
5693-TLRL,Female,0,Yes,No,46,No,No phone service,DSL,No,No,No,No,Yes,No,Month-to-month,Yes,Electronic check,49.86,2191.0,Yes
2867-RBWI,Female,0,No,No,27,Yes,Yes,No,No internet service,No internet service,No internet service,No internet service,No internet service,No internet service,One year,Yes,Bank transfer (automatic),35.16,996.78,No
9347-PBAW,Male,0,No,No,28,Yes,No,DSL,Yes,No,Yes,No,Yes,No,Month-to-month,No,Credit card (automatic),64.47,1695.09,No
1857-FQGO,Male,0,Yes,No,42,Yes,Yes,DSL,No,No,Yes,Yes,No,No,One year,Yes,Bank transfer (automatic),67.05,2596.5,No
5379-DRFW,Male,0,Yes,Yes,52,Yes,No,Fiber optic,Yes,No,Yes,No,No,Yes,Month-to-month,No,Mailed check,86.51,4249.11,No
6522-DHNF,Male,0,No,No,62,Yes,Yes,Fiber optic,No,No,Yes,No,No,Yes,One year,Yes,Mailed check,93.76,5567.77,No
3167-GQXM,Female,0,Yes,No,53,No,No phone service,Fiber optic,Yes,No,No,No,Yes,No,Two year,Yes,Electronic check,82.36,4338.23,No
4991-VGNP,Female,0,No,No,30,Yes,Yes,DSL,Yes,No,Yes,Yes,No,Yes,One year,No,Credit card (automatic),77.62,2198.08,Yes
3708-XEZA,Female,0,No,No,13,Yes,Yes,No,No internet service,No internet service,No internet service,No internet service,No internet service,No internet service,Month-to-month,No,Mailed check,31.85,412.84,No
3190-VWJG,Male,0,No,Yes,27,Yes,No,Fiber optic,No,No,Yes,Yes,No,Yes,Month-to-month,No,Electronic check,90.0,2400.62,Yes
5713-SFDQ,Male,1,No,Yes,43,Yes,Yes,DSL,No,Yes,Yes,No,No,Yes,Month-to-month,No,Mailed check,75.21,3025.97,No
4508-MWMH,Male,0,No,No,39,Yes,Yes,DSL,No,Yes,No,No,No,No,Month-to-month,Yes,Bank transfer (automatic),60.06,2297.22,Yes
9897-YXLV,Female,0,Yes,No,53,Yes,Yes,No,No internet service,No internet service,No internet service,No internet service,No internet service,No internet service,Month-to-month,Yes,Electronic check,30.58,1673.99,No
5646-LJLU,Female,0,No,Yes,9,Yes,Yes,Fiber optic,No,No,Yes,No,Yes,No,Month-to-month,Yes,Credit card (automatic),85.39,714.14,Yes
3225-SUDB,Female,0,Yes,No,9,Yes,No,No,No internet service,No internet service,No internet service,No internet service,No internet service,No internet service,Month-to-month,Yes,Mailed check,28.36,259.39,No
2885-NKUZ,Female,0,Yes,No,39,Yes,Yes,DSL,Yes,No,No,Yes,No,Yes,Month-to-month,Yes,Mailed check,80.23,2890.84,No
8669-NJWC,Female,0,No,No,49,Yes,No,No,No internet service,No internet service,No internet service,No internet service,No internet service,No internet service,One year,Yes,Electronic check,31.49,1425.35,No
1004-LNMF,Male,0,No,No,34,No,No phone service,Fiber optic,Yes,No,No,Yes,Yes,No,Two year,Yes,Electronic check,78.8,2430.47,Yes
9239-GNEL,Female,0,Yes,No,50,Yes,Yes,No,No internet service,No internet service,No internet service,No internet service,No internet service,No internet service,One year,Yes,Credit card (automatic),34.72,1656.31,No
4755-ESVM,Female,0,No,No,7,Yes,Yes,No,No internet service,No internet service,No internet service,No internet service,No internet service,No internet service,Month-to-month,Yes,Electronic check,25.05,160.46,Yes
2856-WCKA,Male,0,Yes,No,62,No,No phone service,Fiber optic,Yes,No,Yes,Yes,Yes,Yes,Month-to-month,No,Electronic check,94.09,5855.32,No
4637-GEWI,Male,0,Yes,No,34,Yes,No,DSL,Yes,Yes,No,No,Yes,No,Month-to-month,No,Electronic check,64.99,2162.84,No
3157-KANA,Male,0,No,No,8,Yes,Yes,DSL,No,No,No,Yes,Yes,Yes,Month-to-month,Yes,Credit card (automatic),65.92,507.7,Yes
8568-AKPY,Male,1,No,No,39,Yes,Yes,Fiber optic,No,No,No,Yes,No,No,One year,Yes,Electronic check,81.72,3148.63,Yes
3141-ZDZV,Male,0,No,No,61,Yes,No,Fiber optic,No,No,No,Yes,No,No,Two year,Yes,Credit card (automatic),71.71,4120.35,No
4923-RGVV,Male,1,No,No,1,Yes,No,Fiber optic,No,No,Yes,Yes,Yes,No,Month-to-month,No,Bank transfer (automatic),87.43,82.09,No
8214-YIGK,Female,0,No,No,32,Yes,Yes,DSL,No,Yes,No,No,No,No,Two year,Yes,Bank transfer (automatic),57.41,1938.95,No
7002-ODLN,Male,1,Yes,No,63,Yes,Yes,No,No internet service,No internet service,No internet service,No internet service,No internet service,No internet service,Two year,No,Bank transfer (automatic),24.92,1518.39,No
2779-KDUX,Female,0,Yes,No,55,Yes,No,Fiber optic,Yes,No,Yes,No,No,No,One year,Yes,Bank transfer (automatic),79.43,4211.78,No
3841-HUIK,Female,0,Yes,No,13,Yes,Yes,No,No internet service,No internet service,No internet service,No internet service,No internet service,No internet service,Month-to-month,No,Mailed check,38.12,452.72,Yes
9237-SMZO,Male,0,No,Yes,7,Yes,No,Fiber optic,No,No,No,No,No,No,One year,No,Mailed check,70.44,458.02,Yes
9937-WTJV,Female,0,No,No,63,Yes,No,Fiber optic,No,Yes,No,No,No,No,Month-to-month,Yes,Bank transfer (automatic),81.55,4716.6,No
3364-BUHJ,Male,0,Yes,No,14,Yes,No,DSL,No,No,Yes,No,Yes,Yes,Month-to-month,Yes,Electronic check,62.35,810.14,No
3367-UJCT,Male,0,No,No,9,No,No phone service,DSL,Yes,Yes,No,No,Yes,No,Month-to-month,No,Electronic check,49.65,434.02,No
8180-VOPY,Female,1,No,No,36,Yes,Yes,DSL,No,Yes,Yes,No,Yes,Yes,One year,No,Credit card (automatic),82.77,2834.21,No
8505-YUIV,Female,0,No,No,29,Yes,Yes,DSL,No,No,Yes,No,Yes,Yes,Month-to-month,Yes,Electronic check,73.16,2165.78,No
2175-RDDA,Male,0,Yes,No,48,Yes,Yes,No,No internet service,No internet service,No internet service,No internet service,No internet service,No internet service,One year,Yes,Electronic check,31.38,1489.13,No
9819-YBHK,Female,0,No,No,35,No,No phone service,DSL,No,No,Yes,Yes,Yes,No,One year,No,Bank transfer (automatic),59.69,2084.56,Yes
9800-FXQP,Male,0,Yes,No,44,Yes,Yes,Fiber optic,No,Yes,Yes,No,No,Yes,Month-to-month,Yes,Credit card (automatic),90.18,3817.1,Yes
1706-BAHF,Male,0,Yes,Yes,64,Yes,No,DSL,Yes,No,No,Yes,No,No,Two year,No,Credit card (automatic),66.33,4049.25,No
4130-EJAC,Female,1,Yes,Yes,47,Yes,Yes,No,No internet service,No internet service,No internet service,No internet service,No internet service,No internet service,Month-to-month,No,Mailed check,29.35,1235.62,No
5807-LVOZ,Female,0,Yes,No,42,Yes,No,Fiber optic,Yes,No,Yes,No,No,Yes,Month-to-month,Yes,Electronic check,90.67,3568.07,Yes
8729-MILI,Female,1,No,Yes,22,No,No phone service,DSL,Yes,No,No,No,No,Yes,Month-to-month,No,Mailed check,51.54,1056.39,No
6116-TLWF,Male,0,Yes,No,19,Yes,No,Fiber optic,Yes,Yes,Yes,No,No,No,Month-to-month,Yes,Electronic check,85.52,1566.39,Yes
3785-RBUD,Female,0,No,No,12,Yes,Yes,Fiber optic,Yes,Yes,No,Yes,Yes,No,Two year,Yes,Mailed check,99.4,1160.76,No
6249-PKTF,Male,1,No,No,30,Yes,Yes,DSL,Yes,Yes,Yes,No,No,Yes,Month-to-month,No,Credit card (automatic),74.25,2319.36,No
3762-IBHP,Male,0,No,Yes,51,Yes,No,Fiber optic,Yes,No,Yes,No,Yes,No,Two year,Yes,Bank transfer (automatic),88.78,4551.12,No
4441-HLSU,Female,0,No,No,34,Yes,No,DSL,No,Yes,No,No,Yes,No,Month-to-month,Yes,Bank transfer (automatic),55.65,1749.86,No
7490-YQCP,Male,0,Yes,No,43,Yes,Yes,Fiber optic,Yes,Yes,Yes,Yes,No,No,Month-to-month,No,Bank transfer (automatic),96.0,3940.06,Yes
6902-PXCS,Female,0,No,No,57,Yes,No,Fiber optic,Yes,No,Yes,Yes,Yes,No,Month-to-month,Yes,Electronic check,95.32,5386.03,No
5977-EIAE,Female,0,Yes,Yes,42,Yes,Yes,No,No internet service,No internet service,No internet service,No internet service,No internet service,No internet service,One year,No,Mailed check,31.55,1265.1,No
1797-JDWQ,Female,0,Yes,No,19,Yes,Yes,Fiber optic,Yes,No,No,Yes,No,Yes,Month-to-month,No,Mailed check,94.7,1691.79,Yes
8062-ZLZH,Male,0,Yes,No,58,Yes,Yes,DSL,Yes,No,Yes,No,Yes,Yes,One year,Yes,Mailed check,79.29,4517.79,No
9664-XSKG,Female,0,No,Yes,17,Yes,No,DSL,No,Yes,Yes,No,No,Yes,Month-to-month,No,Electronic check,66.7,1034.3,No
2646-TVSJ,Male,0,No,Yes,19,Yes,Yes,DSL,Yes,Yes,Yes,Yes,Yes,No,One year,No,Electronic check,82.99,1485.12,No
7754-QZFT,Female,0,No,Yes,38,Yes,No,DSL,No,Yes,No,Yes,No,Yes,Two year,No,Credit card (automatic),69.13,2445.25,No
4685-WEZU,Female,1,No,No,42,Yes,No,No,No internet service,No internet service,No internet service,No internet service,No internet service,No internet service,Month-to-month,Yes,Bank transfer (automatic),20.56,807.83,No
9704-GNZI,Male,0,Yes,No,67,Yes,Yes,Fiber optic,No,No,No,No,Yes,Yes,Month-to-month,Yes,Credit card (automatic),90.25,5620.47,No
2201-ARML,Female,0,No,No,10,Yes,No,DSL,No,Yes,No,Yes,Yes,Yes,Two year,No,Electronic check,71.0,663.76,Yes
1158-JMBG,Female,0,Yes,No,15,Yes,No,No,No internet service,No internet service,No internet service,No internet service,No internet service,No internet service,Month-to-month,Yes,Bank transfer (automatic),25.07,353.51,No
6787-CZNR,Female,0,Yes,No,23,Yes,Yes,No,No internet service,No internet service,No internet service,No internet service,No internet service,No internet service,One year,No,Electronic check,31.45,709.75,No
5443-TYAB,Female,0,Yes,No,17,Yes,No,Fiber optic,Yes,No,No,No,No,Yes,Two year,No,Mailed check,86.82,1421.47,No
5527-PNRQ,Female,0,No,No,39,Yes,Yes,DSL,No,Yes,No,Yes,Yes,Yes,Two year,Yes,Mailed check,80.93,3024.28,No
4926-AVHD,Male,0,No,Yes,23,Yes,Yes,Fiber optic,Yes,No,No,No,No,Yes,Two year,Yes,Credit card (automatic),90.48,1948.4,Yes
2472-RCEC,Female,0,No,No,23,Yes,Yes,Fiber optic,Yes,Yes,No,No,Yes,No,Month-to-month,Yes,Mailed check,92.37,2037.79,Yes
8720-VIGR,Female,1,Yes,No,65,Yes,Yes,DSL,No,Yes,No,No,No,Yes,Month-to-month,Yes,Credit card (automatic),61.83,3537.07,No
1524-POEZ,Male,0,No,No,58,Yes,Yes,Fiber optic,No,No,No,Yes,Yes,Yes,One year,Yes,Credit card (automatic),94.25,5489.82,No
7312-NYBV,Female,1,Yes,No,56,Yes,No,Fiber optic,Yes,No,No,No,No,Yes,Month-to-month,No,Mailed check,89.77,4965.34,Yes
8916-PXVR,Male,1,Yes,Yes,8,Yes,No,Fiber optic,Yes,No,No,Yes,No,Yes,One year,Yes,Bank transfer (automatic),86.42,677.49,Yes
7292-RSUS,Female,0,No,Yes,47,Yes,No,Fiber optic,Yes,No,No,No,Yes,Yes,Two year,No,Mailed check,91.3,4075.32,No
2728-BZSF,Female,0,No,No,34,Yes,No,No,No internet service,No internet service,No internet service,No internet service,No internet service,No internet service,One year,Yes,Bank transfer (automatic),36.8,1251.59,No
5930-UANZ,Female,1,No,No,58,Yes,No,DSL,Yes,Yes,No,No,No,No,One year,Yes,Mailed check,51.09,2793.86,No
3437-CRGQ,Female,1,Yes,Yes,57,Yes,No,Fiber optic,No,Yes,No,No,No,Yes,One year,Yes,Electronic check,83.67,4555.95,Yes
7912-EZQY,Female,0,No,Yes,32,Yes,Yes,No,No internet service,No internet service,No internet service,No internet service,No internet service,No internet service,Two year,Yes,Mailed check,28.92,906.82,No
5184-NNDO,Female,0,Yes,No,18,Yes,Yes,Fiber optic,No,Yes,No,No,No,No,One year,Yes,Bank transfer (automatic),81.02,1423.06,Yes
4186-ZKMP,Male,0,No,Yes,20,Yes,Yes,Fiber optic,No,Yes,No,Yes,No,No,Month-to-month,Yes,Electronic check,87.82,1649.89,Yes
5024-RNWH,Male,0,No,No,46,Yes,Yes,DSL,No,Yes,Yes,No,Yes,Yes,Month-to-month,Yes,Credit card (automatic),78.05,3676.59,No
4372-QLDD,Female,0,Yes,Yes,15,Yes,No,DSL,No,No,Yes,Yes,No,No,Two year,Yes,Bank transfer (automatic),55.93,814.91,No
9453-WGDT,Female,1,No,No,25,Yes,Yes,No,No internet service,No internet service,No internet service,No internet service,No internet service,No internet service,Two year,Yes,Mailed check,28.53,679.14,Yes
9975-OBGA,Male,0,Yes,Yes,43,Yes,No,No,No internet service,No internet service,No internet service,No internet service,No internet service,No internet service,Two year,No,Credit card (automatic),25.22,1063.03,No
5752-PYPF,Female,1,No,No,45,Yes,Yes,DSL,No,Yes,Yes,No,No,Yes,One year,Yes,Electronic check,67.46,2761.66,Yes
2001-MTTW,Female,0,Yes,No,65,Yes,No,DSL,No,Yes,Yes,No,No,Yes,One year,Yes,Mailed check,71.51,4437.78,No
8757-IJUN,Female,0,Yes,No,5,Yes,No,Fiber optic,No,No,Yes,No,No,Yes,One year,Yes,Electronic check,83.23,419.59,Yes
7709-QPMX,Female,0,Yes,No,49,Yes,No,Fiber optic,Yes,No,No,Yes,Yes,Yes,One year,No,Bank transfer (automatic),94.3,4590.07,Yes
6149-PQGQ,Female,0,No,No,18,Yes,No,Fiber optic,No,No,No,No,Yes,No,Two year,No,Electronic check,80.6,1473.9,No
8674-VYAV,Female,1,No,No,46,Yes,No,No,No internet service,No internet service,No internet service,No internet service,No internet service,No internet service,Month-to-month,No,Credit card (automatic),20.8,881.01,No
7319-BFTP,Female,0,No,No,70,Yes,No,No,No internet service,No internet service,No internet service,No internet service,No internet service,No internet service,Month-to-month,No,Electronic check,32.6,2305.83,No
4437-GHFR,Female,0,No,Yes,43,Yes,Yes,Fiber optic,Yes,Yes,Yes,Yes,No,No,Month-to-month,No,Credit card (automatic),100.01,3968.55,No
5709-OTCN,Male,0,Yes,No,43,Yes,Yes,Fiber optic,No,No,No,No,No,Yes,Two year,Yes,Electronic check,84.62,3723.77,No
8652-YTQK,Male,0,Yes,No,56,Yes,No,Fiber optic,No,No,Yes,No,No,No,Two year,Yes,Electronic check,75.17,3904.41,No
3878-RPTB,Female,0,No,No,67,No,No phone service,Fiber optic,Yes,No,Yes,Yes,No,Yes,Two year,No,Bank transfer (automatic),89.59,5744.36,No
9077-MHMC,Male,0,Yes,No,68,Yes,No,DSL,No,Yes,Yes,No,Yes,No,Month-to-month,Yes,Bank transfer (automatic),64.25,4166.26,No
5419-OVMR,Female,0,Yes,No,34,Yes,Yes,Fiber optic,No,Yes,No,No,Yes,No,One year,No,Mailed check,88.62,3028.31,No
2884-PYDG,Female,1,Yes,Yes,8,Yes,Yes,DSL,No,Yes,No,Yes,No,No,Two year,No,Credit card (automatic),58.88,463.54,No
1419-WCUW,Male,0,No,No,12,Yes,No,Fiber optic,Yes,Yes,Yes,No,No,No,Two year,Yes,Electronic check,84.59,1016.48,No
8730-GSOY,Female,0,Yes,No,33,Yes,No,Fiber optic,No,No,No,No,No,No,Two year,No,Credit card (automatic),73.44,2375.94,No
8062-NJCT,Male,1,No,No,1,Yes,No,Fiber optic,No,Yes,No,Yes,No,No,One year,Yes,Mailed check,83.32,79.23,No
5124-JXHJ,Male,1,Yes,No,36,Yes,No,No,No internet service,No internet service,No internet service,No internet service,No internet service,No internet service,Month-to-month,No,Bank transfer (automatic),21.31,768.91,No
1815-SPPF,Male,0,Yes,No,41,Yes,Yes,Fiber optic,No,No,Yes,No,Yes,Yes,Two year,No,Electronic check,91.05,3464.78,No
2433-LGHG,Male,1,No,Yes,64,Yes,No,Fiber optic,No,Yes,No,Yes,Yes,No,Month-to-month,No,Electronic check,86.64,5480.69,Yes
5518-ZSNZ,Male,0,Yes,No,48,Yes,No,Fiber optic,No,No,Yes,Yes,No,Yes,Month-to-month,No,Electronic check,87.53,4045.31,No
6301-YQYP,Female,1,Yes,No,2,Yes,No,Fiber optic,No,No,No,No,Yes,Yes,Month-to-month,Yes,Bank transfer (automatic),81.1,163.37,Yes
3563-UUKO,Female,0,Yes,No,21,Yes,Yes,Fiber optic,Yes,No,No,Yes,Yes,Yes,Two year,Yes,Electronic check,101.16,2103.61,No
2819-VTSS,Female,0,Yes,No,14,Yes,Yes,DSL,Yes,Yes,Yes,No,No,No,Month-to-month,Yes,Bank transfer (automatic),71.19,1004.08,No
9025-TVBS,Female,0,No,No,14,Yes,No,DSL,No,No,No,Yes,No,Yes,Month-to-month,Yes,Electronic check,62.43,859.31,No
6937-OUXZ,Male,0,No,No,3,Yes,No,DSL,No,No,No,No,Yes,No,Month-to-month,Yes,Electronic check,61.9,176.26,Yes
3453-TCHQ,Female,0,No,No,56,Yes,No,Fiber optic,Yes,Yes,No,No,No,No,Two year,No,Electronic check,82.38,4241.9,No
5386-ODHV,Male,0,No,Yes,50,Yes,No,Fiber optic,Yes,No,No,No,Yes,No,Two year,No,Mailed check,88.81,4340.43,No
3607-MXQD,Male,1,Yes,No,37,Yes,Yes,DSL,No,Yes,No,Yes,No,Yes,One year,Yes,Bank transfer (automatic),78.57,2858.37,No
8459-IDWP,Female,0,Yes,No,26,Yes,Yes,DSL,No,No,Yes,Yes,Yes,Yes,Month-to-month,No,Mailed check,79.06,1944.26,Yes
8593-WGOC,Female,1,No,No,70,Yes,No,No,No internet service,No internet service,No internet service,No internet service,No internet service,No internet service,Two year,Yes,Bank transfer (automatic),27.2,1760.8,No
2980-GHZV,Female,0,Yes,No,35,Yes,No,Fiber optic,Yes,No,Yes,No,No,Yes,Month-to-month,Yes,Electronic check,83.53,2890.77,No
2207-LIUU,Female,0,Yes,No,6,Yes,Yes,No,No internet service,No internet service,No internet service,No internet service,No internet service,No internet service,One year,No,Electronic check,36.89,200.94,No
3925-UYFL,Female,0,No,No,48,Yes,Yes,No,No internet service,No internet service,No internet service,No internet service,No internet service,No internet service,Two year,Yes,Bank transfer (automatic),29.4,1364.5,No
8849-KNTT,Male,0,Yes,No,50,Yes,Yes,No,No internet service,No internet service,No internet service,No internet service,No internet service,No internet service,Two year,No,Bank transfer (automatic),30.1,1573.18,No
3615-OERL,Male,0,No,Yes,25,No,No phone service,No,No internet service,No internet service,No internet service,No internet service,No internet service,No internet service,Month-to-month,No,Mailed check,27.86,645.76,No
3688-UMTM,Male,0,No,Yes,53,Yes,Yes,No,No internet service,No internet service,No internet service,No internet service,No internet service,No internet service,Month-to-month,No,Mailed check,30.84,1482.78,No
8211-EQYY,Female,1,Yes,Yes,58,Yes,No,Fiber optic,Yes,No,Yes,No,No,No,Month-to-month,Yes,Bank transfer (automatic),83.31,4669.43,Yes
5735-HHNC,Male,1,No,No,18,Yes,Yes,No,No internet service,No internet service,No internet service,No internet service,No internet service,No internet service,Month-to-month,Yes,Electronic check,31.11,538.53,Yes
9285-YHVX,Female,0,Yes,No,69,Yes,Yes,No,No internet service,No internet service,No internet service,No internet service,No internet service,No internet service,Two year,Yes,Electronic check,37.35,2637.82,No
4174-RIBW,Female,0,Yes,No,36,Yes,No,DSL,No,No,Yes,No,No,No,Month-to-month,No,Electronic check,58.59,1961.78,No
2389-ZTQY,Female,0,No,No,47,Yes,Yes,No,No internet service,No internet service,No internet service,No internet service,No internet service,No internet service,One year,Yes,Electronic check,29.51,1227.84,No
4396-INIL,Male,0,No,Yes,8,Yes,No,No,No internet service,No internet service,No internet service,No internet service,No internet service,No internet service,Month-to-month,Yes,Bank transfer (automatic),26.5,190.37,No
6767-DEAF,Female,1,No,No,49,Yes,No,No,No internet service,No internet service,No internet service,No internet service,No internet service,No internet service,Two year,No,Credit card (automatic),21.21,927.03,No
4372-QJHM,Female,1,No,Yes,68,No,No phone service,Fiber optic,No,No,No,No,Yes,Yes,Month-to-month,Yes,Electronic check,79.25,5245.91,No
8329-POKO,Female,0,No,Yes,65,Yes,No,Fiber optic,Yes,Yes,Yes,Yes,No,No,Month-to-month,Yes,Electronic check,93.2,5743.93,No
3936-UAHV,Female,0,Yes,No,51,Yes,Yes,DSL,Yes,Yes,Yes,No,Yes,Yes,Month-to-month,Yes,Electronic check,84.12,4204.63,No
4972-FOVJ,Female,1,No,No,2,Yes,No,DSL,Yes,No,No,Yes,Yes,No,One year,No,Mailed check,65.93,122.11,No
7204-EZXH,Female,0,No,No,42,Yes,Yes,Fiber optic,Yes,Yes,Yes,No,Yes,No,Two year,No,Electronic check,102.04,4048.01,No
3679-OIBG,Male,0,Yes,No,18,Yes,No,DSL,Yes,Yes,Yes,No,Yes,No,Two year,No,Mailed check,73.66,1267.27,No
7791-ZNCL,Female,0,No,No,20,Yes,No,Fiber optic,Yes,Yes,No,No,Yes,No,Month-to-month,No,Credit card (automatic),84.44,1726.54,Yes
3646-MGFH,Male,0,No,No,32,Yes,Yes,DSL,Yes,No,Yes,No,Yes,No,One year,No,Credit card (automatic),71.39,2127.34,No
9434-TFRD,Female,0,No,Yes,33,Yes,Yes,No,No internet service,No internet service,No internet service,No internet service,No internet service,No internet service,Month-to-month,Yes,Mailed check,23.96,762.93,No
6552-MIAQ,Female,0,No,Yes,61,No,No phone service,Fiber optic,Yes,No,Yes,Yes,Yes,Yes,Month-to-month,Yes,Electronic check,89.63,4881.35,No
1670-SBJC,Male,0,No,No,55,Yes,Yes,DSL,Yes,No,Yes,No,No,Yes,Month-to-month,Yes,Bank transfer (automatic),76.08,4177.24,No
3464-CQHM,Female,0,No,No,54,Yes,No,DSL,No,No,No,Yes,No,No,Two year,No,Mailed check,55.9,2900.25,No
9673-OIHF,Male,0,No,No,51,Yes,No,Fiber optic,Yes,No,No,Yes,No,No,Two year,No,Electronic check,82.41,3754.65,No
3072-OPGW,Female,1,No,No,3,Yes,Yes,Fiber optic,No,No,Yes,No,Yes,No,One year,Yes,Bank transfer (automatic),87.82,253.76,No
2452-GZSV,Male,0,Yes,Yes,43,Yes,No,DSL,Yes,No,Yes,Yes,Yes,Yes,Month-to-month,Yes,Electronic check,82.01,3335.94,No
9038-XXLX,Female,0,No,No,5,Yes,No,No,No internet service,No internet service,No internet service,No internet service,No internet service,No internet service,One year,No,Electronic check,30.86,147.4,No
5728-XDQI,Male,0,No,Yes,57,Yes,Yes,Fiber optic,No,Yes,No,Yes,Yes,Yes,Month-to-month,Yes,Bank transfer (automatic),105.49,5895.48,Yes
2961-JJFH,Female,0,No,Yes,6,Yes,No,No,No internet service,No internet service,No internet service,No internet service,No internet service,No internet service,Month-to-month,Yes,Mailed check,23.89,146.94,No
7935-LFZZ,Female,0,Yes,No,59,Yes,No,Fiber optic,Yes,Yes,No,Yes,No,Yes,Month-to-month,No,Mailed check,97.77,5776.69,No
8712-JHGZ,Male,0,No,No,55,Yes,No,DSL,Yes,Yes,No,Yes,Yes,Yes,One year,Yes,Mailed check,81.31,4309.81,No
6241-ALAK,Male,1,No,Yes,18,Yes,No,DSL,Yes,Yes,No,Yes,Yes,No,Month-to-month,No,Mailed check,65.46,1138.45,Yes
8286-MJBJ,Female,0,No,Yes,17,Yes,Yes,DSL,No,Yes,Yes,No,Yes,No,Two year,Yes,Bank transfer (automatic),66.15,1065.7,No
2343-HDLO,Female,1,Yes,No,21,Yes,No,DSL,No,No,No,No,Yes,Yes,One year,Yes,Bank transfer (automatic),64.48,1237.42,No
3610-ERWZ,Male,0,No,No,21,Yes,Yes,DSL,Yes,No,No,No,Yes,Yes,Two year,Yes,Credit card (automatic),80.9,1651.64,No
4131-UGKH,Female,0,Yes,No,46,Yes,No,No,No internet service,No internet service,No internet service,No internet service,No internet service,No internet service,Two year,Yes,Mailed check,27.3,1235.85,No
6620-OWNS,Male,0,No,No,70,Yes,No,DSL,No,No,No,Yes,Yes,Yes,Month-to-month,Yes,Credit card (automatic),64.45,4430.44,No
3442-XGNS,Male,0,Yes,No,10,Yes,No,Fiber optic,No,No,No,Yes,Yes,Yes,Two year,Yes,Electronic check,91.37,843.24,No
3759-LTQD,Male,0,No,No,47,Yes,Yes,DSL,No,No,Yes,No,Yes,No,Month-to-month,Yes,Mailed check,72.48,3289.93,Yes
4811-NNLY,Female,1,Yes,No,53,Yes,No,Fiber optic,No,Yes,Yes,Yes,Yes,Yes,Month-to-month,Yes,Bank transfer (automatic),112.46,5759.78,Yes
6783-FNGX,Male,0,Yes,Yes,67,Yes,No,No,No internet service,No internet service,No internet service,No internet service,No internet service,No internet service,Two year,Yes,Electronic check,20.53,1264.43,No
8236-DCIT,Female,0,Yes,Yes,37,Yes,No,No,No internet service,No internet service,No internet service,No internet service,No internet service,No internet service,One year,No,Electronic check,22.54,766.13,No
3551-BLQF,Female,0,No,No,4,No,No phone service,No,No internet service,No internet service,No internet service,No internet service,No internet service,No internet service,Two year,No,Credit card (automatic),22.75,85.11,No
5617-YNVO,Male,1,No,Yes,59,Yes,No,DSL,No,Yes,Yes,No,Yes,No,Month-to-month,Yes,Electronic check,63.58,3449.1,No
9788-AZWD,Female,0,Yes,No,33,Yes,No,Fiber optic,No,No,No,Yes,No,No,Month-to-month,Yes,Credit card (automatic),69.79,2139.79,No
6886-UDBI,Male,0,Yes,No,14,Yes,Yes,DSL,Yes,No,No,No,No,Yes,Two year,Yes,Mailed check,58.47,756.52,No
2717-XPSF,Male,0,Yes,No,34,Yes,No,Fiber optic,No,No,No,No,Yes,Yes,One year,No,Credit card (automatic),93.94,2994.86,Yes
8267-NFQN,Female,0,Yes,Yes,50,No,No phone service,No,No internet service,No internet service,No internet service,No internet service,No internet service,No internet service,One year,No,Bank transfer (automatic),18.0,916.06,No
5861-KDRZ,Male,0,No,Yes,42,Yes,Yes,DSL,No,No,Yes,No,Yes,No,One year,No,Electronic check,72.2,2908.09,Yes
6407-CLAC,Female,0,No,No,19,Yes,No,Fiber optic,Yes,No,Yes,No,Yes,No,Month-to-month,Yes,Credit card (automatic),85.17,1595.46,No
3823-IKPI,Male,0,No,No,50,Yes,No,No,No internet service,No internet service,No internet service,No internet service,No internet service,No internet service,Two year,Yes,Credit card (automatic),26.52,1151.55,No
9670-XTBZ,Female,0,No,No,7,Yes,Yes,DSL,No,No,No,No,No,No,Month-to-month,Yes,Mailed check,44.5,294.71,No
5313-VNVD,Male,0,No,No,38,Yes,Yes,Fiber optic,Yes,Yes,No,Yes,Yes,Yes,Month-to-month,Yes,Bank transfer (automatic),102.2,3594.17,Yes
3154-CKFE,Male,0,No,No,54,Yes,Yes,Fiber optic,No,No,No,No,No,Yes,Month-to-month,No,Mailed check,82.01,4291.03,Yes
8229-UPUC,Male,0,Yes,No,52,Yes,No,DSL,Yes,No,Yes,No,No,Yes,Month-to-month,Yes,Mailed check,67.19,3417.66,No
9008-WRMI,Female,0,Yes,Yes,21,Yes,No,DSL,Yes,No,Yes,No,Yes,No,Month-to-month,Yes,Mailed check,61.37,1287.78,No
6087-ULQP,Female,0,No,No,55,Yes,Yes,Fiber optic,No,Yes,No,No,No,Yes,Month-to-month,Yes,Credit card (automatic),89.64,4637.78,Yes
9684-OJZA,Male,1,Yes,No,40,Yes,No,No,No internet service,No internet service,No internet service,No internet service,No internet service,No internet service,Two year,No,Electronic check,23.99,835.96,No
8276-IINS,Male,0,No,No,9,Yes,No,DSL,Yes,Yes,No,No,Yes,No,Month-to-month,Yes,Electronic check,67.31,593.76,Yes
3284-BCHB,Female,0,Yes,Yes,14,Yes,Yes,DSL,No,Yes,No,No,No,Yes,Month-to-month,No,Credit card (automatic),71.01,956.64,No
3482-RSZP,Male,0,No,No,33,Yes,Yes,No,No internet service,No internet service,No internet service,No internet service,No internet service,No internet service,Month-to-month,Yes,Bank transfer (automatic),36.89,1110.75,No
4375-FHLC,Female,0,Yes,No,41,Yes,No,No,No internet service,No internet service,No internet service,No internet service,No internet service,No internet service,Month-to-month,Yes,Electronic check,22.63,859.74,No
9540-NIXN,Female,0,No,No,55,Yes,No,No,No internet service,No internet service,No internet service,No internet service,No internet service,No internet service,Month-to-month,Yes,Electronic check,26.27,1421.68,No
4234-WQKV,Male,0,No,Yes,39,Yes,Yes,DSL,No,No,No,No,Yes,No,Month-to-month,Yes,Bank transfer (automatic),68.06,2616.15,No
8907-DHVT,Male,0,Yes,Yes,48,Yes,No,No,No internet service,No internet service,No internet service,No internet service,No internet service,No internet service,Month-to-month,Yes,Electronic check,28.25,1348.12,No
2325-NVYG,Male,0,No,Yes,8,Yes,No,DSL,No,Yes,No,Yes,Yes,No,Month-to-month,No,Bank transfer (automatic),70.11,544.68,No
1317-AWYO,Female,0,Yes,No,59,Yes,Yes,Fiber optic,No,Yes,No,No,Yes,No,Month-to-month,No,Mailed check,89.14,5150.8,Yes
7165-ZJCP,Male,1,No,Yes,44,Yes,No,No,No internet service,No internet service,No internet service,No internet service,No internet service,No internet service,Month-to-month,No,Mailed check,24.35,1036.72,No
7291-QILZ,Female,0,Yes,Yes,34,Yes,No,Fiber optic,No,No,Yes,Yes,No,Yes,One year,No,Bank transfer (automatic),89.38,3033.92,No
5760-XZWR,Female,0,Yes,No,5,Yes,No,No,No internet service,No internet service,No internet service,No internet service,No internet service,No internet service,One year,No,Electronic check,34.28,161.1,No
4444-NHJS,Female,0,No,No,58,No,No phone service,No,No internet service,No internet service,No internet service,No internet service,No internet service,No internet service,Month-to-month,No,Bank transfer (automatic),19.79,1096.48,No
1452-OZJS,Female,0,Yes,No,11,No,No phone service,Fiber optic,No,No,No,No,Yes,No,Two year,No,Electronic check,69.4,704.14,Yes
1956-LJXN,Male,0,Yes,No,45,Yes,No,Fiber optic,Yes,No,Yes,Yes,Yes,No,One year,No,Bank transfer (automatic),92.51,4130.64,No
8091-ZIZN,Female,0,No,No,37,Yes,Yes,Fiber optic,No,No,Yes,No,No,Yes,Two year,Yes,Electronic check,94.4,3339.61,No
8871-VGNE,Male,0,Yes,No,41,Yes,No,Fiber optic,No,No,Yes,Yes,Yes,Yes,Month-to-month,Yes,Bank transfer (automatic),94.38,3770.27,Yes
8196-SWEC,Female,0,No,No,25,No,No phone service,DSL,No,Yes,Yes,No,Yes,Yes,One year,Yes,Mailed check,67.16,1558.85,No
1879-FKWK,Male,0,Yes,No,21,Yes,Yes,Fiber optic,No,No,Yes,Yes,No,No,Month-to-month,No,Credit card (automatic),87.99,1588.7,No
4007-NHGR,Female,0,Yes,Yes,65,Yes,No,Fiber optic,No,Yes,No,No,Yes,Yes,Month-to-month,Yes,Electronic check,95.7,6019.55,Yes
4917-CMOH,Female,0,No,No,63,Yes,Yes,DSL,Yes,Yes,No,No,Yes,Yes,Month-to-month,Yes,Mailed check,68.9,4182.17,No
7811-PTJB,Male,0,Yes,No,1,Yes,Yes,DSL,No,No,Yes,No,Yes,Yes,Two year,Yes,Bank transfer (automatic),72.28,70.83,No
8246-UYWT,Female,0,Yes,No,70,Yes,No,DSL,No,No,Yes,No,No,Yes,Month-to-month,No,Electronic check,62.53,4051.95,No
8176-DLFJ,Male,1,No,No,2,Yes,Yes,No,No internet service,No internet service,No internet service,No internet service,No internet service,No internet service,Two year,No,Electronic check,22.43,44.02,No
3027-AKYU,Female,1,No,Yes,35,No,No phone service,Fiber optic,Yes,Yes,Yes,No,No,Yes,Two year,Yes,Mailed check,84.07,2854.47,No
9823-APWL,Female,0,No,No,4,Yes,No,Fiber optic,No,No,Yes,No,Yes,No,Two year,Yes,Electronic check,80.56,292.87,Yes
3135-AJUR,Male,0,No,No,35,Yes,Yes,Fiber optic,Yes,Yes,Yes,No,No,Yes,Month-to-month,No,Mailed check,96.56,3173.23,Yes
2953-WHQV,Male,0,No,No,61,Yes,No,DSL,Yes,Yes,Yes,Yes,Yes,Yes,Two year,Yes,Credit card (automatic),95.43,5431.14,No
9977-TAOF,Female,0,No,No,9,Yes,No,Fiber optic,Yes,Yes,No,Yes,Yes,Yes,Month-to-month,Yes,Electronic check,103.31,865.39,Yes
4942-EVMY,Male,0,No,No,56,No,No phone service,Fiber optic,Yes,Yes,No,Yes,Yes,Yes,Two year,No,Bank transfer (automatic),91.99,5172.46,No
9272-PEGR,Female,1,Yes,No,37,Yes,Yes,Fiber optic,Yes,Yes,Yes,Yes,No,No,Month-to-month,No,Mailed check,94.31,3565.69,Yes
4020-XFHO,Female,0,Yes,Yes,65,Yes,No,Fiber optic,No,Yes,Yes,No,No,No,Month-to-month,Yes,Electronic check,81.04,5237.85,No
2899-NSEJ,Female,0,Yes,No,2,No,No phone service,No,No internet service,No internet service,No internet service,No internet service,No internet service,No internet service,Month-to-month,Yes,Electronic check,22.05,41.13,No
3289-UIKJ,Male,0,No,Yes,43,Yes,No,Fiber optic,No,Yes,No,No,No,Yes,Month-to-month,Yes,Bank transfer (automatic),82.86,3500.19,Yes
6053-JQZN,Female,0,Yes,Yes,20,Yes,Yes,Fiber optic,No,Yes,Yes,Yes,No,Yes,Month-to-month,Yes,Bank transfer (automatic),99.25,2008.46,No
1290-UOLM,Male,1,Yes,No,27,Yes,No,DSL,No,No,No,No,Yes,Yes,Month-to-month,No,Mailed check,64.45,1678.08,Yes
1905-JRVJ,Male,0,No,No,49,Yes,No,Fiber optic,Yes,No,No,No,Yes,No,One year,No,Credit card (automatic),90.16,4396.45,No
1861-IQGU,Female,1,No,No,17,Yes,Yes,DSL,No,No,Yes,No,Yes,Yes,Two year,Yes,Mailed check,73.15,1169.17,No
6345-YBCD,Female,0,No,Yes,56,Yes,Yes,DSL,No,No,No,Yes,No,Yes,Two year,No,Electronic check,63.6,3520.7,No
9088-OYMN,Female,0,No,No,68,Yes,No,Fiber optic,No,No,Yes,Yes,No,Yes,Month-to-month,No,Bank transfer (automatic),87.18,5663.29,No
2120-BRVC,Male,0,No,No,48,Yes,No,Fiber optic,Yes,Yes,Yes,No,No,No,Two year,Yes,Mailed check,83.48,4000.97,No
1817-HNIA,Male,1,Yes,Yes,26,Yes,No,No,No internet service,No internet service,No internet service,No internet service,No internet service,No internet service,Month-to-month,No,Electronic check,28.0,680.68,No
8469-KOGO,Female,1,No,No,61,Yes,Yes,No,No internet service,No internet service,No internet service,No internet service,No internet service,No internet service,One year,Yes,Bank transfer (automatic),27.75,1610.19,No
4062-XBEG,Female,0,No,No,27,Yes,No,Fiber optic,Yes,Yes,Yes,No,No,No,Month-to-month,Yes,Mailed check,92.35,2234.08,Yes
4039-PFOE,Male,0,No,No,40,Yes,Yes,No,No internet service,No internet service,No internet service,No internet service,No internet service,No internet service,One year,No,Bank transfer (automatic),28.63,1095.49,No
8339-MTJD,Female,0,Yes,No,11,Yes,No,No,No internet service,No internet service,No internet service,No internet service,No internet service,No internet service,Month-to-month,No,Credit card (automatic),28.58,298.05,No
9095-MXST,Female,1,Yes,No,54,Yes,No,Fiber optic,No,Yes,No,No,No,Yes,Month-to-month,No,Electronic check,88.35,4778.87,Yes
7047-RPQU,Female,0,No,Yes,30,Yes,No,No,No internet service,No internet service,No internet service,No internet service,No internet service,No internet service,Two year,No,Bank transfer (automatic),20.97,570.52,No
6889-OFAI,Female,1,Yes,No,5,Yes,No,Fiber optic,No,Yes,No,No,No,Yes,One year,Yes,Electronic check,88.18,418.85,Yes
7457-ICPH,Female,0,No,Yes,46,Yes,Yes,Fiber optic,Yes,Yes,Yes,Yes,Yes,Yes,One year,Yes,Bank transfer (automatic),112.02,4407.71,No
6579-NEBV,Female,0,No,No,54,Yes,Yes,Fiber optic,No,No,No,No,Yes,Yes,Month-to-month,No,Mailed check,90.39,4534.06,Yes
8158-RIYQ,Female,0,Yes,No,4,Yes,No,Fiber optic,Yes,No,No,Yes,Yes,No,Month-to-month,Yes,Electronic check,89.59,358.35,Yes
7157-SJJJ,Female,0,No,Yes,54,Yes,Yes,Fiber optic,No,No,Yes,No,No,Yes,One year,No,Bank transfer (automatic),92.69,5041.17,No
7455-NGEV,Male,1,Yes,No,54,Yes,No,DSL,No,Yes,No,No,Yes,No,One year,No,Credit card (automatic),57.21,2970.32,No
6239-NVIV,Male,0,No,No,17,Yes,No,No,No internet service,No internet service,No internet service,No internet service,No internet service,No internet service,One year,No,Bank transfer (automatic),25.91,406.79,No
6417-ITLN,Male,0,No,No,32,Yes,Yes,Fiber optic,No,Yes,Yes,No,No,No,Two year,Yes,Electronic check,93.44,2769.01,Yes
8537-QBCE,Male,0,No,Yes,64,Yes,Yes,No,No internet service,No internet service,No internet service,No internet service,No internet service,No internet service,Month-to-month,Yes,Electronic check,31.35,2049.69,No
6345-ZDSU,Female,1,Yes,No,51,Yes,No,No,No internet service,No internet service,No internet service,No internet service,No internet service,No internet service,Two year,Yes,Mailed check,21.26,1155.44,No
3359-MHJL,Female,0,No,No,52,Yes,Yes,DSL,No,Yes,No,No,No,No,Two year,No,Credit card (automatic),60.35,2935.08,No
7491-JAXT,Male,1,Yes,No,31,Yes,Yes,No,No internet service,No internet service,No internet service,No internet service,No internet service,No internet service,Month-to-month,Yes,Bank transfer (automatic),32.44,973.9,No
1218-LTNA,Female,0,Yes,No,59,Yes,Yes,DSL,Yes,Yes,No,Yes,No,Yes,One year,Yes,Bank transfer (automatic),73.95,4140.52,No
3048-CYUX,Male,0,Yes,No,59,Yes,Yes,No,No internet service,No internet service,No internet service,No internet service,No internet service,No internet service,Month-to-month,Yes,Credit card (automatic),23.05,1233.4,No
4380-ZYEV,Male,0,No,No,66,Yes,No,DSL,No,No,Yes,Yes,No,No,Month-to-month,Yes,Electronic check,66.29,4144.29,No
8910-NIQN,Female,0,No,No,64,Yes,No,No,No internet service,No internet service,No internet service,No internet service,No internet service,No internet service,Month-to-month,Yes,Credit card (automatic),24.3,1525.56,No
9154-JBRG,Female,1,No,No,48,Yes,No,No,No internet service,No internet service,No internet service,No internet service,No internet service,No internet service,Month-to-month,No,Electronic check,28.01,1299.09,No
5954-FLEN,Male,0,No,Yes,26,Yes,No,No,No internet service,No internet service,No internet service,No internet service,No internet service,No internet service,One year,No,Electronic check,26.76,675.78,No
8326-QRZR,Female,1,Yes,No,45,Yes,No,Fiber optic,Yes,No,No,No,Yes,Yes,Two year,Yes,Mailed check,96.46,4138.67,Yes
3349-OZGW,Male,0,Yes,No,10,Yes,Yes,Fiber optic,No,Yes,No,Yes,No,Yes,Month-to-month,Yes,Mailed check,89.2,852.08,Yes
4952-LZVP,Female,0,Yes,No,14,Yes,Yes,DSL,No,No,No,No,Yes,No,One year,No,Credit card (automatic),61.49,801.4,No
7786-RTGU,Female,0,No,No,36,Yes,Yes,No,No internet service,No internet service,No internet service,No internet service,No internet service,No internet service,Month-to-month,Yes,Mailed check,24.73,893.61,No
8587-KWPA,Female,0,Yes,No,51,Yes,Yes,DSL,Yes,No,Yes,No,Yes,Yes,Two year,No,Electronic check,82.42,3978.18,No
7520-LVLI,Female,0,No,No,62,Yes,Yes,DSL,Yes,No,Yes,No,Yes,No,Two year,Yes,Credit card (automatic),72.12,4299.62,No
4856-UMXT,Male,0,Yes,No,66,Yes,No,DSL,No,No,No,Yes,No,No,One year,No,Electronic check,50.91,3386.68,No
5360-WBLR,Male,0,Yes,Yes,66,Yes,No,Fiber optic,No,Yes,Yes,Yes,No,Yes,Two year,No,Credit card (automatic),87.4,5471.85,No
8826-YOTJ,Male,1,No,No,29,Yes,No,Fiber optic,No,No,No,No,Yes,No,Month-to-month,Yes,Bank transfer (automatic),81.15,2437.47,Yes
4785-VRPY,Male,0,No,No,38,Yes,Yes,Fiber optic,No,Yes,Yes,Yes,No,No,Month-to-month,Yes,Mailed check,93.08,3619.86,No
4767-HGUX,Male,0,Yes,Yes,2,Yes,Yes,Fiber optic,No,No,Yes,No,Yes,Yes,Two year,No,Electronic check,94.61,182.61,No
9486-DFTR,Female,0,Yes,No,15,Yes,No,DSL,No,Yes,Yes,Yes,No,No,Month-to-month,Yes,Electronic check,66.71,964.91,No
5939-JSOS,Female,0,Yes,No,56,Yes,Yes,DSL,Yes,No,No,No,Yes,No,Month-to-month,No,Mailed check,68.65,3749.03,No
6836-JMGL,Female,0,Yes,No,9,Yes,No,DSL,No,No,No,No,Yes,No,Month-to-month,Yes,Electronic check,55.17,476.13,No
5133-NLFG,Female,0,Yes,No,41,Yes,No,Fiber optic,No,No,Yes,No,Yes,Yes,Month-to-month,No,Mailed check,84.33,3407.3,No
7528-MHHT,Female,0,No,No,25,Yes,No,DSL,No,Yes,No,No,No,No,Month-to-month,Yes,Electronic check,57.97,1314.28,Yes
1862-MLQH,Female,0,No,No,48,Yes,Yes,No,No internet service,No internet service,No internet service,No internet service,No internet service,No internet service,Two year,No,Electronic check,32.73,1531.5,No
5210-CQBP,Female,0,Yes,Yes,7,Yes,No,DSL,No,Yes,No,No,No,Yes,Month-to-month,No,Credit card (automatic),72.06,499.32,Yes
9888-GDNC,Male,0,No,Yes,16,Yes,Yes,No,No internet service,No internet service,No internet service,No internet service,No internet service,No internet service,Month-to-month,No,Electronic check,33.3,542.77,No
2557-OPMW,Male,0,Yes,No,60,Yes,No,DSL,Yes,No,No,No,Yes,Yes,Month-to-month,No,Credit card (automatic),71.72,4222.75,Yes
9002-VSAN,Female,0,No,No,40,Yes,No,No,No internet service,No internet service,No internet service,No internet service,No internet service,No internet service,Month-to-month,Yes,Electronic check,32.66,1370.14,Yes
4805-IVRT,Female,1,Yes,No,54,No,No phone service,No,No internet service,No internet service,No internet service,No internet service,No internet service,No internet service,Two year,No,Mailed check,18.0,877.95,No
6286-JGAE,Male,0,No,Yes,51,Yes,Yes,No,No internet service,No internet service,No internet service,No internet service,No internet service,No internet service,One year,Yes,Credit card (automatic),30.58,1464.19,No
2158-RMIT,Female,0,No,No,21,Yes,Yes,Fiber optic,Yes,Yes,Yes,No,No,Yes,Month-to-month,Yes,Electronic check,92.2,1904.61,No
6104-QFMV,Male,0,No,Yes,37,No,No phone service,Fiber optic,Yes,No,Yes,No,Yes,Yes,Month-to-month,Yes,Bank transfer (automatic),88.33,3042.71,Yes
8175-HAWA,Female,0,No,No,31,Yes,No,DSL,Yes,No,Yes,No,No,No,Month-to-month,Yes,Credit card (automatic),63.47,2067.59,No
2617-QTGN,Female,0,No,No,54,Yes,No,DSL,Yes,Yes,No,No,No,No,Two year,Yes,Bank transfer (automatic),61.56,3216.08,No
6162-REKK,Female,1,No,No,61,Yes,Yes,Fiber optic,No,Yes,No,Yes,Yes,Yes,One year,No,Credit card (automatic),96.98,5745.27,No
5849-TXCW,Female,0,No,No,3,Yes,Yes,Fiber optic,No,Yes,No,No,No,No,Two year,Yes,Bank transfer (automatic),84.55,240.56,No
2385-XLSO,Female,0,Yes,No,31,Yes,No,No,No internet service,No internet service,No internet service,No internet service,No internet service,No internet service,One year,Yes,Bank transfer (automatic),28.34,800.69,No
9417-GDZL,Female,0,No,No,6,Yes,No,No,No internet service,No internet service,No internet service,No internet service,No internet service,No internet service,One year,No,Electronic check,27.5,159.24,No
8389-UJNA,Male,0,No,No,58,Yes,Yes,Fiber optic,No,No,Yes,No,No,No,Month-to-month,Yes,Electronic check,89.8,4931.43,Yes
1221-NYCX,Female,0,Yes,Yes,18,Yes,No,DSL,Yes,Yes,Yes,No,No,No,Month-to-month,Yes,Bank transfer (automatic),63.27,1132.77,No
1965-QRQN,Male,0,No,Yes,47,Yes,No,Fiber optic,No,Yes,Yes,Yes,No,No,Month-to-month,No,Credit card (automatic),89.44,3954.95,No
8752-ONUY,Female,1,Yes,No,58,Yes,No,Fiber optic,Yes,No,Yes,Yes,No,Yes,Month-to-month,No,Mailed check,92.96,5130.34,No
1047-NNIU,Female,0,No,Yes,16,Yes,No,DSL,Yes,Yes,No,Yes,No,No,Month-to-month,Yes,Mailed check,62.38,994.91,Yes
7973-BGLF,Male,1,Yes,No,4,Yes,No,No,No internet service,No internet service,No internet service,No internet service,No internet service,No internet service,Two year,Yes,Electronic check,22.78,82.12,No
2041-AUYW,Male,0,No,No,46,Yes,Yes,DSL,No,Yes,Yes,No,No,Yes,One year,No,Electronic check,69.45,2914.95,No
3977-ZGQG,Female,1,No,No,17,Yes,No,Fiber optic,Yes,Yes,No,No,Yes,No,Month-to-month,Yes,Bank transfer (automatic),85.86,1359.13,No
2633-KGKW,Female,0,No,No,37,Yes,Yes,Fiber optic,No,No,No,No,Yes,No,Month-to-month,No,Electronic check,95.0,3366.84,Yes
6711-PIXB,Male,0,No,No,24,Yes,No,No,No internet service,No internet service,No internet service,No internet service,No internet service,No internet service,One year,Yes,Mailed check,18.0,404.9,No
5889-IAFH,Male,0,Yes,No,16,Yes,No,Fiber optic,Yes,Yes,Yes,No,No,No,Two year,Yes,Electronic check,91.78,1289.0,No
2917-LZRO,Female,0,Yes,Yes,27,Yes,No,No,No internet service,No internet service,No internet service,No internet service,No internet service,No internet service,One year,Yes,Electronic check,21.59,565.75,No
8813-SWDQ,Male,0,Yes,No,31,Yes,No,Fiber optic,No,No,No,Yes,Yes,No,Month-to-month,Yes,Electronic check,88.49,2596.93,Yes
9933-WYGV,Male,0,Yes,No,29,Yes,Yes,DSL,No,No,No,No,No,Yes,Month-to-month,Yes,Mailed check,69.57,1873.74,No
6737-QLMO,Female,0,Yes,Yes,56,Yes,Yes,DSL,Yes,Yes,No,No,No,Yes,One year,Yes,Electronic check,68.35,3652.5,Yes
7191-UXWP,Male,0,Yes,No,45,Yes,No,Fiber optic,Yes,Yes,No,No,Yes,Yes,Month-to-month,Yes,Bank transfer (automatic),99.5,4333.38,No
2097-CUKM,Female,0,No,Yes,13,Yes,Yes,Fiber optic,No,Yes,No,No,Yes,Yes,Two year,Yes,Credit card (automatic),93.65,1247.46,Yes
7254-ZHFQ,Male,0,No,No,11,Yes,Yes,DSL,Yes,Yes,Yes,Yes,No,Yes,Month-to-month,Yes,Electronic check,76.58,822.14,Yes
7704-RIRS,Male,0,No,No,23,Yes,Yes,Fiber optic,Yes,Yes,No,No,Yes,No,One year,Yes,Credit card (automatic),90.23,1971.42,Yes
7324-TXZZ,Male,0,No,Yes,52,Yes,Yes,DSL,Yes,No,No,Yes,Yes,Yes,One year,No,Credit card (automatic),73.51,3782.51,No
7737-HVTR,Male,1,No,No,69,Yes,Yes,DSL,Yes,Yes,No,No,No,No,Month-to-month,Yes,Mailed check,76.49,5281.38,No
5822-GFOE,Male,0,No,Yes,67,Yes,Yes,Fiber optic,Yes,No,No,Yes,No,No,Two year,Yes,Credit card (automatic),91.18,5714.49,No
1184-BCLX,Male,0,No,No,38,Yes,No,DSL,No,Yes,Yes,Yes,No,Yes,Month-to-month,No,Electronic check,74.41,2580.11,No
5537-AQLK,Male,0,Yes,No,54,No,No phone service,DSL,Yes,No,No,No,Yes,No,Month-to-month,Yes,Electronic check,55.35,2664.5,No
9881-RQWK,Female,1,No,Yes,54,Yes,Yes,DSL,Yes,No,No,Yes,Yes,Yes,One year,Yes,Electronic check,78.72,4171.23,No
5385-JJEJ,Male,0,No,No,37,Yes,Yes,No,No internet service,No internet service,No internet service,No internet service,No internet service,No internet service,Two year,Yes,Bank transfer (automatic),26.7,904.03,No
9426-HDPA,Female,1,Yes,No,60,Yes,No,No,No internet service,No internet service,No internet service,No internet service,No internet service,No internet service,Month-to-month,No,Mailed check,20.39,1208.83,No
7527-GWAJ,Female,0,Yes,No,50,No,No phone service,DSL,No,No,No,No,No,Yes,One year,Yes,Electronic check,52.94,2421.09,No
9459-JWLS,Male,0,No,No,39,Yes,No,No,No internet service,No internet service,No internet service,No internet service,No internet service,No internet service,Month-to-month,No,Mailed check,28.68,1080.58,No
6089-ODXN,Male,1,Yes,Yes,62,Yes,Yes,Fiber optic,No,Yes,Yes,Yes,Yes,Yes,Month-to-month,No,Electronic check,100.66,5931.55,No
3861-FJJF,Female,0,No,No,49,Yes,No,Fiber optic,Yes,No,No,Yes,Yes,Yes,Month-to-month,Yes,Credit card (automatic),91.53,4375.48,No
7955-CYTH,Female,0,Yes,No,17,Yes,Yes,DSL,Yes,No,Yes,Yes,No,No,Month-to-month,Yes,Bank transfer (automatic),67.46,1147.71,No
9298-WMTX,Male,0,Yes,No,61,Yes,Yes,Fiber optic,Yes,Yes,No,No,No,No,One year,Yes,Mailed check,83.19,4625.03,No
2047-BUIN,Female,0,No,Yes,44,No,No phone service,DSL,No,No,Yes,Yes,Yes,Yes,Month-to-month,Yes,Electronic check,59.47,2459.6,No
6935-VZUQ,Female,0,No,No,57,Yes,Yes,No,No internet service,No internet service,No internet service,No internet service,No internet service,No internet service,Two year,Yes,Mailed check,32.54,1676.53,No
4598-ZPZX,Male,0,No,Yes,61,Yes,No,DSL,Yes,Yes,Yes,No,Yes,No,Month-to-month,Yes,Electronic check,68.47,4189.4,No
2819-XDJU,Male,1,No,No,47,Yes,No,Fiber optic,No,Yes,No,Yes,No,Yes,Month-to-month,No,Mailed check,83.36,3862.28,No
6391-SCJD,Male,0,Yes,No,35,Yes,Yes,DSL,No,No,No,No,Yes,No,One year,No,Bank transfer (automatic),68.21,2315.2,No
3963-VNEE,Male,0,Yes,No,59,Yes,Yes,Fiber optic,No,No,No,Yes,No,No,One year,Yes,Mailed check,88.97,5053.0,No
4794-HGLG,Male,0,No,No,40,Yes,No,Fiber optic,Yes,Yes,No,No,Yes,Yes,Two year,Yes,Electronic check,93.72,3392.1,Yes
3291-RFZQ,Male,0,Yes,No,69,No,No phone service,Fiber optic,No,Yes,No,No,Yes,Yes,Two year,Yes,Bank transfer (automatic),86.49,5925.45,No
8324-OBSK,Male,0,No,Yes,48,Yes,No,No,No internet service,No internet service,No internet service,No internet service,No internet service,No internet service,Two year,No,Bank transfer (automatic),32.81,1479.73,No
3749-USTG,Female,0,Yes,No,54,No,No phone service,Fiber optic,No,Yes,No,Yes,No,Yes,Month-to-month,Yes,Bank transfer (automatic),83.34,4498.61,No
1658-RCAL,Female,0,No,No,10,Yes,Yes,DSL,Yes,Yes,Yes,No,Yes,Yes,One year,Yes,Credit card (automatic),91.82,880.29,Yes
1342-HSKV,Female,0,Yes,No,9,No,No phone service,Fiber optic,Yes,No,No,No,No,Yes,One year,Yes,Electronic check,74.84,656.45,No
9652-HCWV,Male,0,No,No,19,Yes,No,DSL,No,No,No,No,Yes,Yes,Month-to-month,Yes,Electronic check,62.33,1200.25,Yes
4560-KTFB,Female,0,Yes,No,60,Yes,No,Fiber optic,Yes,No,Yes,No,Yes,No,Two year,Yes,Bank transfer (automatic),95.27,5668.83,No
5258-FPER,Female,0,No,No,28,Yes,Yes,DSL,No,Yes,Yes,No,Yes,No,Two year,Yes,Credit card (automatic),80.03,2161.79,No
1585-SIWH,Female,1,No,No,45,Yes,Yes,DSL,Yes,Yes,Yes,No,No,No,Month-to-month,Yes,Bank transfer (automatic),67.78,2995.36,No
8913-KYBC,Female,0,No,Yes,1,Yes,No,Fiber optic,No,Yes,No,No,No,No,Month-to-month,Yes,Electronic check,87.35,81.41,Yes
4903-YGRL,Female,0,Yes,Yes,33,Yes,No,DSL,No,No,No,No,Yes,Yes,Month-to-month,No,Credit card (automatic),62.0,1817.35,No
6651-UQNP,Female,0,No,Yes,38,Yes,No,Fiber optic,Yes,No,Yes,No,Yes,No,Two year,Yes,Mailed check,92.49,3323.97,No
8358-QALF,Female,0,Yes,Yes,2,Yes,No,Fiber optic,Yes,No,Yes,Yes,No,Yes,Month-to-month,Yes,Bank transfer (automatic),96.63,177.74,Yes
1333-QDTN,Male,1,Yes,No,58,Yes,No,Fiber optic,No,No,No,No,Yes,Yes,Month-to-month,No,Mailed check,88.94,5337.6,No
6671-JSMB,Male,0,No,No,31,Yes,Yes,No,No internet service,No internet service,No internet service,No internet service,No internet service,No internet service,Month-to-month,No,Mailed check,31.28,940.88,No
3703-CCRN,Female,0,No,No,67,Yes,No,DSL,No,No,No,Yes,No,No,Month-to-month,No,Electronic check,60.36,3999.99,No
9981-VTKZ,Female,0,Yes,No,33,Yes,Yes,DSL,No,No,No,Yes,No,No,One year,Yes,Credit card (automatic),57.6,1754.4,No
7850-PUWW,Male,0,Yes,No,13,Yes,Yes,Fiber optic,No,No,No,No,Yes,No,Two year,Yes,Mailed check,87.51,1098.48,No
7637-ULXJ,Male,0,No,No,8,Yes,Yes,DSL,Yes,No,Yes,No,No,No,Two year,Yes,Electronic check,64.49,495.94,No
6842-ESOM,Female,0,Yes,Yes,65,Yes,Yes,No,No internet service,No internet service,No internet service,No internet service,No internet service,No internet service,One year,Yes,Bank transfer (automatic),39.8,2298.3,No
1275-HAJH,Female,0,No,Yes,21,Yes,Yes,DSL,Yes,No,Yes,No,Yes,No,Two year,Yes,Electronic check,64.09,1275.74,No
1557-GEYU,Female,0,Yes,Yes,64,Yes,No,DSL,No,No,No,No,No,Yes,Month-to-month,No,Credit card (automatic),54.66,3444.8,No
3969-ZFYN,Male,0,No,Yes,53,Yes,Yes,Fiber optic,No,Yes,No,No,No,No,Month-to-month,No,Bank transfer (automatic),81.26,4098.53,No
7294-DLLM,Female,0,Yes,No,22,Yes,No,DSL,Yes,No,No,Yes,No,Yes,Two year,No,Bank transfer (automatic),62.41,1398.39,No
7840-HWAS,Female,0,No,Yes,17,Yes,No,Fiber optic,Yes,Yes,No,No,Yes,No,Two year,No,Bank transfer (automatic),91.87,1426.8,No
3364-NDHU,Male,0,No,No,8,Yes,No,DSL,Yes,Yes,No,No,No,Yes,Month-to-month,Yes,Electronic check,68.25,479.06,Yes
6697-COOL,Male,0,Yes,No,66,Yes,No,No,No internet service,No internet service,No internet service,No internet service,No internet service,No internet service,One year,Yes,Electronic check,28.2,1646.47,No
1609-NQBC,Female,0,No,No,20,No,No phone service,Fiber optic,No,Yes,No,No,Yes,No,Month-to-month,No,Credit card (automatic),66.8,1237.99,Yes
9567-DWAY,Female,1,No,No,23,Yes,No,DSL,No,No,Yes,Yes,Yes,No,Month-to-month,No,Electronic check,63.04,1391.95,No
1760-RZOY,Female,0,No,Yes,25,Yes,Yes,Fiber optic,Yes,Yes,No,No,No,Yes,Month-to-month,Yes,Mailed check,93.77,2303.47,Yes
9669-LDQH,Female,0,No,No,14,Yes,No,Fiber optic,Yes,Yes,Yes,No,No,Yes,Month-to-month,Yes,Bank transfer (automatic),96.45,1277.25,No
6150-RPZO,Female,0,No,No,5,No,No phone service,No,No internet service,No internet service,No internet service,No internet service,No internet service,No internet service,One year,No,Credit card (automatic),24.09,113.56,No
5320-AOIX,Female,1,No,Yes,32,Yes,Yes,Fiber optic,No,No,No,Yes,Yes,No,Month-to-month,No,Electronic check,90.11,2815.34,Yes
3470-HEOH,Male,0,Yes,Yes,12,No,No phone service,DSL,No,Yes,No,Yes,Yes,Yes,One year,No,Mailed check,67.09,730.75,No
8918-WEIV,Male,0,No,No,49,Yes,No,DSL,No,No,Yes,No,No,Yes,Two year,Yes,Mailed check,63.53,3138.65,No
1363-TVOZ,Female,0,Yes,No,11,Yes,Yes,Fiber optic,No,No,Yes,No,No,Yes,Month-to-month,No,Electronic check,92.64,1012.87,Yes
3128-YLCG,Male,0,No,No,38,Yes,No,Fiber optic,Yes,Yes,No,Yes,Yes,Yes,Month-to-month,Yes,Mailed check,103.86,3961.01,No
1124-PSXI,Female,1,No,Yes,38,Yes,No,No,No internet service,No internet service,No internet service,No internet service,No internet service,No internet service,One year,No,Mailed check,23.68,793.26,No
1093-VAVR,Female,0,Yes,No,42,Yes,Yes,DSL,No,No,Yes,Yes,No,Yes,One year,Yes,Electronic check,74.85,3193.7,No
3707-LHVJ,Female,0,Yes,No,55,Yes,No,Fiber optic,No,Yes,Yes,No,Yes,Yes,Month-to-month,No,Bank transfer (automatic),96.3,5371.99,No
7912-OZTI,Female,1,Yes,No,53,No,No phone service,No,No internet service,No internet service,No internet service,No internet service,No internet service,No internet service,Month-to-month,Yes,Mailed check,18.0,970.11,No
8551-SZLC,Female,0,No,No,54,Yes,Yes,Fiber optic,No,No,Yes,Yes,Yes,Yes,Month-to-month,Yes,Bank transfer (automatic),107.26,5403.74,Yes
8970-SZCE,Female,0,No,Yes,22,No,No phone service,DSL,No,No,No,Yes,Yes,No,Month-to-month,No,Bank transfer (automatic),58.26,1252.06,Yes
3319-IZZO,Female,0,No,No,2,Yes,No,Fiber optic,No,No,Yes,Yes,No,Yes,Month-to-month,Yes,Mailed check,85.63,161.87,Yes
8118-JLBM,Female,0,No,No,63,Yes,No,Fiber optic,No,No,No,Yes,No,Yes,Two year,Yes,Bank transfer (automatic),83.3,4630.47,Yes
3191-SXTR,Male,0,No,Yes,17,No,No phone service,Fiber optic,No,No,Yes,No,Yes,Yes,One year,Yes,Credit card (automatic),82.84,1333.15,No
4976-NYIK,Female,0,Yes,No,54,Yes,No,DSL,No,No,Yes,No,Yes,No,Two year,No,Mailed check,60.11,3138.26,No
8795-DWUB,Male,0,Yes,No,63,Yes,Yes,Fiber optic,Yes,No,Yes,No,Yes,No,One year,Yes,Bank transfer (automatic),94.3,5874.37,No
6084-YXDJ,Male,0,Yes,Yes,60,Yes,No,Fiber optic,No,No,No,No,Yes,Yes,One year,Yes,Bank transfer (automatic),85.16,5061.79,No
5112-DEHG,Female,0,Yes,No,55,Yes,No,Fiber optic,No,No,Yes,No,Yes,No,Two year,Yes,Electronic check,80.66,4493.85,No
2017-BQQD,Male,0,Yes,Yes,55,Yes,Yes,No,No internet service,No internet service,No internet service,No internet service,No internet service,No internet service,Two year,No,Mailed check,36.89,1872.16,No
4628-SHWW,Male,0,No,No,35,Yes,Yes,DSL,Yes,Yes,No,Yes,Yes,Yes,Two year,Yes,Mailed check,91.96,2946.76,Yes
9269-ITPQ,Female,0,No,No,43,Yes,No,No,No internet service,No internet service,No internet service,No internet service,No internet service,No internet service,Month-to-month,Yes,Mailed check,18.0,754.04,No
3267-ACAZ,Female,0,Yes,No,32,No,No phone service,DSL,No,No,No,Yes,Yes,Yes,Month-to-month,Yes,Bank transfer (automatic),63.34,2007.47,No
2704-OXPB,Male,0,No,No,70,Yes,No,Fiber optic,No,No,Yes,Yes,No,No,Two year,Yes,Electronic check,84.82,5960.49,No
6772-RAFC,Male,0,No,No,31,Yes,Yes,DSL,No,Yes,Yes,No,No,Yes,One year,No,Mailed check,74.09,2167.12,No
5975-OEZG,Female,0,No,Yes,35,No,No phone service,Fiber optic,Yes,No,Yes,Yes,No,No,Two year,No,Bank transfer (automatic),74.78,2612.2,No
2427-YAIV,Male,1,Yes,Yes,36,Yes,Yes,Fiber optic,No,Yes,No,No,Yes,No,One year,No,Electronic check,90.57,3167.89,No
8012-EGUX,Female,0,Yes,No,31,Yes,No,Fiber optic,No,No,No,No,Yes,Yes,Month-to-month,Yes,Mailed check,89.16,2629.73,Yes
8247-MAFF,Male,0,Yes,Yes,13,Yes,Yes,DSL,No,Yes,Yes,Yes,No,Yes,Month-to-month,No,Bank transfer (automatic),73.6,902.56,No
8286-HYBQ,Male,0,Yes,No,49,Yes,No,Fiber optic,Yes,No,Yes,Yes,Yes,Yes,One year,Yes,Mailed check,102.42,4735.35,Yes
3609-ITOV,Male,1,No,No,53,Yes,Yes,Fiber optic,No,No,No,No,No,Yes,Month-to-month,Yes,Credit card (automatic),94.85,4983.38,Yes
4972-FZIX,Female,0,Yes,Yes,1,Yes,Yes,Fiber optic,No,Yes,Yes,No,No,No,Month-to-month,Yes,Bank transfer (automatic),81.22,80.49,Yes
3822-LATF,Female,0,No,No,12,Yes,No,DSL,No,Yes,Yes,No,No,No,Month-to-month,Yes,Electronic check,64.54,766.79,Yes
2525-VSTB,Female,0,Yes,No,12,Yes,No,DSL,No,Yes,Yes,No,No,Yes,One year,No,Electronic check,66.14,770.65,No
5992-FCZW,Female,0,No,No,27,Yes,No,DSL,No,Yes,Yes,Yes,Yes,No,One year,Yes,Electronic check,68.63,1657.05,No
5642-GCWY,Female,0,No,No,29,Yes,No,Fiber optic,Yes,Yes,Yes,No,Yes,Yes,Month-to-month,No,Bank transfer (automatic),107.0,2983.16,Yes
4953-OZJV,Female,0,Yes,No,5,Yes,No,DSL,No,No,Yes,No,Yes,No,Month-to-month,Yes,Electronic check,71.6,361.74,Yes
2537-UHNR,Female,0,No,No,24,Yes,No,No,No internet service,No internet service,No internet service,No internet service,No internet service,No internet service,Month-to-month,No,Mailed check,31.12,649.73,No
2008-HHJD,Male,0,Yes,No,27,Yes,No,Fiber optic,No,Yes,No,No,Yes,Yes,Month-to-month,Yes,Bank transfer (automatic),93.19,2254.3,Yes
4132-REII,Male,1,Yes,No,11,No,No phone service,DSL,No,Yes,No,Yes,No,No,Two year,No,Electronic check,49.99,558.65,No
8867-QWMJ,Female,0,Yes,No,47,Yes,Yes,No,No internet service,No internet service,No internet service,No internet service,No internet service,No internet service,Month-to-month,No,Bank transfer (automatic),30.81,1369.12,No
2901-QWMR,Female,0,Yes,No,69,Yes,No,DSL,No,Yes,No,Yes,No,No,Month-to-month,Yes,Bank transfer (automatic),58.84,3732.49,No
6201-USPI,Female,0,Yes,No,58,Yes,No,Fiber optic,No,No,No,No,Yes,No,Month-to-month,No,Mailed check,75.01,4317.54,No
2909-OCBJ,Male,0,No,No,65,No,No phone service,Fiber optic,No,No,No,No,No,No,Two year,No,Bank transfer (automatic),65.26,4276.11,No
9624-RFLT,Female,0,Yes,No,57,Yes,No,No,No internet service,No internet service,No internet service,No internet service,No internet service,No internet service,Month-to-month,Yes,Mailed check,23.59,1279.28,No
3688-MXTV,Male,0,Yes,No,51,Yes,No,DSL,Yes,No,No,No,No,Yes,Month-to-month,Yes,Bank transfer (automatic),62.24,2990.63,No
9028-YDTZ,Male,0,Yes,Yes,48,Yes,Yes,No,No internet service,No internet service,No internet service,No internet service,No internet service,No internet service,One year,No,Mailed check,29.51,1306.73,No
3212-BGQF,Male,0,Yes,No,60,Yes,No,DSL,Yes,Yes,No,Yes,Yes,No,Month-to-month,Yes,Credit card (automatic),72.5,3867.58,No
3359-IPAR,Female,0,Yes,Yes,55,Yes,Yes,No,No internet service,No internet service,No internet service,No internet service,No internet service,No internet service,One year,Yes,Electronic check,32.86,1723.14,No
4933-ATCC,Female,0,Yes,No,66,Yes,No,Fiber optic,Yes,No,Yes,No,No,No,Two year,Yes,Mailed check,77.95,4972.85,No
6548-BKSM,Female,0,No,No,57,Yes,No,Fiber optic,No,Yes,Yes,No,No,Yes,Two year,Yes,Electronic check,87.0,4544.47,Yes
6923-EZVY,Male,0,Yes,No,48,Yes,Yes,No,No internet service,No internet service,No internet service,No internet service,No internet service,No internet service,Two year,Yes,Mailed check,30.42,1470.47,No
1122-WIDD,Male,0,No,No,65,No,No phone service,Fiber optic,Yes,No,Yes,No,Yes,Yes,Month-to-month,Yes,Credit card (automatic),88.56,5682.49,No
2279-ILGW,Female,0,Yes,No,44,Yes,Yes,DSL,No,Yes,No,Yes,Yes,No,Month-to-month,No,Bank transfer (automatic),68.34,2934.43,Yes
2118-PTHD,Male,0,No,No,31,Yes,No,Fiber optic,No,No,No,Yes,No,Yes,Month-to-month,Yes,Bank transfer (automatic),90.67,2695.05,Yes
7910-TMMI,Female,0,No,Yes,8,Yes,Yes,Fiber optic,No,No,No,Yes,No,No,Month-to-month,No,Electronic check,81.32,656.99,Yes
9374-VEFB,Male,1,Yes,Yes,44,Yes,Yes,Fiber optic,Yes,Yes,Yes,No,Yes,Yes,Month-to-month,No,Mailed check,105.73,4689.87,No
5377-ABTE,Female,0,No,No,45,No,No phone service,Fiber optic,Yes,Yes,No,No,No,Yes,One year,Yes,Credit card (automatic),81.86,3088.76,No
5385-XMAG,Male,0,No,No,29,Yes,Yes,Fiber optic,No,Yes,No,Yes,Yes,Yes,Two year,No,Credit card (automatic),102.68,2794.78,No
6403-QSTA,Female,0,No,Yes,45,Yes,Yes,DSL,Yes,Yes,Yes,Yes,No,No,Month-to-month,No,Mailed check,74.48,3249.5,No
2985-TNLS,Male,0,Yes,Yes,34,No,No phone service,DSL,No,Yes,Yes,Yes,Yes,No,Two year,Yes,Electronic check,66.84,2180.08,No
6500-GWCI,Male,0,No,Yes,68,Yes,No,Fiber optic,Yes,No,Yes,Yes,Yes,No,Month-to-month,No,Bank transfer (automatic),87.67,6192.96,Yes
1304-RFQZ,Male,0,No,No,29,No,No phone service,DSL,Yes,Yes,Yes,No,No,Yes,Two year,Yes,Electronic check,60.63,1701.39,No
3509-TOGY,Male,0,Yes,No,37,Yes,No,Fiber optic,Yes,Yes,No,No,Yes,Yes,Month-to-month,Yes,Electronic check,99.7,3587.42,Yes
9686-ZLLQ,Female,0,Yes,No,53,No,No phone service,DSL,No,Yes,Yes,Yes,Yes,No,Two year,No,Credit card (automatic),63.28,3193.73,No
4174-TTLJ,Female,0,Yes,No,67,No,No phone service,DSL,Yes,No,Yes,No,No,Yes,Month-to-month,Yes,Electronic check,61.99,3927.14,No
3310-VRTK,Female,0,Yes,Yes,4,Yes,Yes,DSL,No,Yes,No,No,Yes,Yes,Two year,Yes,Bank transfer (automatic),85.66,323.84,No
4039-CDNU,Female,0,Yes,Yes,9,Yes,No,Fiber optic,Yes,No,No,No,No,Yes,Month-to-month,Yes,Mailed check,83.0,666.75,Yes
2633-LHRR,Female,0,No,No,23,Yes,Yes,DSL,No,Yes,No,No,No,Yes,One year,Yes,Electronic check,69.23,1589.37,Yes
1925-VWOJ,Female,0,Yes,Yes,3,Yes,No,Fiber optic,No,Yes,No,No,Yes,No,Month-to-month,Yes,Bank transfer (automatic),87.81,233.12,Yes
5126-RRJT,Male,0,Yes,No,7,Yes,Yes,No,No internet service,No internet service,No internet service,No internet service,No internet service,No internet service,Month-to-month,Yes,Electronic check,29.35,204.74,No
8393-NLJJ,Male,0,No,No,20,Yes,Yes,DSL,Yes,No,Yes,No,No,No,Two year,Yes,Credit card (automatic),66.69,1309.64,No
5430-NJQK,Male,0,No,Yes,31,Yes,Yes,Fiber optic,No,No,No,No,Yes,No,Month-to-month,Yes,Mailed check,92.01,2656.53,Yes
9155-QWEB,Male,1,Yes,No,46,Yes,No,DSL,Yes,No,Yes,No,Yes,No,Month-to-month,No,Electronic check,64.12,2735.54,No
9462-DFIQ,Female,0,No,No,34,Yes,No,Fiber optic,No,No,No,No,Yes,No,Two year,No,Electronic check,81.96,2817.29,No
9937-WMUZ,Female,0,Yes,No,3,Yes,No,No,No internet service,No internet service,No internet service,No internet service,No internet service,No internet service,Two year,No,Mailed check,28.82,82.28,No
2229-UBXE,Female,0,No,No,63,Yes,Yes,Fiber optic,Yes,Yes,Yes,No,Yes,Yes,One year,Yes,Electronic check,112.52,6812.08,No
6283-HKJR,Male,0,Yes,No,68,Yes,Yes,Fiber optic,No,No,No,No,Yes,Yes,One year,No,Electronic check,99.33,5923.76,Yes
6550-BUQQ,Male,0,No,No,18,Yes,No,DSL,No,No,Yes,Yes,Yes,No,Month-to-month,No,Credit card (automatic),73.14,1229.73,Yes
6329-QWRH,Male,1,Yes,Yes,41,Yes,Yes,Fiber optic,No,Yes,Yes,No,Yes,Yes,Month-to-month,Yes,Bank transfer (automatic),103.31,4068.11,Yes
3447-CERA,Female,0,Yes,No,40,Yes,Yes,No,No internet service,No internet service,No internet service,No internet service,No internet service,No internet service,Month-to-month,Yes,Bank transfer (automatic),28.66,1050.59,No
9539-XZEU,Female,0,No,Yes,60,Yes,No,DSL,No,No,Yes,Yes,No,Yes,Month-to-month,No,Credit card (automatic),67.57,3814.79,No
5570-KPOQ,Female,0,No,No,54,Yes,No,Fiber optic,No,Yes,No,No,Yes,No,Month-to-month,No,Bank transfer (automatic),84.72,4404.51,Yes
3911-GXIB,Female,1,Yes,Yes,11,Yes,No,No,No internet service,No internet service,No internet service,No internet service,No internet service,No internet service,Month-to-month,Yes,Bank transfer (automatic),20.76,220.97,No
2362-PGTF,Female,0,No,No,15,Yes,Yes,DSL,No,Yes,No,Yes,Yes,Yes,One year,No,Credit card (automatic),77.79,1126.86,No
2840-LHXN,Male,0,Yes,Yes,59,Yes,Yes,DSL,No,No,Yes,Yes,Yes,No,One year,Yes,Credit card (automatic),72.29,4298.57,No
5705-MXJN,Female,0,No,Yes,20,Yes,Yes,Fiber optic,No,Yes,Yes,Yes,No,Yes,One year,Yes,Mailed check,102.15,1895.9,No
5146-HTZV,Female,0,No,Yes,26,Yes,Yes,Fiber optic,Yes,No,No,Yes,Yes,No,Month-to-month,Yes,Electronic check,93.39,2435.47,Yes
2867-FGSI,Male,0,No,Yes,58,Yes,No,No,No internet service,No internet service,No internet service,No internet service,No internet service,No internet service,One year,No,Electronic check,28.11,1570.97,No
7531-CNFK,Female,0,No,No,40,Yes,No,Fiber optic,No,Yes,Yes,Yes,Yes,Yes,One year,Yes,Electronic check,99.59,4016.9,Yes
4277-GKMZ,Male,1,Yes,Yes,30,Yes,Yes,Fiber optic,No,No,Yes,Yes,No,Yes,One year,Yes,Credit card (automatic),90.9,2497.64,Yes
9615-VZZR,Male,1,No,No,47,Yes,No,Fiber optic,Yes,No,Yes,Yes,Yes,No,One year,No,Credit card (automatic),101.47,4636.11,Yes
9436-VBNL,Male,0,Yes,No,57,Yes,No,No,No internet service,No internet service,No internet service,No internet service,No internet service,No internet service,Month-to-month,Yes,Mailed check,21.88,1236.41,No
6189-XOMR,Male,0,Yes,Yes,57,Yes,Yes,Fiber optic,Yes,Yes,Yes,No,Yes,No,One year,Yes,Electronic check,99.45,5217.92,No
8635-NKOL,Male,0,No,No,4,Yes,No,DSL,No,Yes,No,No,No,No,Two year,No,Bank transfer (automatic),54.77,198.71,No
2254-CZEW,Male,0,Yes,No,27,No,No phone service,No,No internet service,No internet service,No internet service,No internet service,No internet service,No internet service,One year,No,Credit card (automatic),19.38,529.3,No
8969-TTQJ,Male,1,No,No,19,Yes,Yes,Fiber optic,Yes,No,No,Yes,No,No,One year,Yes,Electronic check,89.27,1589.83,No
8657-LCJN,Female,0,No,No,63,Yes,Yes,No,No internet service,No internet service,No internet service,No internet service,No internet service,No internet service,One year,Yes,Electronic check,26.45,1465.93,No
6777-WMHN,Male,0,Yes,No,8,Yes,No,DSL,No,No,No,Yes,No,No,Month-to-month,No,Mailed check,50.9,371.88,No
9811-SGAS,Male,0,Yes,No,3,Yes,Yes,DSL,No,No,No,Yes,Yes,Yes,Month-to-month,Yes,Electronic check,71.62,195.73,Yes
5935-GXIX,Male,0,Yes,No,60,Yes,Yes,DSL,Yes,Yes,Yes,No,No,No,One year,No,Electronic check,66.92,3720.61,No
6518-WBTU,Male,0,No,No,55,Yes,Yes,Fiber optic,No,No,No,No,No,Yes,Month-to-month,Yes,Electronic check,84.58,3988.66,No
5816-ZNRK,Male,0,No,No,49,Yes,No,Fiber optic,Yes,Yes,No,No,Yes,Yes,Month-to-month,No,Bank transfer (automatic),97.54,4325.43,No
1293-DTBW,Male,0,Yes,No,28,Yes,Yes,No,No internet service,No internet service,No internet service,No internet service,No internet service,No internet service,Month-to-month,Yes,Bank transfer (automatic),37.75,1020.02,No
4006-YLEY,Female,0,No,No,0,Yes,Yes,Fiber optic,No,No,No,No,No,No,One year,No,Credit card (automatic),82.22,,No
3367-LBAW,Male,0,No,No,30,Yes,Yes,Fiber optic,Yes,No,No,Yes,Yes,Yes,Two year,Yes,Mailed check,103.39,3139.2,No
5802-HKAX,Male,0,Yes,Yes,37,Yes,Yes,DSL,No,Yes,Yes,No,Yes,No,Two year,Yes,Mailed check,75.93,2600.31,No
1070-PCUH,Male,0,Yes,Yes,34,Yes,Yes,Fiber optic,Yes,No,No,No,No,No,Month-to-month,No,Electronic check,82.96,2616.19,Yes
1917-EFNH,Female,1,Yes,No,40,Yes,Yes,No,No internet service,No internet service,No internet service,No internet service,No internet service,No internet service,Two year,No,Mailed check,26.97,967.39,No
7575-NFWF,Male,0,Yes,No,51,Yes,Yes,DSL,No,No,Yes,No,Yes,Yes,Two year,Yes,Mailed check,78.9,3695.01,Yes
5094-TWIC,Female,0,Yes,No,48,Yes,Yes,DSL,Yes,Yes,Yes,No,Yes,Yes,One year,No,Mailed check,85.0,3710.34,No
9036-KLRU,Male,0,Yes,Yes,48,No,No phone service,Fiber optic,No,No,Yes,Yes,No,Yes,Month-to-month,Yes,Credit card (automatic),78.89,3589.4,No
9592-TAIW,Male,0,Yes,No,35,Yes,Yes,Fiber optic,Yes,Yes,No,No,No,No,Month-to-month,No,Electronic check,85.81,3135.22,Yes
7993-JIYM,Male,1,No,Yes,58,Yes,No,No,No internet service,No internet service,No internet service,No internet service,No internet service,No internet service,Month-to-month,Yes,Bank transfer (automatic),24.04,1358.93,No
8604-IYQO,Female,0,Yes,No,31,Yes,Yes,Fiber optic,No,No,No,Yes,No,Yes,Month-to-month,No,Mailed check,87.01,2423.44,No
4827-XAYR,Female,0,No,No,43,Yes,No,Fiber optic,No,No,No,No,No,Yes,Month-to-month,No,Electronic check,81.31,3452.85,Yes
4571-MLGC,Male,0,Yes,No,53,No,No phone service,Fiber optic,No,No,Yes,No,Yes,No,Month-to-month,Yes,Mailed check,76.83,4020.79,Yes
2791-KDXD,Male,1,No,No,10,Yes,No,DSL,Yes,No,No,Yes,Yes,No,Month-to-month,Yes,Bank transfer (automatic),63.48,577.63,No
8313-GNUQ,Male,0,No,No,38,Yes,Yes,Fiber optic,Yes,Yes,No,Yes,No,No,Month-to-month,Yes,Credit card (automatic),97.3,3558.69,No
3084-EXWK,Male,0,No,Yes,29,Yes,Yes,Fiber optic,No,Yes,Yes,Yes,Yes,No,Month-to-month,No,Bank transfer (automatic),91.01,2396.48,Yes
3746-ZMDT,Male,0,Yes,No,8,Yes,Yes,No,No internet service,No internet service,No internet service,No internet service,No internet service,No internet service,Two year,Yes,Bank transfer (automatic),31.59,242.68,No
5313-STNL,Female,0,Yes,No,57,No,No phone service,DSL,No,Yes,Yes,No,Yes,No,One year,No,Mailed check,57.22,2850.99,No
5645-UAEA,Male,0,Yes,No,13,Yes,Yes,DSL,No,Yes,No,Yes,Yes,Yes,Month-to-month,Yes,Credit card (automatic),75.74,929.9,No
3471-UJMJ,Male,0,No,No,71,Yes,Yes,No,No internet service,No internet service,No internet service,No internet service,No internet service,No internet service,One year,No,Mailed check,30.91,2243.81,No
3384-AXFN,Female,0,No,No,25,Yes,No,DSL,No,No,No,No,Yes,No,One year,No,Bank transfer (automatic),65.44,1570.53,No
6073-SNHL,Male,0,No,No,25,Yes,Yes,Fiber optic,No,Yes,Yes,No,Yes,Yes,One year,Yes,Electronic check,102.36,2490.61,No
3802-RMDH,Female,0,No,No,9,Yes,No,DSL,No,No,Yes,Yes,No,Yes,Month-to-month,No,Electronic check,58.12,500.36,No
1233-EFIO,Male,0,Yes,Yes,43,Yes,No,Fiber optic,Yes,Yes,Yes,No,Yes,No,Month-to-month,Yes,Electronic check,94.13,3817.8,Yes
1788-FQMR,Female,0,No,Yes,57,No,No phone service,No,No internet service,No internet service,No internet service,No internet service,No internet service,No internet service,Month-to-month,Yes,Electronic check,19.27,1016.3,No
5668-OGWA,Male,0,Yes,Yes,20,Yes,No,Fiber optic,Yes,No,Yes,Yes,Yes,No,One year,No,Electronic check,104.4,2109.2,Yes
9673-AURL,Female,0,No,Yes,41,No,No phone service,DSL,No,Yes,Yes,No,Yes,No,Two year,Yes,Credit card (automatic),60.45,2188.83,No
5731-GXIO,Female,0,No,No,9,Yes,No,No,No internet service,No internet service,No internet service,No internet service,No internet service,No internet service,One year,No,Mailed check,29.95,269.67,Yes
5301-NUMN,Male,0,Yes,No,28,Yes,Yes,DSL,No,Yes,Yes,Yes,No,No,Two year,Yes,Bank transfer (automatic),63.12,1788.05,No
1575-GSMX,Male,0,No,No,35,Yes,Yes,No,No internet service,No internet service,No internet service,No internet service,No internet service,No internet service,Month-to-month,No,Electronic check,34.47,1132.61,No
1733-UDIM,Female,0,Yes,No,30,No,No phone service,DSL,Yes,Yes,Yes,No,Yes,Yes,Two year,Yes,Bank transfer (automatic),69.58,2013.2,No
3501-FNFI,Female,0,No,No,31,Yes,Yes,DSL,No,Yes,No,Yes,No,No,One year,No,Electronic check,60.27,1853.21,No
1285-EXWH,Male,0,Yes,Yes,11,Yes,Yes,Fiber optic,No,Yes,No,No,Yes,Yes,Month-to-month,Yes,Credit card (automatic),106.41,1106.92,Yes
7609-VJIQ,Male,0,No,No,59,Yes,No,Fiber optic,No,No,No,No,No,Yes,Month-to-month,Yes,Bank transfer (automatic),79.42,4272.78,No
2307-LWTY,Male,0,No,No,61,Yes,No,DSL,No,Yes,No,No,No,Yes,Month-to-month,Yes,Bank transfer (automatic),58.81,3569.67,No
2668-LSVY,Female,0,Yes,No,28,Yes,Yes,No,No internet service,No internet service,No internet service,No internet service,No internet service,No internet service,Two year,No,Bank transfer (automatic),28.32,773.1,No
1628-RHAV,Female,1,Yes,No,11,No,No phone service,No,No internet service,No internet service,No internet service,No internet service,No internet service,No internet service,Month-to-month,Yes,Electronic check,18.0,191.2,No
3093-SQWQ,Male,0,Yes,Yes,10,Yes,Yes,Fiber optic,Yes,Yes,No,No,No,Yes,One year,Yes,Electronic check,96.18,928.26,No
5655-EIUZ,Female,0,No,Yes,39,Yes,No,Fiber optic,No,No,Yes,No,Yes,Yes,One year,Yes,Credit card (automatic),85.85,3264.58,No
9401-QZCV,Female,0,No,No,69,Yes,No,No,No internet service,No internet service,No internet service,No internet service,No internet service,No internet service,Month-to-month,No,Electronic check,26.13,1723.39,No
5530-RLUL,Male,0,Yes,No,22,Yes,No,DSL,Yes,No,No,Yes,No,No,Month-to-month,Yes,Mailed check,60.12,1248.62,No
5055-UJJC,Male,1,No,Yes,10,No,No phone service,No,No internet service,No internet service,No internet service,No internet service,No internet service,No internet service,One year,Yes,Bank transfer (automatic),22.57,197.68,No
1965-VIGA,Female,0,No,Yes,2,Yes,Yes,DSL,No,No,No,No,No,Yes,Month-to-month,No,Mailed check,66.57,127.84,Yes
6886-IIKN,Male,0,No,No,14,Yes,No,Fiber optic,No,No,Yes,No,No,Yes,Two year,Yes,Electronic check,87.45,1143.66,No
8064-KKTI,Male,1,No,Yes,67,Yes,Yes,Fiber optic,No,No,No,No,No,Yes,Month-to-month,No,Electronic check,81.65,5094.0,Yes
8141-DBHW,Male,0,No,No,16,Yes,Yes,No,No internet service,No internet service,No internet service,No internet service,No internet service,No internet service,Month-to-month,No,Electronic check,32.12,518.03,No
1411-WUJE,Female,0,Yes,No,35,Yes,No,DSL,No,No,No,No,Yes,No,Two year,Yes,Credit card (automatic),56.97,1902.46,No
8754-USQN,Male,0,No,No,14,Yes,No,Fiber optic,No,No,Yes,No,Yes,Yes,Month-to-month,No,Bank transfer (automatic),91.25,1263.81,Yes
6961-WOSM,Female,0,No,No,55,Yes,No,DSL,No,No,No,Yes,Yes,No,Two year,Yes,Mailed check,64.66,3427.62,No
9593-SDYS,Female,0,No,No,13,Yes,Yes,No,No internet service,No internet service,No internet service,No internet service,No internet service,No internet service,Month-to-month,Yes,Credit card (automatic),32.19,386.18,Yes
3385-AUTB,Male,0,Yes,Yes,28,Yes,Yes,Fiber optic,Yes,No,No,No,No,Yes,Month-to-month,Yes,Credit card (automatic),91.23,2473.16,Yes
4818-CBHF,Male,0,No,No,8,No,No phone service,DSL,No,No,No,Yes,No,Yes,Two year,Yes,Credit card (automatic),58.37,430.11,Yes
1456-BLJM,Female,0,Yes,No,25,Yes,No,Fiber optic,No,No,Yes,No,No,No,Month-to-month,No,Mailed check,79.99,1863.7,Yes
2112-CVXI,Female,0,Yes,No,4,Yes,No,Fiber optic,No,Yes,Yes,No,No,No,Month-to-month,No,Credit card (automatic),85.08,331.12,Yes
3098-CUZG,Male,0,No,Yes,12,Yes,No,No,No internet service,No internet service,No internet service,No internet service,No internet service,No internet service,Two year,No,Mailed check,19.35,218.48,No
3042-OBWS,Female,0,Yes,Yes,58,Yes,Yes,DSL,Yes,Yes,No,Yes,No,Yes,Two year,Yes,Bank transfer (automatic),71.9,3639.53,No
8383-RMRU,Male,1,Yes,No,43,Yes,No,No,No internet service,No internet service,No internet service,No internet service,No internet service,No internet service,Month-to-month,Yes,Electronic check,28.0,1208.25,No
5829-ISZA,Male,0,Yes,No,25,Yes,Yes,DSL,No,No,No,Yes,No,No,Two year,No,Bank transfer (automatic),63.45,1526.57,No
9762-THDK,Male,1,Yes,No,58,No,No phone service,DSL,Yes,No,No,Yes,No,Yes,Month-to-month,No,Credit card (automatic),61.47,3287.81,No
9033-QDTT,Female,0,Yes,No,43,Yes,No,Fiber optic,Yes,Yes,No,Yes,Yes,No,One year,No,Electronic check,92.3,3993.88,No
7503-JFHE,Female,1,Yes,Yes,30,Yes,Yes,Fiber optic,No,Yes,Yes,No,Yes,No,One year,No,Mailed check,88.21,2485.3,No
5733-WZSZ,Male,0,Yes,Yes,3,Yes,No,DSL,Yes,Yes,No,No,Yes,No,One year,Yes,Credit card (automatic),66.48,190.42,No
2925-ATQJ,Male,1,No,No,56,Yes,No,Fiber optic,Yes,No,No,Yes,No,No,Month-to-month,No,Bank transfer (automatic),83.24,4443.77,No
1883-VQZD,Female,0,No,Yes,46,No,No phone service,Fiber optic,No,Yes,No,No,No,Yes,Month-to-month,Yes,Electronic check,71.55,3256.56,No
2575-AXPG,Male,0,Yes,No,57,Yes,No,Fiber optic,Yes,Yes,Yes,No,No,Yes,Month-to-month,No,Credit card (automatic),95.86,5285.35,No
6281-RQFC,Male,0,Yes,No,55,No,No phone service,No,No internet service,No internet service,No internet service,No internet service,No internet service,No internet service,One year,No,Mailed check,21.43,1148.88,No
8235-ATZQ,Male,0,Yes,No,57,Yes,Yes,Fiber optic,No,No,No,Yes,Yes,No,One year,Yes,Credit card (automatic),93.13,5039.76,No
4289-XFAY,Male,0,No,No,44,Yes,Yes,DSL,No,No,No,No,Yes,No,Two year,No,Bank transfer (automatic),60.19,2696.92,No
6201-SFVP,Male,1,Yes,No,35,Yes,Yes,No,No internet service,No internet service,No internet service,No internet service,No internet service,No internet service,One year,Yes,Bank transfer (automatic),31.33,1051.22,No
2258-UCNP,Male,0,Yes,No,60,Yes,No,No,No internet service,No internet service,No internet service,No internet service,No internet service,No internet service,Month-to-month,Yes,Credit card (automatic),27.84,1587.79,No
1898-PWNZ,Female,0,No,No,48,Yes,No,Fiber optic,Yes,Yes,No,No,Yes,Yes,One year,Yes,Mailed check,92.82,3980.09,Yes
2759-NDKV,Female,0,Yes,No,14,Yes,No,DSL,No,Yes,No,No,No,Yes,One year,Yes,Bank transfer (automatic),58.91,801.96,No
1010-JCHY,Male,1,No,No,50,Yes,Yes,Fiber optic,Yes,No,Yes,Yes,Yes,Yes,Two year,Yes,Mailed check,105.74,5158.33,No
1047-NJKP,Female,0,Yes,No,71,Yes,No,DSL,No,No,No,No,No,Yes,One year,Yes,Electronic check,58.76,3973.13,No
3633-DWRU,Female,0,No,No,64,Yes,No,Fiber optic,No,Yes,Yes,No,Yes,No,Two year,Yes,Bank transfer (automatic),74.94,4765.41,No
1335-WBOT,Male,0,No,No,19,Yes,Yes,Fiber optic,No,No,No,Yes,Yes,Yes,Month-to-month,No,Credit card (automatic),98.12,1809.02,Yes
6793-QWBN,Male,0,No,No,22,No,No phone service,Fiber optic,No,Yes,Yes,No,No,No,Month-to-month,Yes,Credit card (automatic),69.31,1471.45,No
7337-BUIX,Female,0,No,No,70,Yes,Yes,No,No internet service,No internet service,No internet service,No internet service,No internet service,No internet service,Two year,No,Electronic check,33.39,2199.17,No
7345-NHTG,Male,0,Yes,Yes,24,Yes,Yes,No,No internet service,No internet service,No internet service,No internet service,No internet service,No internet service,One year,No,Bank transfer (automatic),30.39,666.43,No
4334-HTRX,Male,0,Yes,Yes,55,Yes,Yes,Fiber optic,Yes,No,Yes,Yes,No,Yes,One year,No,Mailed check,108.32,5824.07,No
4371-YMVO,Male,1,Yes,Yes,50,Yes,No,No,No internet service,No internet service,No internet service,No internet service,No internet service,No internet service,Month-to-month,No,Electronic check,23.44,1108.93,No
3304-ZHAA,Female,1,Yes,Yes,6,Yes,No,No,No internet service,No internet service,No internet service,No internet service,No internet service,No internet service,Month-to-month,Yes,Bank transfer (automatic),33.89,192.65,No
5670-VMGP,Male,0,No,No,61,Yes,No,Fiber optic,Yes,No,Yes,Yes,Yes,Yes,Month-to-month,No,Credit card (automatic),100.24,6593.69,Yes
6501-NGKK,Female,0,Yes,No,38,Yes,No,Fiber optic,Yes,Yes,No,No,Yes,No,One year,No,Bank transfer (automatic),90.25,3059.87,No
6910-IHMO,Female,1,Yes,No,1,Yes,Yes,No,No internet service,No internet service,No internet service,No internet service,No internet service,No internet service,Month-to-month,Yes,Electronic check,26.98,25.07,Yes
2122-NZQW,Female,1,Yes,No,55,No,No phone service,No,No internet service,No internet service,No internet service,No internet service,No internet service,No internet service,Two year,Yes,Credit card (automatic),18.0,952.72,No
8623-BPLA,Female,0,No,No,3,Yes,No,DSL,No,No,No,No,No,No,One year,Yes,Mailed check,43.07,122.14,No
9537-EKTQ,Female,1,No,No,45,Yes,No,Fiber optic,Yes,No,Yes,Yes,No,No,Month-to-month,Yes,Mailed check,81.03,3444.19,Yes
9024-VXRP,Male,0,No,Yes,11,Yes,Yes,DSL,Yes,Yes,Yes,Yes,No,Yes,Month-to-month,Yes,Credit card (automatic),80.57,837.32,Yes
1509-PGYJ,Male,0,No,No,41,Yes,No,No,No internet service,No internet service,No internet service,No internet service,No internet service,No internet service,One year,Yes,Mailed check,26.74,1005.52,No
3188-QKKO,Female,1,Yes,No,13,Yes,No,No,No internet service,No internet service,No internet service,No internet service,No internet service,No internet service,Month-to-month,Yes,Electronic check,30.69,383.27,No
8152-NMNX,Female,0,Yes,No,34,No,No phone service,No,No internet service,No internet service,No internet service,No internet service,No internet service,No internet service,Two year,No,Mailed check,18.54,573.96,No
3856-FNIU,Male,0,No,No,50,No,No phone service,Fiber optic,No,Yes,Yes,No,Yes,No,Month-to-month,Yes,Bank transfer (automatic),80.92,4217.21,Yes
3033-TTAU,Female,0,Yes,No,16,Yes,No,Fiber optic,Yes,Yes,Yes,No,No,No,Month-to-month,Yes,Electronic check,88.18,1326.54,Yes
5789-ADYG,Female,0,No,No,16,Yes,No,DSL,No,Yes,No,Yes,No,No,Two year,Yes,Electronic check,60.42,898.33,No
3386-LOWR,Female,0,Yes,No,53,Yes,No,Fiber optic,Yes,Yes,No,No,No,No,Month-to-month,No,Bank transfer (automatic),76.44,3870.83,Yes
9384-XVMG,Female,1,Yes,No,49,Yes,No,DSL,No,Yes,No,No,Yes,No,Two year,Yes,Electronic check,65.4,3117.78,No
4831-YATX,Female,0,No,Yes,64,Yes,Yes,DSL,No,No,No,No,Yes,No,One year,Yes,Electronic check,55.82,3278.57,No
6430-HCPJ,Female,0,No,Yes,62,Yes,No,Fiber optic,Yes,No,No,No,Yes,No,Month-to-month,Yes,Credit card (automatic),88.59,5086.89,No
4238-IYEF,Male,0,No,Yes,62,Yes,Yes,Fiber optic,No,Yes,No,No,Yes,Yes,One year,No,Electronic check,88.81,5140.52,Yes
1375-NEPP,Male,0,Yes,No,55,Yes,Yes,DSL,No,No,Yes,No,Yes,Yes,Month-to-month,Yes,Electronic check,75.68,4057.8,Yes
4089-UZLZ,Female,0,Yes,No,46,Yes,No,Fiber optic,Yes,Yes,No,No,No,No,One year,No,Mailed check,79.32,3771.99,No
9297-IGGX,Female,0,No,No,5,Yes,Yes,DSL,Yes,Yes,No,No,Yes,Yes,Two year,No,Bank transfer (automatic),76.12,390.98,No
9151-BYNY,Male,0,Yes,No,32,Yes,No,DSL,Yes,No,Yes,Yes,Yes,No,Month-to-month,No,Electronic check,74.07,2210.41,No
3606-QZRX,Female,1,No,No,22,Yes,No,No,No internet service,No internet service,No internet service,No internet service,No internet service,No internet service,One year,Yes,Electronic check,29.35,624.66,No
4166-TMZS,Male,0,No,No,18,Yes,No,Fiber optic,No,No,No,Yes,Yes,No,Two year,Yes,Mailed check,86.1,1525.03,No
8184-TQLY,Female,1,No,No,12,Yes,No,Fiber optic,No,Yes,No,No,Yes,Yes,Month-to-month,Yes,Credit card (automatic),93.77,1095.4,Yes
9413-TCWC,Male,1,No,No,40,Yes,No,Fiber optic,Yes,Yes,Yes,No,Yes,Yes,Two year,No,Bank transfer (automatic),98.4,3939.96,No
7566-WVBT,Female,0,Yes,Yes,61,Yes,No,Fiber optic,Yes,No,No,No,No,Yes,Month-to-month,Yes,Electronic check,85.1,4685.77,Yes
9331-UDQH,Male,0,Yes,No,45,Yes,Yes,DSL,No,No,Yes,Yes,Yes,No,Month-to-month,No,Bank transfer (automatic),69.87,2970.02,No
7848-VZAV,Female,0,No,Yes,55,Yes,No,Fiber optic,Yes,Yes,No,Yes,No,No,Two year,Yes,Credit card (automatic),89.33,4672.51,No
2917-BCLT,Male,0,Yes,Yes,53,Yes,Yes,Fiber optic,Yes,No,No,No,No,Yes,Month-to-month,Yes,Bank transfer (automatic),80.64,3809.48,No
1378-LWKO,Female,0,No,No,53,Yes,No,Fiber optic,No,No,Yes,Yes,Yes,Yes,Month-to-month,Yes,Credit card (automatic),101.98,5060.41,Yes
1998-FXYS,Male,0,Yes,No,31,Yes,No,DSL,Yes,Yes,Yes,No,No,Yes,One year,Yes,Credit card (automatic),74.77,2395.98,No
8172-SZHR,Female,1,No,Yes,39,No,No phone service,Fiber optic,No,Yes,Yes,Yes,Yes,No,Month-to-month,No,Bank transfer (automatic),78.71,2907.48,No
2994-ENZZ,Male,0,No,No,14,Yes,Yes,Fiber optic,Yes,No,No,No,No,Yes,Month-to-month,Yes,Mailed check,90.16,1231.68,Yes
4773-ZMRX,Female,0,Yes,Yes,62,Yes,Yes,No,No internet service,No internet service,No internet service,No internet service,No internet service,No internet service,One year,Yes,Mailed check,35.22,2050.85,No
9447-CKWX,Female,0,No,No,56,Yes,Yes,Fiber optic,No,Yes,No,No,Yes,Yes,Two year,Yes,Electronic check,92.9,5148.39,No
5591-BSYL,Female,0,Yes,No,37,Yes,No,Fiber optic,No,Yes,Yes,Yes,No,Yes,Two year,Yes,Electronic check,91.87,3441.35,No
7478-ICJG,Female,0,Yes,No,26,Yes,No,Fiber optic,No,Yes,No,No,No,Yes,One year,No,Electronic check,88.81,2037.16,No
3185-TUPR,Female,0,Yes,No,18,Yes,Yes,DSL,Yes,Yes,No,Yes,No,Yes,One year,No,Electronic check,67.1,1174.48,No
6393-KKBO,Male,1,Yes,Yes,42,No,No phone service,No,No internet service,No internet service,No internet service,No internet service,No internet service,No internet service,Month-to-month,Yes,Electronic check,18.0,750.98,No
9642-GHCI,Female,0,Yes,Yes,38,Yes,No,Fiber optic,Yes,No,No,Yes,No,No,Month-to-month,Yes,Electronic check,87.0,3260.33,Yes
8853-MTNT,Male,0,Yes,No,31,No,No phone service,DSL,Yes,No,No,No,Yes,No,One year,No,Credit card (automatic),50.98,1499.02,No
6813-PPSF,Male,1,No,Yes,52,Yes,Yes,Fiber optic,Yes,No,Yes,Yes,Yes,Yes,Two year,Yes,Electronic check,96.06,4585.8,No
5432-YOMI,Male,0,Yes,No,46,Yes,No,DSL,No,Yes,No,No,Yes,Yes,Two year,Yes,Mailed check,63.88,2546.35,No
6072-GTSK,Female,1,No,No,29,Yes,No,No,No internet service,No internet service,No internet service,No internet service,No internet service,No internet service,Month-to-month,Yes,Credit card (automatic),30.29,847.75,Yes
9990-RFCL,Female,0,No,No,34,Yes,No,Fiber optic,No,Yes,No,No,Yes,Yes,Month-to-month,Yes,Electronic check,93.99,3096.13,No
5687-UVFC,Male,0,Yes,No,35,Yes,Yes,Fiber optic,Yes,No,No,No,Yes,No,Month-to-month,Yes,Bank transfer (automatic),92.98,3091.54,No
8054-RQCJ,Female,1,Yes,No,32,Yes,No,No,No internet service,No internet service,No internet service,No internet service,No internet service,No internet service,Month-to-month,No,Electronic check,30.7,824.2,No
6848-JAIG,Female,1,No,No,48,Yes,Yes,Fiber optic,Yes,No,Yes,No,No,No,Two year,No,Bank transfer (automatic),80.89,3716.96,No
3662-DRLC,Male,1,No,Yes,45,Yes,Yes,Fiber optic,Yes,No,No,No,Yes,Yes,One year,Yes,Mailed check,94.38,4106.91,No
7227-UZOS,Male,0,No,No,34,Yes,Yes,No,No internet service,No internet service,No internet service,No internet service,No internet service,No internet service,Month-to-month,Yes,Bank transfer (automatic),31.15,992.44,No
6403-MXXT,Female,0,Yes,No,57,Yes,Yes,No,No internet service,No internet service,No internet service,No internet service,No internet service,No internet service,One year,Yes,Credit card (automatic),31.35,1710.79,No
8326-MCZU,Female,1,Yes,Yes,26,Yes,Yes,Fiber optic,No,No,Yes,Yes,Yes,Yes,One year,Yes,Electronic check,98.24,2384.7,Yes
7428-AJUR,Male,0,No,No,6,Yes,Yes,DSL,Yes,No,Yes,No,No,No,Month-to-month,Yes,Credit card (automatic),62.71,373.09,No
8372-KPWM,Female,0,Yes,No,23,Yes,Yes,Fiber optic,Yes,Yes,Yes,No,No,No,Month-to-month,Yes,Electronic check,87.58,2053.81,No
2129-XEEJ,Male,0,Yes,Yes,4,Yes,No,Fiber optic,Yes,Yes,Yes,Yes,No,No,Month-to-month,No,Mailed check,85.18,333.36,No
5766-FKUA,Male,1,No,No,15,Yes,Yes,DSL,No,Yes,No,No,No,Yes,One year,Yes,Credit card (automatic),67.06,964.11,Yes
2404-BWZL,Female,1,Yes,No,18,No,No phone service,Fiber optic,No,Yes,No,No,Yes,No,Two year,No,Bank transfer (automatic),75.28,1183.14,Yes
2560-PZFE,Female,0,No,Yes,25,Yes,No,Fiber optic,No,No,No,Yes,No,Yes,Month-to-month,Yes,Credit card (automatic),75.99,1802.75,No
4332-LGIC,Female,0,Yes,No,1,Yes,Yes,Fiber optic,No,Yes,No,No,No,Yes,Two year,Yes,Credit card (automatic),90.95,92.5,Yes
7456-KVKH,Male,0,No,Yes,32,No,No phone service,Fiber optic,Yes,Yes,Yes,No,Yes,No,Month-to-month,No,Bank transfer (automatic),85.45,2476.59,No
6626-TLPE,Female,0,No,No,60,Yes,Yes,Fiber optic,Yes,Yes,Yes,Yes,No,No,Month-to-month,No,Mailed check,96.94,6092.41,No
1991-BJXJ,Male,1,Yes,No,37,Yes,Yes,Fiber optic,No,Yes,No,No,Yes,Yes,One year,Yes,Electronic check,87.96,2896.97,Yes
4316-SEFF,Male,0,No,No,60,Yes,Yes,Fiber optic,No,Yes,No,No,Yes,Yes,Two year,Yes,Mailed check,99.55,5431.13,No
3809-CGNU,Male,0,Yes,Yes,19,Yes,No,DSL,No,Yes,No,No,No,Yes,One year,Yes,Mailed check,55.2,934.33,No
8063-WZAO,Male,1,No,No,60,Yes,Yes,No,No internet service,No internet service,No internet service,No internet service,No internet service,No internet service,Month-to-month,No,Bank transfer (automatic),28.94,1577.41,No
9804-FKHM,Female,0,No,No,25,Yes,No,DSL,Yes,Yes,No,Yes,Yes,No,Two year,No,Credit card (automatic),74.82,1840.43,No
8460-JRGE,Male,0,No,No,64,Yes,No,DSL,No,No,No,No,No,Yes,Month-to-month,No,Electronic check,55.13,3430.02,Yes
3467-FIRD,Female,1,No,No,42,Yes,No,No,No internet service,No internet service,No internet service,No internet service,No internet service,No internet service,Two year,Yes,Credit card (automatic),21.01,802.34,No
4009-BNOQ,Male,0,No,No,44,Yes,Yes,Fiber optic,Yes,No,No,No,Yes,No,Month-to-month,Yes,Credit card (automatic),85.23,3509.61,No
2536-YNQV,Male,0,Yes,Yes,57,Yes,No,DSL,No,Yes,No,Yes,No,No,Month-to-month,Yes,Electronic check,58.46,3098.64,No
7578-YVGO,Female,0,Yes,Yes,21,Yes,No,DSL,No,Yes,No,Yes,No,Yes,Month-to-month,Yes,Credit card (automatic),69.18,1421.66,Yes
1364-FXHE,Female,0,No,No,13,Yes,Yes,Fiber optic,Yes,No,No,Yes,Yes,Yes,Month-to-month,Yes,Bank transfer (automatic),99.91,1210.42,Yes
9863-NRGP,Female,0,Yes,No,2,Yes,No,No,No internet service,No internet service,No internet service,No internet service,No internet service,No internet service,Month-to-month,Yes,Bank transfer (automatic),27.24,51.84,Yes
7514-KNKK,Male,0,No,No,52,Yes,Yes,Fiber optic,Yes,No,No,No,No,Yes,Two year,Yes,Mailed check,96.66,4812.05,No
9598-CYVN,Male,0,No,No,12,Yes,Yes,DSL,Yes,Yes,No,No,Yes,No,One year,No,Electronic check,66.43,769.91,No
7933-LZQU,Female,0,No,No,27,Yes,Yes,Fiber optic,Yes,No,Yes,Yes,Yes,No,Month-to-month,Yes,Electronic check,97.2,2366.62,Yes
3760-ZRBV,Female,0,No,No,40,Yes,No,Fiber optic,No,No,Yes,No,No,Yes,One year,Yes,Mailed check,80.36,3127.47,No
3650-DTWT,Female,0,No,No,56,Yes,Yes,No,No internet service,No internet service,No internet service,No internet service,No internet service,No internet service,Month-to-month,Yes,Electronic check,31.02,1674.05,No
7674-YHTA,Male,0,Yes,Yes,43,Yes,Yes,Fiber optic,Yes,Yes,No,No,Yes,No,Two year,No,Electronic check,96.66,4200.58,No
3717-OBVY,Male,0,No,No,36,Yes,No,DSL,Yes,Yes,Yes,Yes,No,No,Month-to-month,No,Mailed check,66.8,2297.64,No
3263-YITE,Male,1,No,Yes,8,Yes,Yes,Fiber optic,No,No,Yes,Yes,No,No,Two year,No,Mailed check,81.7,609.39,No
3241-CFQT,Male,0,Yes,Yes,37,Yes,No,DSL,No,No,Yes,Yes,Yes,Yes,Two year,No,Electronic check,73.55,2589.62,No
8573-PUSL,Female,1,Yes,No,52,Yes,No,Fiber optic,Yes,No,Yes,No,No,Yes,One year,No,Electronic check,80.76,3816.47,No
2067-UUHM,Female,0,No,Yes,33,Yes,No,No,No internet service,No internet service,No internet service,No internet service,No internet service,No internet service,Month-to-month,No,Electronic check,18.0,571.96,No
1808-JGCJ,Male,0,Yes,No,10,No,No phone service,Fiber optic,No,Yes,Yes,Yes,No,Yes,Month-to-month,Yes,Bank transfer (automatic),91.03,887.47,Yes
6967-BNUD,Male,0,No,No,35,Yes,No,Fiber optic,No,Yes,Yes,Yes,Yes,No,Month-to-month,Yes,Bank transfer (automatic),91.42,3068.06,Yes
1996-YOZP,Female,0,No,No,39,Yes,No,No,No internet service,No internet service,No internet service,No internet service,No internet service,No internet service,Month-to-month,Yes,Bank transfer (automatic),24.97,926.48,No
4638-KVVD,Male,0,Yes,No,63,Yes,No,Fiber optic,No,No,Yes,No,Yes,Yes,Month-to-month,No,Electronic check,97.07,5810.5,Yes
2640-PIOI,Female,0,No,No,41,Yes,Yes,No,No internet service,No internet service,No internet service,No internet service,No internet service,No internet service,One year,Yes,Credit card (automatic),30.05,1192.36,No
1495-WRSP,Male,0,Yes,No,17,Yes,Yes,No,No internet service,No internet service,No internet service,No internet service,No internet service,No internet service,Month-to-month,No,Electronic check,33.37,515.59,No
5690-RRGQ,Male,0,Yes,No,0,Yes,No,DSL,Yes,Yes,No,Yes,Yes,No,One year,Yes,Credit card (automatic),65.63,,No
2021-YXZK,Female,0,No,No,27,No,No phone service,Fiber optic,Yes,No,No,Yes,No,Yes,Two year,No,Mailed check,78.03,2092.99,No
6540-GDEE,Female,0,Yes,No,38,Yes,No,DSL,No,Yes,No,Yes,Yes,No,Month-to-month,Yes,Mailed check,67.02,2517.75,Yes
4693-ZAAP,Female,0,Yes,No,52,Yes,No,Fiber optic,No,Yes,Yes,No,No,No,Month-to-month,Yes,Credit card (automatic),80.74,4030.29,No
4304-RLBD,Male,0,No,No,46,Yes,No,DSL,No,No,Yes,Yes,No,Yes,Month-to-month,No,Mailed check,63.75,2802.15,No
8055-ZTMR,Female,0,Yes,No,64,Yes,Yes,No,No internet service,No internet service,No internet service,No internet service,No internet service,No internet service,Two year,Yes,Electronic check,31.66,2019.02,No
2840-LQLQ,Female,1,No,No,72,Yes,Yes,DSL,No,Yes,No,Yes,No,Yes,Month-to-month,No,Credit card (automatic),73.11,5077.94,No
4279-WPOU,Female,1,Yes,No,41,Yes,No,No,No internet service,No internet service,No internet service,No internet service,No internet service,No internet service,Month-to-month,Yes,Mailed check,25.98,1053.54,No
2744-ANMF,Male,0,Yes,No,42,Yes,Yes,DSL,No,Yes,No,No,No,Yes,Month-to-month,Yes,Credit card (automatic),72.08,2988.08,No
4061-FTNZ,Male,0,Yes,No,12,Yes,Yes,Fiber optic,Yes,No,No,No,Yes,No,Month-to-month,Yes,Credit card (automatic),90.39,1032.79,No
4296-TKON,Male,0,No,Yes,18,No,No phone service,DSL,No,No,No,Yes,Yes,No,One year,No,Electronic check,52.42,887.59,No
4226-CLKY,Female,0,No,Yes,53,Yes,No,Fiber optic,Yes,Yes,No,Yes,No,Yes,Two year,Yes,Credit card (automatic),85.77,4335.88,No
6732-PIQB,Female,0,No,No,62,Yes,Yes,Fiber optic,No,Yes,Yes,Yes,Yes,Yes,One year,No,Bank transfer (automatic),106.64,5934.91,No
6949-VEXC,Female,0,No,No,66,Yes,No,DSL,No,Yes,Yes,Yes,Yes,No,Month-to-month,Yes,Electronic check,75.32,4765.4,No
5544-ILVC,Male,0,Yes,No,28,Yes,Yes,Fiber optic,Yes,No,No,No,No,No,Month-to-month,No,Mailed check,83.82,2263.59,No
9777-HXMN,Male,0,No,No,63,Yes,Yes,Fiber optic,No,Yes,No,No,Yes,Yes,One year,No,Credit card (automatic),89.69,5462.12,No
2585-TSUS,Male,0,Yes,Yes,53,Yes,No,DSL,No,Yes,No,No,No,Yes,Month-to-month,No,Mailed check,66.83,3594.24,No
7810-IHJG,Female,1,No,No,18,Yes,No,Fiber optic,No,Yes,Yes,No,Yes,Yes,Two year,No,Mailed check,88.25,1486.11,No
7152-LPXV,Female,1,Yes,No,19,Yes,Yes,Fiber optic,No,No,No,No,Yes,Yes,Two year,No,Mailed check,90.94,1740.34,No
8982-URAY,Female,0,No,No,43,Yes,Yes,Fiber optic,No,Yes,No,No,Yes,No,Month-to-month,Yes,Bank transfer (automatic),93.03,3896.24,Yes
3175-FXJI,Female,0,No,Yes,40,Yes,No,Fiber optic,No,No,No,Yes,No,Yes,Month-to-month,Yes,Credit card (automatic),83.51,2801.9,Yes
3857-RZVB,Male,1,Yes,No,61,Yes,No,DSL,No,Yes,No,No,Yes,No,Two year,Yes,Mailed check,54.38,3389.53,No
6321-XXWY,Female,0,Yes,No,30,Yes,No,No,No internet service,No internet service,No internet service,No internet service,No internet service,No internet service,One year,No,Electronic check,33.82,1069.25,No
5030-OEWA,Male,1,No,No,28,Yes,No,DSL,Yes,No,Yes,Yes,No,Yes,One year,Yes,Credit card (automatic),75.34,2093.83,No
1622-WQOB,Female,1,Yes,No,54,Yes,Yes,No,No internet service,No internet service,No internet service,No internet service,No internet service,No internet service,Two year,Yes,Bank transfer (automatic),28.72,1524.13,No
2879-WYXX,Male,0,Yes,Yes,43,No,No phone service,DSL,Yes,No,Yes,No,Yes,No,Month-to-month,Yes,Electronic check,59.92,2277.81,Yes
9350-XZDB,Female,0,Yes,Yes,61,Yes,Yes,DSL,No,No,No,Yes,Yes,No,Month-to-month,Yes,Electronic check,68.49,4171.34,No
9693-YZUI,Female,0,Yes,Yes,36,Yes,Yes,Fiber optic,Yes,Yes,No,Yes,Yes,No,Month-to-month,No,Credit card (automatic),98.15,3246.17,No
6908-SMOR,Male,1,Yes,No,9,Yes,No,No,No internet service,No internet service,No internet service,No internet service,No internet service,No internet service,Month-to-month,No,Mailed check,25.07,215.89,Yes
1164-HNQO,Female,1,No,No,62,Yes,Yes,Fiber optic,No,No,No,Yes,Yes,Yes,One year,Yes,Bank transfer (automatic),96.02,5806.65,No
6802-VEIV,Female,0,No,Yes,38,Yes,No,DSL,Yes,Yes,No,Yes,No,Yes,One year,Yes,Mailed check,69.04,2529.13,No
9154-IHVP,Female,0,No,No,44,Yes,Yes,Fiber optic,Yes,Yes,No,No,Yes,No,One year,No,Bank transfer (automatic),93.3,3799.52,No
4124-TBLV,Male,1,Yes,Yes,55,Yes,Yes,DSL,No,Yes,No,Yes,Yes,Yes,Month-to-month,Yes,Bank transfer (automatic),80.72,4914.71,No
2425-PXEA,Female,1,Yes,No,35,Yes,Yes,Fiber optic,No,Yes,No,No,No,No,Two year,Yes,Mailed check,81.08,2872.06,Yes
9072-QHQB,Male,0,No,Yes,41,Yes,No,Fiber optic,No,No,No,No,Yes,Yes,Month-to-month,Yes,Mailed check,79.56,3194.78,Yes
1382-FIES,Male,0,No,No,46,Yes,No,DSL,No,No,No,No,Yes,No,Two year,No,Electronic check,57.92,2542.67,No
1525-SUQB,Male,0,No,Yes,39,Yes,No,DSL,Yes,Yes,No,Yes,Yes,No,Two year,Yes,Electronic check,69.65,2692.58,No
9916-JPOE,Female,0,Yes,No,48,Yes,Yes,DSL,No,Yes,No,No,No,No,Month-to-month,Yes,Mailed check,60.5,2695.56,No
7043-OUKS,Female,0,Yes,No,0,Yes,No,DSL,Yes,No,No,No,No,No,Month-to-month,Yes,Electronic check,54.86,,No
5477-LPVZ,Female,0,No,Yes,57,Yes,Yes,Fiber optic,Yes,No,No,Yes,Yes,No,Month-to-month,No,Mailed check,96.06,5286.49,Yes
9523-OYGJ,Male,0,Yes,No,35,Yes,Yes,No,No internet service,No internet service,No internet service,No internet service,No internet service,No internet service,One year,No,Electronic check,26.32,879.29,No
7440-TNWJ,Male,0,Yes,Yes,48,Yes,Yes,DSL,Yes,Yes,Yes,Yes,Yes,No,Month-to-month,No,Electronic check,80.67,3478.13,No
1649-UBMT,Male,0,No,Yes,55,Yes,No,Fiber optic,Yes,No,No,Yes,No,Yes,Month-to-month,No,Bank transfer (automatic),93.54,5107.92,No
1579-CDCP,Female,0,Yes,No,13,No,No phone service,DSL,No,Yes,Yes,No,Yes,No,Two year,Yes,Electronic check,57.21,711.59,No
9116-OBXT,Male,1,Yes,Yes,54,Yes,No,Fiber optic,No,No,Yes,No,No,No,Month-to-month,No,Electronic check,78.27,4263.24,Yes
7406-EEBS,Male,0,Yes,No,13,Yes,Yes,No,No internet service,No internet service,No internet service,No internet service,No internet service,No internet service,Month-to-month,Yes,Electronic check,29.3,361.82,No
1413-RIHQ,Female,1,Yes,No,5,Yes,Yes,Fiber optic,Yes,Yes,No,Yes,Yes,Yes,Month-to-month,No,Mailed check,106.39,535.91,Yes
7966-MCEQ,Female,0,Yes,No,37,Yes,No,No,No internet service,No internet service,No internet service,No internet service,No internet service,No internet service,One year,No,Electronic check,26.43,935.01,No
4625-NMOW,Female,0,Yes,Yes,52,Yes,No,DSL,Yes,No,No,No,Yes,Yes,Month-to-month,Yes,Electronic check,69.72,3268.94,Yes
1118-PEIS,Female,0,No,No,22,Yes,No,No,No internet service,No internet service,No internet service,No internet service,No internet service,No internet service,Two year,No,Mailed check,34.21,701.62,No
3730-CIBI,Male,0,Yes,No,2,No,No phone service,No,No internet service,No internet service,No internet service,No internet service,No internet service,No internet service,Month-to-month,Yes,Electronic check,20.41,35.27,Yes
1926-ACMT,Female,0,Yes,No,2,Yes,Yes,No,No internet service,No internet service,No internet service,No internet service,No internet service,No internet service,Month-to-month,No,Mailed check,27.47,52.83,No
9931-RPHS,Male,0,No,Yes,3,Yes,No,No,No internet service,No internet service,No internet service,No internet service,No internet service,No internet service,Month-to-month,No,Credit card (automatic),31.76,98.18,No
1930-SRGH,Female,0,No,Yes,63,Yes,Yes,DSL,No,No,No,Yes,Yes,Yes,Two year,Yes,Mailed check,73.61,4582.25,No
2169-DHES,Female,1,No,Yes,15,Yes,Yes,Fiber optic,No,Yes,No,No,No,Yes,Month-to-month,Yes,Mailed check,90.7,1290.88,Yes
5051-NUVC,Female,0,No,No,53,Yes,No,DSL,Yes,Yes,No,Yes,No,No,Two year,Yes,Credit card (automatic),69.8,3586.5,No
2317-OWMQ,Female,0,Yes,No,18,Yes,Yes,No,No internet service,No internet service,No internet service,No internet service,No internet service,No internet service,Two year,Yes,Credit card (automatic),25.25,452.44,No
4088-ISDL,Female,0,Yes,No,1,Yes,Yes,Fiber optic,Yes,No,No,No,Yes,Yes,Two year,Yes,Bank transfer (automatic),93.17,91.2,Yes
9938-YDCS,Female,0,Yes,No,53,Yes,Yes,DSL,Yes,No,No,Yes,No,No,One year,No,Electronic check,63.96,3339.94,No
5544-SWVN,Male,0,No,No,46,Yes,No,Fiber optic,No,No,No,No,No,No,Month-to-month,No,Credit card (automatic),73.02,3182.5,Yes
5022-FYBL,Male,0,No,No,38,No,No phone service,Fiber optic,No,No,Yes,Yes,No,No,Two year,No,Electronic check,69.59,2480.81,No
1593-SYIH,Male,0,Yes,No,31,Yes,Yes,Fiber optic,No,No,Yes,No,Yes,Yes,One year,Yes,Credit card (automatic),95.09,3072.64,No
4421-ZIRM,Female,0,No,No,50,Yes,No,Fiber optic,No,No,Yes,No,Yes,Yes,One year,Yes,Bank transfer (automatic),92.39,4772.41,No
2505-GLKJ,Female,0,Yes,No,22,Yes,No,DSL,Yes,Yes,Yes,Yes,Yes,Yes,Month-to-month,Yes,Electronic check,88.24,1830.49,No
2924-JJNR,Female,0,Yes,No,23,Yes,No,Fiber optic,Yes,No,Yes,No,No,Yes,Month-to-month,Yes,Credit card (automatic),85.67,1909.6,Yes
4945-YSAM,Male,0,No,No,23,Yes,Yes,DSL,Yes,Yes,No,No,Yes,No,Month-to-month,Yes,Bank transfer (automatic),72.05,1654.97,No
1926-RLHH,Male,1,Yes,Yes,29,Yes,Yes,Fiber optic,No,No,No,Yes,No,Yes,Month-to-month,Yes,Electronic check,85.47,2336.8,Yes
5956-WAUN,Male,0,Yes,No,29,Yes,No,DSL,Yes,No,Yes,Yes,Yes,Yes,Month-to-month,Yes,Mailed check,77.27,2139.0,Yes
4201-UVPW,Female,1,Yes,Yes,12,Yes,No,DSL,No,No,Yes,No,Yes,Yes,Month-to-month,No,Bank transfer (automatic),61.08,698.11,No
5292-DCYX,Male,0,Yes,Yes,36,Yes,Yes,Fiber optic,No,Yes,No,Yes,Yes,Yes,Two year,Yes,Credit card (automatic),95.86,3404.15,No
4343-AOYY,Female,0,Yes,Yes,17,Yes,Yes,Fiber optic,No,No,No,No,No,Yes,Two year,No,Credit card (automatic),87.31,1466.77,No
8656-MHZQ,Male,0,Yes,No,11,Yes,Yes,Fiber optic,Yes,No,Yes,No,No,No,One year,No,Credit card (automatic),92.74,975.44,Yes
9730-UVHB,Male,1,No,No,19,Yes,Yes,DSL,No,No,Yes,No,Yes,Yes,One year,Yes,Credit card (automatic),75.69,1359.12,No
5345-OVSI,Male,0,Yes,Yes,46,Yes,No,No,No internet service,No internet service,No internet service,No internet service,No internet service,No internet service,Two year,No,Bank transfer (automatic),27.22,1255.61,No
5129-ECLG,Male,0,No,No,24,Yes,No,DSL,No,Yes,Yes,No,Yes,No,One year,No,Electronic check,71.65,1690.33,Yes
3207-LQYH,Female,0,No,No,40,No,No phone service,Fiber optic,No,No,Yes,Yes,No,No,Month-to-month,No,Bank transfer (automatic),75.64,3045.28,No
8735-BLBF,Male,0,Yes,Yes,33,Yes,No,DSL,Yes,Yes,No,Yes,No,Yes,Two year,No,Electronic check,78.54,2591.83,Yes
4377-IAKH,Male,0,No,No,32,Yes,No,No,No internet service,No internet service,No internet service,No internet service,No internet service,No internet service,One year,No,Credit card (automatic),28.56,866.23,No
1934-WMNA,Female,0,No,No,6,Yes,No,DSL,Yes,Yes,Yes,No,Yes,Yes,Two year,Yes,Electronic check,82.7,461.26,No
5985-IXJV,Female,1,No,No,36,Yes,Yes,No,No internet service,No internet service,No internet service,No internet service,No internet service,No internet service,One year,Yes,Electronic check,24.04,857.12,No
4245-MAQU,Female,0,Yes,Yes,35,Yes,Yes,Fiber optic,No,No,No,No,Yes,No,Month-to-month,Yes,Mailed check,83.57,2925.53,No
7976-NPVG,Male,0,Yes,No,11,Yes,Yes,Fiber optic,Yes,Yes,No,Yes,Yes,Yes,Month-to-month,No,Mailed check,110.03,1213.08,No
2986-AMNG,Female,0,No,Yes,52,Yes,No,Fiber optic,Yes,No,No,No,No,Yes,Month-to-month,Yes,Electronic check,83.43,4402.14,Yes
6512-URKX,Male,0,No,No,24,Yes,Yes,Fiber optic,Yes,No,Yes,No,No,Yes,Month-to-month,Yes,Mailed check,91.13,2081.56,Yes
8437-KYEB,Female,0,No,No,36,Yes,Yes,No,No internet service,No internet service,No internet service,No internet service,No internet service,No internet service,Two year,No,Mailed check,31.13,1135.92,No
5076-QSBN,Female,0,Yes,No,13,Yes,No,No,No internet service,No internet service,No internet service,No internet service,No internet service,No internet service,Month-to-month,Yes,Credit card (automatic),26.1,327.86,No
3797-YBPP,Male,0,No,Yes,54,Yes,Yes,Fiber optic,No,Yes,No,Yes,No,Yes,Month-to-month,No,Bank transfer (automatic),101.21,5156.51,No
1523-DFII,Male,0,Yes,No,43,Yes,No,DSL,Yes,Yes,Yes,No,Yes,No,One year,Yes,Bank transfer (automatic),73.36,3004.26,No
1612-MDMF,Male,0,Yes,No,17,Yes,No,Fiber optic,No,No,Yes,No,No,No,Month-to-month,No,Mailed check,73.21,1249.35,Yes
7762-GWBQ,Male,0,No,No,40,Yes,Yes,Fiber optic,No,Yes,Yes,No,No,Yes,Month-to-month,Yes,Credit card (automatic),88.79,3371.02,No
2319-HBZU,Female,0,No,No,22,Yes,Yes,No,No internet service,No internet service,No internet service,No internet service,No internet service,No internet service,Month-to-month,No,Credit card (automatic),33.35,711.69,No
4481-UNDY,Female,0,Yes,No,11,No,No phone service,DSL,No,No,No,No,Yes,Yes,Two year,Yes,Electronic check,61.32,625.06,Yes
6827-PDQQ,Male,0,Yes,No,24,Yes,No,Fiber optic,Yes,No,No,No,No,Yes,One year,Yes,Mailed check,86.42,1964.71,No
7024-IKXN,Female,0,Yes,No,67,Yes,Yes,DSL,Yes,Yes,No,No,No,No,Month-to-month,Yes,Credit card (automatic),66.49,4430.3,Yes
5600-GZNQ,Female,0,No,No,36,No,No phone service,Fiber optic,No,Yes,Yes,No,Yes,No,Month-to-month,No,Bank transfer (automatic),86.65,2907.77,Yes
9061-PDRC,Male,1,No,No,39,Yes,No,Fiber optic,No,Yes,Yes,Yes,No,No,Month-to-month,No,Bank transfer (automatic),84.11,3249.8,Yes
7815-WSQE,Female,1,Yes,No,56,Yes,No,Fiber optic,No,Yes,Yes,No,No,No,Month-to-month,Yes,Bank transfer (automatic),75.91,4043.49,Yes
8191-TCFI,Male,0,No,No,54,Yes,Yes,DSL,Yes,Yes,Yes,No,Yes,No,Two year,Yes,Mailed check,79.73,4365.78,No
1937-QCEE,Female,1,No,No,29,Yes,Yes,DSL,No,Yes,No,Yes,Yes,Yes,Month-to-month,Yes,Credit card (automatic),78.05,2259.33,No
6951-DMKB,Male,0,Yes,Yes,54,Yes,Yes,No,No internet service,No internet service,No internet service,No internet service,No internet service,No internet service,Two year,Yes,Electronic check,30.47,1615.43,No
2072-GDEB,Male,0,Yes,No,64,Yes,Yes,Fiber optic,No,No,No,Yes,Yes,Yes,Month-to-month,Yes,Bank transfer (automatic),96.2,5483.1,No
7739-YQNU,Male,0,Yes,No,54,Yes,No,Fiber optic,No,No,No,Yes,No,Yes,One year,No,Bank transfer (automatic),84.29,4358.17,No
1066-GANT,Female,0,Yes,No,69,Yes,Yes,DSL,Yes,Yes,No,Yes,Yes,Yes,Two year,No,Mailed check,80.34,5625.79,No
3815-NSBO,Female,0,Yes,Yes,53,Yes,No,Fiber optic,Yes,Yes,Yes,No,No,No,Two year,Yes,Mailed check,92.09,4829.4,No
8325-DRJX,Female,1,No,Yes,12,Yes,Yes,DSL,No,Yes,No,No,No,No,Month-to-month,No,Electronic check,60.13,673.02,No
3614-ABUP,Male,0,No,No,8,Yes,Yes,Fiber optic,Yes,No,Yes,Yes,Yes,Yes,Two year,Yes,Bank transfer (automatic),103.11,870.48,No
4928-ZRGS,Female,0,Yes,Yes,52,No,No phone service,Fiber optic,No,Yes,No,Yes,No,Yes,One year,Yes,Bank transfer (automatic),80.55,4286.11,No
8276-ZOCZ,Male,1,Yes,No,14,Yes,No,DSL,Yes,No,No,Yes,Yes,Yes,One year,Yes,Mailed check,72.01,1004.02,No
4680-NBOG,Male,0,Yes,Yes,64,Yes,Yes,No,No internet service,No internet service,No internet service,No internet service,No internet service,No internet service,One year,Yes,Electronic check,24.56,1517.17,No
9137-AWIH,Female,0,No,No,28,No,No phone service,No,No internet service,No internet service,No internet service,No internet service,No internet service,No internet service,Two year,Yes,Credit card (automatic),21.38,558.18,No
2869-SZZM,Female,0,Yes,No,68,No,No phone service,No,No internet service,No internet service,No internet service,No internet service,No internet service,No internet service,Month-to-month,No,Mailed check,23.05,1530.18,No
1046-IVNI,Male,1,No,No,62,Yes,Yes,DSL,No,Yes,Yes,Yes,No,Yes,Two year,Yes,Mailed check,82.33,4973.58,No
3819-LBMZ,Male,0,Yes,Yes,58,Yes,Yes,Fiber optic,Yes,Yes,Yes,No,No,No,Two year,No,Electronic check,95.48,5586.85,No
1991-AVGB,Male,0,Yes,No,7,No,No phone service,No,No internet service,No internet service,No internet service,No internet service,No internet service,No internet service,Month-to-month,Yes,Electronic check,23.01,161.44,No
2546-OWAW,Female,0,No,Yes,16,Yes,No,DSL,Yes,Yes,Yes,No,Yes,Yes,Month-to-month,Yes,Electronic check,80.98,1227.58,No
2297-XZTH,Male,0,No,No,26,Yes,Yes,No,No internet service,No internet service,No internet service,No internet service,No internet service,No internet service,Two year,Yes,Bank transfer (automatic),27.73,734.53,No
4504-FPNX,Female,0,No,Yes,50,Yes,No,Fiber optic,No,Yes,No,No,Yes,Yes,Month-to-month,No,Credit card (automatic),93.4,4650.15,Yes
8147-AXJB,Male,0,No,No,53,Yes,Yes,No,No internet service,No internet service,No internet service,No internet service,No internet service,No internet service,Month-to-month,Yes,Credit card (automatic),33.61,1693.51,Yes
5544-DKPH,Female,0,Yes,No,39,Yes,Yes,No,No internet service,No internet service,No internet service,No internet service,No internet service,No internet service,Two year,Yes,Mailed check,32.44,1289.5,No
4745-VKBN,Male,0,Yes,No,17,No,No phone service,Fiber optic,No,Yes,Yes,No,Yes,No,Month-to-month,Yes,Electronic check,82.23,1270.99,No
8492-WLMG,Male,0,No,Yes,60,No,No phone service,DSL,No,No,No,No,Yes,No,Month-to-month,Yes,Bank transfer (automatic),50.07,2628.04,No
6013-YCCH,Male,0,No,No,59,No,No phone service,No,No internet service,No internet service,No internet service,No internet service,No internet service,No internet service,Month-to-month,Yes,Mailed check,24.73,1443.37,No
2073-QPEV,Male,0,Yes,No,47,Yes,No,DSL,Yes,No,Yes,Yes,No,Yes,One year,No,Credit card (automatic),72.34,3477.38,No
7398-GRLE,Male,0,No,No,55,Yes,No,DSL,No,No,Yes,No,No,Yes,Month-to-month,Yes,Mailed check,63.56,3411.87,No
4110-YMBA,Female,0,No,No,55,Yes,No,Fiber optic,Yes,No,Yes,Yes,Yes,No,Month-to-month,No,Credit card (automatic),93.02,4923.07,No
5065-GWQI,Female,1,No,No,13,Yes,Yes,Fiber optic,Yes,No,No,No,No,No,Month-to-month,No,Credit card (automatic),84.73,1093.84,Yes
7344-THUX,Female,1,Yes,No,60,Yes,No,Fiber optic,Yes,No,Yes,Yes,No,Yes,One year,Yes,Credit card (automatic),92.77,5264.57,No
5534-EEYR,Female,0,No,No,34,Yes,No,Fiber optic,Yes,No,Yes,No,Yes,No,Month-to-month,Yes,Bank transfer (automatic),83.73,2617.41,Yes
9383-SPWN,Male,1,Yes,No,54,Yes,Yes,Fiber optic,No,No,No,No,No,Yes,Two year,Yes,Credit card (automatic),82.27,4593.21,No
9342-QYCP,Male,0,Yes,No,38,Yes,No,No,No internet service,No internet service,No internet service,No internet service,No internet service,No internet service,One year,Yes,Credit card (automatic),23.72,922.96,No
5556-IIOS,Male,0,Yes,No,17,Yes,Yes,Fiber optic,No,No,No,Yes,No,No,Month-to-month,Yes,Electronic check,77.62,1245.38,No
1486-ACIJ,Female,0,Yes,No,51,Yes,Yes,Fiber optic,No,Yes,No,No,Yes,Yes,Two year,Yes,Credit card (automatic),96.65,4541.99,No
3062-GDPP,Male,0,No,Yes,61,Yes,Yes,Fiber optic,No,No,No,No,No,No,Month-to-month,No,Mailed check,77.52,4438.01,No
4574-JHDC,Male,0,No,No,33,Yes,Yes,No,No internet service,No internet service,No internet service,No internet service,No internet service,No internet service,Month-to-month,Yes,Credit card (automatic),32.02,1018.39,No
2675-ZIFM,Male,0,Yes,Yes,36,Yes,No,Fiber optic,Yes,Yes,Yes,No,Yes,Yes,Two year,Yes,Credit card (automatic),103.93,3323.59,No
6910-VKYV,Female,0,Yes,Yes,23,Yes,Yes,DSL,No,No,Yes,Yes,Yes,No,Two year,Yes,Credit card (automatic),76.93,1661.76,No
2095-PJYR,Male,0,No,Yes,64,Yes,No,Fiber optic,No,Yes,Yes,No,Yes,Yes,Two year,Yes,Mailed check,97.83,6364.36,No
1258-CPDF,Female,0,No,No,31,Yes,Yes,Fiber optic,No,Yes,No,Yes,No,No,Two year,No,Bank transfer (automatic),90.47,2783.07,No
6365-VNNH,Male,0,No,No,51,Yes,No,Fiber optic,Yes,Yes,Yes,Yes,No,Yes,Month-to-month,Yes,Bank transfer (automatic),94.36,4755.19,Yes
5026-QAZY,Female,0,Yes,Yes,46,Yes,Yes,Fiber optic,No,Yes,No,No,Yes,Yes,Month-to-month,Yes,Electronic check,93.08,3892.69,Yes
6288-JZIQ,Male,0,Yes,No,28,Yes,No,Fiber optic,No,No,No,Yes,Yes,Yes,Month-to-month,Yes,Electronic check,96.75,2625.37,Yes
6826-IKSR,Female,0,No,No,55,Yes,Yes,Fiber optic,Yes,Yes,Yes,No,No,Yes,One year,Yes,Electronic check,106.15,5677.37,No
6630-JTOW,Male,0,Yes,No,40,Yes,No,Fiber optic,No,Yes,No,No,Yes,Yes,One year,Yes,Electronic check,93.67,3637.26,No
1477-HKSX,Female,1,No,No,0,Yes,Yes,Fiber optic,No,No,No,Yes,No,Yes,One year,Yes,Credit card (automatic),78.0,,No
8432-YWFW,Female,1,No,Yes,35,Yes,No,DSL,Yes,No,No,Yes,Yes,No,Month-to-month,Yes,Credit card (automatic),69.77,2282.75,No
2616-GIKU,Male,1,Yes,No,68,Yes,Yes,Fiber optic,No,Yes,Yes,Yes,No,No,Month-to-month,Yes,Bank transfer (automatic),83.47,5351.72,Yes
5631-AODI,Male,0,Yes,Yes,25,Yes,Yes,DSL,Yes,No,Yes,No,No,Yes,One year,Yes,Electronic check,80.62,1976.82,No
7618-ZIAJ,Male,0,Yes,No,41,No,No phone service,DSL,Yes,No,Yes,No,No,Yes,Two year,No,Bank transfer (automatic),54.71,2055.61,No
9050-CRNB,Male,0,No,Yes,42,Yes,No,DSL,Yes,No,No,Yes,Yes,Yes,Two year,No,Electronic check,75.03,2982.3,No
3888-IUNU,Female,0,Yes,No,34,Yes,No,No,No internet service,No internet service,No internet service,No internet service,No internet service,No internet service,Month-to-month,Yes,Mailed check,25.82,783.66,No
7836-LLOQ,Female,0,Yes,No,69,Yes,Yes,Fiber optic,Yes,Yes,Yes,No,Yes,Yes,Two year,Yes,Mailed check,101.04,6525.81,No
7207-HYRR,Male,1,No,No,66,Yes,No,Fiber optic,No,Yes,Yes,Yes,Yes,Yes,Month-to-month,Yes,Bank transfer (automatic),97.14,5869.65,No
2477-SOXX,Female,0,Yes,No,47,Yes,No,DSL,No,No,Yes,Yes,Yes,No,Two year,Yes,Credit card (automatic),71.81,3301.42,No
8728-HVND,Male,0,Yes,No,21,Yes,Yes,DSL,No,Yes,No,No,No,No,Month-to-month,Yes,Electronic check,62.65,1340.18,Yes
1400-DJKC,Female,1,Yes,No,17,No,No phone service,Fiber optic,No,No,No,No,No,Yes,Month-to-month,No,Bank transfer (automatic),69.78,1083.98,No
8695-DDYA,Male,0,Yes,No,16,Yes,Yes,No,No internet service,No internet service,No internet service,No internet service,No internet service,No internet service,One year,Yes,Credit card (automatic),29.93,461.49,No
9697-NYYP,Female,0,Yes,No,21,Yes,No,No,No internet service,No internet service,No internet service,No internet service,No internet service,No internet service,Two year,Yes,Electronic check,27.93,577.47,No
7995-JLYG,Female,0,Yes,No,22,Yes,No,Fiber optic,No,Yes,Yes,Yes,Yes,No,Two year,Yes,Bank transfer (automatic),93.12,1852.65,No
5017-PHQY,Male,0,No,No,23,Yes,No,No,No internet service,No internet service,No internet service,No internet service,No internet service,No internet service,Two year,No,Electronic check,26.72,579.67,No
9453-OLYD,Female,1,No,No,13,Yes,Yes,No,No internet service,No internet service,No internet service,No internet service,No internet service,No internet service,One year,No,Mailed check,28.88,357.62,No
3875-EJOV,Female,0,No,No,32,Yes,No,No,No internet service,No internet service,No internet service,No internet service,No internet service,No internet service,Month-to-month,Yes,Bank transfer (automatic),23.15,695.08,No
8155-HPZZ,Male,0,Yes,No,5,Yes,Yes,Fiber optic,No,No,Yes,No,No,No,Two year,No,Credit card (automatic),82.74,354.87,Yes
7430-FBVP,Female,0,Yes,Yes,28,Yes,Yes,Fiber optic,No,No,Yes,No,No,Yes,Month-to-month,Yes,Electronic check,81.35,2093.01,Yes
5747-DVWS,Female,0,No,No,23,Yes,Yes,Fiber optic,Yes,Yes,No,No,Yes,Yes,Month-to-month,No,Credit card (automatic),97.52,2155.82,No
1573-SMXZ,Female,0,Yes,No,44,Yes,Yes,Fiber optic,Yes,No,Yes,No,No,No,Two year,No,Bank transfer (automatic),90.68,3776.6,No
7017-GPBQ,Male,0,No,No,57,Yes,Yes,Fiber optic,No,Yes,No,No,Yes,Yes,Month-to-month,Yes,Mailed check,97.8,5397.71,Yes
4587-LZKE,Male,0,Yes,No,48,Yes,Yes,No,No internet service,No internet service,No internet service,No internet service,No internet service,No internet service,Month-to-month,Yes,Electronic check,27.17,1240.48,No
8167-JNJS,Male,1,Yes,No,52,Yes,No,No,No internet service,No internet service,No internet service,No internet service,No internet service,No internet service,Month-to-month,No,Electronic check,29.59,1312.66,No
3559-JBWS,Female,0,Yes,No,37,Yes,No,Fiber optic,No,Yes,No,Yes,No,Yes,Month-to-month,No,Credit card (automatic),84.64,2870.77,Yes
8709-LPTW,Male,0,No,No,5,Yes,Yes,Fiber optic,No,No,No,Yes,No,Yes,Month-to-month,Yes,Credit card (automatic),92.99,457.28,Yes
7266-UIRI,Female,0,No,No,50,Yes,Yes,DSL,No,Yes,No,Yes,Yes,Yes,Month-to-month,Yes,Credit card (automatic),85.38,4003.95,Yes
8450-XCJS,Female,0,Yes,No,38,Yes,No,DSL,No,Yes,No,No,No,Yes,One year,No,Electronic check,65.33,2389.27,No
6341-DGWX,Female,0,Yes,Yes,19,Yes,No,DSL,Yes,No,No,No,No,No,Two year,Yes,Bank transfer (automatic),57.72,1089.3,No
2753-PUDK,Female,0,Yes,No,33,Yes,No,DSL,Yes,No,No,Yes,No,Yes,One year,No,Mailed check,67.64,1945.99,No
5425-WNWL,Female,1,Yes,No,61,Yes,Yes,Fiber optic,Yes,No,No,Yes,No,No,Month-to-month,Yes,Mailed check,88.09,5180.04,No
2969-JUOZ,Female,0,No,No,33,No,No phone service,Fiber optic,Yes,Yes,No,Yes,No,No,Month-to-month,Yes,Credit card (automatic),74.2,2407.06,No
8548-VSCV,Male,0,No,Yes,40,Yes,No,Fiber optic,Yes,No,No,No,No,Yes,Month-to-month,Yes,Electronic check,86.7,3382.44,Yes
4779-TYGH,Male,0,No,No,37,Yes,No,No,No internet service,No internet service,No internet service,No internet service,No internet service,No internet service,Two year,Yes,Bank transfer (automatic),20.75,706.7,No
2770-HEFA,Male,0,No,No,70,Yes,No,Fiber optic,No,Yes,No,No,Yes,No,Two year,Yes,Mailed check,82.52,5739.31,No
8166-EWBJ,Male,0,Yes,No,29,Yes,Yes,DSL,No,No,Yes,Yes,Yes,No,Two year,Yes,Bank transfer (automatic),75.26,1952.03,Yes
8945-OJSO,Male,0,Yes,Yes,51,Yes,No,No,No internet service,No internet service,No internet service,No internet service,No internet service,No internet service,Two year,No,Electronic check,26.11,1281.58,No
8518-ZISA,Female,1,No,No,25,Yes,No,DSL,No,No,No,No,No,Yes,Month-to-month,Yes,Credit card (automatic),61.31,1381.54,No
8434-OVEP,Male,0,No,No,34,Yes,Yes,Fiber optic,No,Yes,No,No,Yes,Yes,One year,Yes,Electronic check,94.63,3015.41,Yes
6921-VEVZ,Male,0,Yes,No,61,Yes,No,DSL,No,No,No,No,No,No,One year,Yes,Bank transfer (automatic),49.94,3011.05,No
9936-RUBB,Male,0,No,No,26,Yes,No,DSL,No,Yes,No,Yes,No,Yes,Month-to-month,Yes,Credit card (automatic),70.94,1657.43,Yes
1271-PBOO,Male,0,Yes,No,26,Yes,Yes,DSL,Yes,Yes,Yes,Yes,Yes,Yes,One year,Yes,Mailed check,98.89,2394.43,No
5104-BAEQ,Male,0,Yes,No,24,Yes,Yes,DSL,No,No,Yes,No,No,No,Two year,Yes,Electronic check,60.77,1340.32,No
9028-QGUK,Male,0,Yes,No,45,Yes,No,No,No internet service,No internet service,No internet service,No internet service,No internet service,No internet service,One year,Yes,Electronic check,28.68,1341.29,No
4423-XOYG,Female,1,Yes,No,27,Yes,Yes,No,No internet service,No internet service,No internet service,No internet service,No internet service,No internet service,Two year,Yes,Electronic check,32.58,811.43,No
4219-SNPG,Male,1,Yes,No,42,No,No phone service,No,No internet service,No internet service,No internet service,No internet service,No internet service,No internet service,Two year,No,Mailed check,18.0,735.44,No
2131-QJNA,Male,1,No,No,54,Yes,Yes,Fiber optic,Yes,Yes,No,Yes,Yes,No,Two year,No,Mailed check,99.4,5126.78,No
2114-ZIVO,Male,0,Yes,No,56,Yes,No,DSL,No,No,Yes,No,No,Yes,Two year,No,Mailed check,68.77,3730.11,No
9621-RCQE,Female,1,Yes,No,12,Yes,No,DSL,Yes,Yes,Yes,No,Yes,No,Two year,Yes,Mailed check,69.58,878.71,No
7964-OSNT,Male,0,No,No,19,Yes,No,No,No internet service,No internet service,No internet service,No internet service,No internet service,No internet service,Month-to-month,No,Electronic check,23.67,460.52,No
4762-AXTX,Male,1,No,No,66,Yes,Yes,No,No internet service,No internet service,No internet service,No internet service,No internet service,No internet service,One year,No,Electronic check,35.9,2323.26,No
8334-GNQN,Male,1,Yes,No,14,Yes,Yes,Fiber optic,No,No,Yes,Yes,No,Yes,One year,No,Bank transfer (automatic),93.08,1217.76,No
3412-JIBG,Male,0,Yes,Yes,24,Yes,Yes,No,No internet service,No internet service,No internet service,No internet service,No internet service,No internet service,One year,No,Bank transfer (automatic),31.53,713.61,No
2377-XEIO,Male,0,No,No,32,Yes,No,DSL,Yes,Yes,Yes,Yes,Yes,No,One year,Yes,Mailed check,81.43,2464.06,Yes
6299-IZQQ,Male,0,Yes,Yes,62,Yes,No,DSL,No,Yes,Yes,Yes,Yes,Yes,One year,Yes,Electronic check,80.83,4674.05,Yes
7930-SXWS,Male,1,Yes,Yes,7,Yes,No,DSL,No,Yes,Yes,No,Yes,Yes,Month-to-month,No,Electronic check,78.9,506.85,Yes
1679-WHXM,Male,0,No,No,67,Yes,Yes,Fiber optic,No,Yes,No,No,Yes,No,Month-to-month,Yes,Electronic check,88.79,5664.04,No
6177-AWNJ,Male,0,No,No,21,Yes,No,No,No internet service,No internet service,No internet service,No internet service,No internet service,No internet service,Month-to-month,Yes,Electronic check,32.01,638.0,No
8296-RXOY,Male,0,No,No,17,Yes,No,Fiber optic,Yes,No,Yes,Yes,Yes,Yes,Two year,No,Credit card (automatic),101.93,1527.29,Yes
9364-FZUU,Male,0,Yes,No,10,Yes,No,DSL,No,Yes,Yes,Yes,Yes,Yes,Month-to-month,No,Electronic check,81.23,755.02,Yes
4120-KUBZ,Female,1,No,Yes,49,Yes,No,No,No internet service,No internet service,No internet service,No internet service,No internet service,No internet service,Month-to-month,Yes,Mailed check,20.79,917.43,No
6062-EHET,Female,1,Yes,No,66,Yes,No,Fiber optic,No,No,No,No,No,No,Two year,Yes,Electronic check,72.36,4558.85,No
3826-FRJL,Male,0,Yes,Yes,3,Yes,Yes,Fiber optic,Yes,Yes,No,Yes,Yes,No,Two year,Yes,Mailed check,93.61,276.03,No
9160-JZIU,Female,0,No,No,10,Yes,No,DSL,Yes,No,Yes,Yes,No,Yes,One year,No,Mailed check,69.07,642.77,No
3152-FFNP,Female,1,Yes,No,40,Yes,No,Fiber optic,No,Yes,Yes,No,No,No,One year,Yes,Electronic check,78.76,2911.63,Yes
4593-LUUH,Female,0,No,No,30,No,No phone service,DSL,Yes,Yes,No,No,No,No,Month-to-month,Yes,Bank transfer (automatic),53.32,1450.37,No
5667-FVYJ,Male,0,No,No,46,Yes,No,DSL,Yes,Yes,No,Yes,No,Yes,One year,Yes,Electronic check,78.46,3357.06,No
1460-IRGY,Male,1,No,Yes,47,Yes,No,DSL,No,No,Yes,No,Yes,Yes,Two year,Yes,Mailed check,71.53,3381.82,No
6026-CSXX,Male,0,No,Yes,30,Yes,No,No,No internet service,No internet service,No internet service,No internet service,No internet service,No internet service,Month-to-month,Yes,Mailed check,21.95,596.43,No
6980-VZZE,Female,0,No,No,45,Yes,Yes,No,No internet service,No internet service,No internet service,No internet service,No internet service,No internet service,Month-to-month,Yes,Electronic check,33.71,1411.88,No
6624-JOFP,Male,0,No,No,43,Yes,No,Fiber optic,Yes,Yes,No,Yes,No,No,One year,Yes,Bank transfer (automatic),85.85,3504.29,No
5404-HYTH,Female,0,No,No,66,Yes,No,No,No internet service,No internet service,No internet service,No internet service,No internet service,No internet service,Two year,Yes,Bank transfer (automatic),27.04,1763.69,No
2993-UDZI,Female,0,Yes,No,43,No,No phone service,Fiber optic,Yes,No,No,No,Yes,Yes,Month-to-month,Yes,Mailed check,85.93,3572.75,Yes
3015-IDUM,Female,0,Yes,No,51,Yes,Yes,DSL,Yes,Yes,Yes,Yes,No,No,Month-to-month,No,Bank transfer (automatic),77.5,3768.17,No
4277-ILXU,Male,1,No,No,30,No,No phone service,No,No internet service,No internet service,No internet service,No internet service,No internet service,No internet service,Month-to-month,Yes,Electronic check,18.0,525.48,No
1776-AGBO,Male,0,Yes,No,24,Yes,No,Fiber optic,Yes,Yes,Yes,No,No,Yes,Two year,Yes,Bank transfer (automatic),96.94,2155.06,Yes
6842-OIBI,Male,0,Yes,No,7,Yes,No,DSL,No,Yes,No,Yes,Yes,No,Two year,Yes,Electronic check,67.15,471.4,No
3943-EAUX,Male,0,No,No,25,Yes,Yes,No,No internet service,No internet service,No internet service,No internet service,No internet service,No internet service,Month-to-month,No,Electronic check,33.14,779.15,No
1723-YZLT,Male,0,Yes,No,1,No,No phone service,Fiber optic,No,No,Yes,Yes,Yes,Yes,One year,Yes,Electronic check,89.88,89.86,No
9821-WRNQ,Male,0,No,No,23,Yes,No,No,No internet service,No internet service,No internet service,No internet service,No internet service,No internet service,Two year,Yes,Bank transfer (automatic),22.38,485.65,No
8884-BAYQ,Female,0,No,Yes,28,Yes,Yes,No,No internet service,No internet service,No internet service,No internet service,No internet service,No internet service,Two year,No,Electronic check,29.23,767.4,No
2932-FRYI,Male,0,No,No,24,Yes,No,No,No internet service,No internet service,No internet service,No internet service,No internet service,No internet service,Month-to-month,No,Bank transfer (automatic),31.46,687.46,No
5089-XJDL,Female,0,Yes,Yes,28,Yes,Yes,Fiber optic,No,No,Yes,Yes,Yes,No,Two year,Yes,Electronic check,93.89,2435.99,No
1214-PMLX,Male,0,No,No,10,Yes,Yes,Fiber optic,Yes,Yes,No,No,Yes,No,One year,Yes,Bank transfer (automatic),93.71,887.86,No
8609-ITAP,Female,0,Yes,Yes,60,No,No phone service,DSL,No,Yes,Yes,No,No,Yes,Month-to-month,No,Electronic check,58.81,3036.14,Yes
3325-GMFV,Male,0,Yes,No,49,Yes,Yes,DSL,Yes,No,Yes,Yes,No,Yes,Month-to-month,Yes,Bank transfer (automatic),78.76,4050.67,Yes
6127-ERDH,Male,0,Yes,No,41,Yes,Yes,DSL,No,Yes,Yes,No,Yes,Yes,Two year,Yes,Mailed check,71.88,2743.23,No
4056-XYVX,Female,0,Yes,No,31,Yes,No,No,No internet service,No internet service,No internet service,No internet service,No internet service,No internet service,Month-to-month,Yes,Credit card (automatic),23.54,676.91,No
4264-MBOA,Female,0,No,No,0,Yes,Yes,DSL,No,Yes,No,No,No,Yes,One year,Yes,Credit card (automatic),66.74,,No
4931-LBCT,Female,0,No,No,37,Yes,No,Fiber optic,No,No,No,No,No,No,One year,No,Electronic check,69.32,2576.29,No
8669-PYTJ,Female,0,No,No,63,No,No phone service,No,No internet service,No internet service,No internet service,No internet service,No internet service,No internet service,Two year,Yes,Bank transfer (automatic),23.09,1365.39,No
9744-AOLL,Female,1,No,No,23,Yes,No,Fiber optic,Yes,No,Yes,No,Yes,Yes,Month-to-month,Yes,Credit card (automatic),99.15,2206.4,Yes
2128-JSQH,Male,0,Yes,No,21,Yes,No,DSL,No,Yes,No,No,No,No,Two year,No,Electronic check,62.9,1328.52,No
6930-QEBQ,Female,0,Yes,No,22,Yes,Yes,DSL,No,Yes,No,Yes,Yes,Yes,One year,Yes,Electronic check,73.65,1473.03,No
2917-XDUB,Female,0,No,Yes,3,Yes,Yes,No,No internet service,No internet service,No internet service,No internet service,No internet service,No internet service,One year,Yes,Credit card (automatic),32.41,96.9,No
4145-YZHT,Male,0,No,No,6,Yes,Yes,DSL,No,Yes,No,No,No,Yes,Month-to-month,No,Credit card (automatic),68.32,406.61,No
1996-TNBT,Female,0,Yes,Yes,68,Yes,No,No,No internet service,No internet service,No internet service,No internet service,No internet service,No internet service,One year,Yes,Mailed check,23.52,1582.96,No
4775-EUGZ,Male,0,No,No,5,No,No phone service,DSL,No,No,No,Yes,Yes,Yes,Month-to-month,Yes,Bank transfer (automatic),64.52,309.46,Yes
2007-DMTB,Female,0,No,Yes,53,Yes,Yes,Fiber optic,No,No,No,No,Yes,No,Month-to-month,Yes,Electronic check,86.32,4389.36,Yes
7475-LBXJ,Female,0,Yes,No,69,Yes,Yes,DSL,No,Yes,No,No,No,Yes,Month-to-month,Yes,Electronic check,65.58,4310.66,No
4179-SIUG,Female,1,Yes,No,46,Yes,Yes,No,No internet service,No internet service,No internet service,No internet service,No internet service,No internet service,Month-to-month,Yes,Credit card (automatic),26.79,1252.71,No
1993-GSLL,Male,0,No,No,8,Yes,Yes,Fiber optic,No,Yes,No,No,No,No,Month-to-month,No,Bank transfer (automatic),85.33,608.2,Yes
4488-EWNW,Male,0,Yes,No,42,Yes,Yes,DSL,No,Yes,No,No,Yes,Yes,Two year,Yes,Electronic check,71.01,2836.74,No
9830-XFWP,Male,0,No,No,50,Yes,No,Fiber optic,No,Yes,Yes,Yes,No,No,Month-to-month,No,Electronic check,78.9,3726.61,No
1076-CYQN,Female,0,No,No,35,Yes,No,Fiber optic,No,Yes,Yes,No,Yes,Yes,One year,Yes,Mailed check,98.06,3332.77,Yes
4730-BRDC,Female,0,No,No,53,Yes,No,Fiber optic,Yes,No,No,No,No,No,Month-to-month,Yes,Electronic check,79.34,4193.92,No
8339-DFVC,Female,0,Yes,Yes,49,Yes,No,No,No internet service,No internet service,No internet service,No internet service,No internet service,No internet service,Month-to-month,Yes,Bank transfer (automatic),41.47,2044.17,No
5904-DRUM,Female,0,Yes,Yes,8,Yes,No,Fiber optic,Yes,Yes,No,No,No,Yes,One year,Yes,Credit card (automatic),88.38,683.0,No
1024-YCBM,Female,0,Yes,No,54,No,No phone service,No,No internet service,No internet service,No internet service,No internet service,No internet service,No internet service,Month-to-month,Yes,Credit card (automatic),22.45,1159.94,No
7353-HAQC,Male,1,Yes,Yes,54,Yes,No,Fiber optic,No,No,Yes,No,Yes,Yes,Two year,No,Electronic check,92.1,5167.28,No
4661-JRKS,Male,0,No,Yes,42,Yes,Yes,Fiber optic,No,No,Yes,Yes,Yes,No,Two year,No,Electronic check,94.29,3831.27,No
5718-IONA,Female,0,Yes,No,41,Yes,Yes,DSL,Yes,Yes,Yes,No,Yes,Yes,One year,Yes,Electronic check,87.71,3559.79,No
5125-VHZT,Female,0,No,No,41,No,No phone service,No,No internet service,No internet service,No internet service,No internet service,No internet service,No internet service,Month-to-month,Yes,Electronic check,18.0,669.38,No
1554-TJFJ,Male,0,No,Yes,58,Yes,Yes,No,No internet service,No internet service,No internet service,No internet service,No internet service,No internet service,One year,No,Credit card (automatic),32.29,1812.37,No
2928-PRID,Female,0,No,No,24,Yes,No,Fiber optic,Yes,No,No,Yes,No,Yes,Month-to-month,Yes,Credit card (automatic),84.72,1868.94,Yes
5977-IEQG,Female,0,No,No,14,Yes,No,DSL,Yes,No,No,No,Yes,Yes,Month-to-month,Yes,Electronic check,67.46,910.04,No
2593-DLYS,Female,0,Yes,No,52,Yes,No,Fiber optic,Yes,No,No,No,No,No,One year,Yes,Bank transfer (automatic),75.43,3642.6,No
2783-COQB,Female,0,Yes,No,27,Yes,No,No,No internet service,No internet service,No internet service,No internet service,No internet service,No internet service,One year,Yes,Electronic check,29.46,782.89,No
7461-UEQU,Female,1,No,Yes,42,Yes,Yes,Fiber optic,No,Yes,No,No,No,Yes,One year,No,Bank transfer (automatic),89.0,3505.95,No
2603-LAJP,Male,0,Yes,Yes,39,Yes,No,No,No internet service,No internet service,No internet service,No internet service,No internet service,No internet service,Month-to-month,No,Electronic check,29.54,1131.88,No
7639-LCYH,Male,0,No,No,2,Yes,No,No,No internet service,No internet service,No internet service,No internet service,No internet service,No internet service,One year,Yes,Electronic check,31.56,61.47,No
1281-IXVH,Female,0,Yes,No,1,Yes,No,DSL,Yes,Yes,Yes,No,Yes,No,One year,Yes,Electronic check,72.3,68.66,No
6385-ASIV,Female,0,No,No,31,No,No phone service,DSL,No,Yes,Yes,Yes,Yes,No,One year,No,Electronic check,60.46,1826.27,No
6786-OFQO,Male,0,No,Yes,45,Yes,Yes,DSL,Yes,Yes,No,No,No,No,One year,Yes,Electronic check,65.39,2760.32,No
9887-FCMI,Male,0,Yes,Yes,27,Yes,No,Fiber optic,Yes,Yes,Yes,Yes,Yes,Yes,Month-to-month,No,Electronic check,108.25,2779.02,Yes
9993-WSLO,Female,0,Yes,No,6,Yes,Yes,Fiber optic,Yes,No,No,Yes,Yes,Yes,Two year,Yes,Mailed check,103.6,606.69,No
3794-NZCO,Female,0,Yes,Yes,3,Yes,No,Fiber optic,Yes,No,No,No,No,No,Month-to-month,No,Mailed check,82.28,231.94,Yes
5910-IPSA,Male,0,No,No,7,Yes,Yes,Fiber optic,Yes,Yes,No,No,No,Yes,Month-to-month,Yes,Credit card (automatic),92.24,659.21,No
8496-VGTN,Female,0,Yes,No,57,Yes,No,DSL,No,No,No,No,Yes,Yes,Month-to-month,No,Electronic check,67.41,3634.31,Yes
1891-CNBM,Female,0,Yes,Yes,23,Yes,Yes,No,No internet service,No internet service,No internet service,No internet service,No internet service,No internet service,Two year,No,Bank transfer (automatic),24.76,543.95,No
3118-OWLN,Male,0,Yes,No,63,No,No phone service,Fiber optic,No,Yes,No,No,Yes,No,Month-to-month,No,Electronic check,69.9,3980.14,No
7291-YOLI,Female,0,Yes,No,59,Yes,Yes,DSL,No,Yes,Yes,No,Yes,Yes,Two year,Yes,Mailed check,76.05,4615.81,Yes
9524-IDRR,Male,0,No,Yes,64,Yes,Yes,No,No internet service,No internet service,No internet service,No internet service,No internet service,No internet service,Month-to-month,Yes,Credit card (automatic),34.88,2004.28,No
6256-IVSH,Male,0,No,No,30,No,No phone service,DSL,No,No,No,No,Yes,No,Month-to-month,Yes,Electronic check,55.17,1540.83,No
5276-HXCM,Female,0,Yes,No,26,Yes,No,DSL,No,No,Yes,No,No,No,Two year,Yes,Bank transfer (automatic),59.08,1544.91,No
3702-ZRQY,Female,0,Yes,No,62,No,No phone service,DSL,Yes,No,No,Yes,Yes,No,Month-to-month,Yes,Credit card (automatic),69.08,4159.38,No
4834-QCFP,Male,0,No,Yes,51,Yes,Yes,Fiber optic,No,No,Yes,No,Yes,Yes,Two year,Yes,Mailed check,101.58,5017.14,No
5444-ITJW,Female,1,Yes,Yes,44,Yes,No,No,No internet service,No internet service,No internet service,No internet service,No internet service,No internet service,Two year,No,Bank transfer (automatic),28.05,1140.98,No
2011-QZWG,Female,0,No,No,61,Yes,No,Fiber optic,No,No,No,Yes,No,No,Month-to-month,No,Credit card (automatic),76.09,4528.31,Yes
4336-XVVW,Male,0,No,No,68,Yes,Yes,DSL,No,No,No,Yes,Yes,Yes,Month-to-month,Yes,Mailed check,72.28,4663.55,No
9937-ZSIG,Male,0,Yes,No,28,Yes,No,DSL,Yes,Yes,No,Yes,No,No,Month-to-month,Yes,Bank transfer (automatic),71.8,1950.43,No
3329-SQAG,Female,0,No,Yes,9,Yes,No,Fiber optic,No,Yes,Yes,No,No,No,Two year,Yes,Mailed check,81.82,690.33,Yes
1096-ZOTR,Male,1,Yes,Yes,64,Yes,Yes,DSL,Yes,No,No,No,No,No,Month-to-month,No,Credit card (automatic),59.71,3529.93,No
7276-CFUT,Male,0,No,No,27,Yes,No,No,No internet service,No internet service,No internet service,No internet service,No internet service,No internet service,Month-to-month,Yes,Mailed check,25.14,594.23,No
2731-HBGE,Male,0,Yes,No,9,Yes,No,Fiber optic,No,Yes,No,Yes,No,Yes,Month-to-month,Yes,Mailed check,82.01,711.69,Yes
8328-XGKO,Female,0,Yes,No,69,Yes,No,Fiber optic,Yes,Yes,No,Yes,Yes,Yes,One year,Yes,Mailed check,105.92,6984.3,No
3952-SARJ,Female,0,No,No,60,Yes,No,DSL,No,No,No,No,No,Yes,Month-to-month,Yes,Credit card (automatic),59.06,3525.51,Yes
9258-EWQK,Female,0,Yes,No,33,Yes,No,DSL,No,Yes,No,No,No,No,Two year,No,Mailed check,59.53,1814.77,No
2581-FRTE,Female,0,Yes,No,2,Yes,No,DSL,Yes,No,No,No,Yes,Yes,Month-to-month,No,Mailed check,72.9,145.97,No
1093-HAPR,Male,0,Yes,Yes,43,Yes,No,No,No internet service,No internet service,No internet service,No internet service,No internet service,No internet service,Two year,No,Electronic check,21.19,825.03,No
3767-GMAS,Female,0,No,No,21,Yes,No,DSL,Yes,Yes,No,No,Yes,Yes,One year,Yes,Credit card (automatic),74.3,1515.22,No
4647-UUTC,Female,0,Yes,Yes,45,Yes,Yes,DSL,No,No,No,No,No,Yes,Month-to-month,Yes,Mailed check,59.39,2518.66,Yes
6377-ZVCT,Male,0,No,No,12,Yes,Yes,No,No internet service,No internet service,No internet service,No internet service,No internet service,No internet service,One year,No,Bank transfer (automatic),25.6,309.39,No
6763-LUIS,Female,0,Yes,Yes,39,Yes,No,DSL,Yes,No,Yes,No,Yes,Yes,Two year,Yes,Mailed check,77.12,2720.67,No
1985-FWTV,Female,0,No,No,52,Yes,No,No,No internet service,No internet service,No internet service,No internet service,No internet service,No internet service,Two year,Yes,Mailed check,25.17,1266.1,No
4180-OANT,Male,0,Yes,No,10,Yes,No,Fiber optic,Yes,No,No,No,No,No,One year,Yes,Electronic check,80.62,771.62,No
5320-ZBKL,Female,0,No,No,55,Yes,Yes,Fiber optic,No,No,No,Yes,Yes,No,Two year,Yes,Mailed check,90.65,4916.89,No
7445-QJJG,Male,1,Yes,Yes,1,Yes,No,DSL,Yes,No,Yes,No,No,Yes,Month-to-month,No,Electronic check,68.14,65.05,No
1434-WFLV,Female,0,Yes,Yes,23,Yes,No,No,No internet service,No internet service,No internet service,No internet service,No internet service,No internet service,Month-to-month,Yes,Mailed check,23.35,487.82,No
1656-KODO,Male,0,Yes,Yes,52,Yes,Yes,Fiber optic,No,No,No,Yes,Yes,Yes,Two year,Yes,Mailed check,97.72,5308.22,No
6096-SKSD,Male,0,Yes,No,31,Yes,Yes,Fiber optic,Yes,No,Yes,No,No,Yes,Month-to-month,No,Electronic check,99.36,2896.7,Yes
6264-XICA,Female,0,Yes,No,17,Yes,Yes,No,No internet service,No internet service,No internet service,No internet service,No internet service,No internet service,Month-to-month,Yes,Electronic check,35.53,537.69,No
6559-AJUL,Female,0,Yes,No,4,Yes,No,Fiber optic,Yes,Yes,No,No,Yes,No,Two year,Yes,Mailed check,93.43,357.46,No
3824-SCUL,Male,0,Yes,Yes,36,Yes,No,Fiber optic,Yes,No,Yes,Yes,No,Yes,Month-to-month,Yes,Mailed check,92.79,3236.26,No
6591-YRPL,Female,0,Yes,No,44,Yes,Yes,Fiber optic,No,No,No,No,Yes,No,Two year,Yes,Electronic check,80.97,3312.77,Yes
9486-MYIZ,Female,0,Yes,No,16,Yes,No,Fiber optic,Yes,Yes,No,No,No,No,Month-to-month,No,Electronic check,91.53,1397.72,Yes
7008-HCKQ,Male,0,Yes,No,19,Yes,Yes,No,No internet service,No internet service,No internet service,No internet service,No internet service,No internet service,Month-to-month,No,Bank transfer (automatic),26.96,461.87,No
6388-UIFH,Female,1,No,No,10,Yes,Yes,Fiber optic,Yes,No,Yes,Yes,Yes,No,Two year,No,Bank transfer (automatic),96.39,866.32,No
6226-ZXWK,Male,0,Yes,No,49,Yes,No,DSL,No,No,No,Yes,Yes,No,One year,No,Mailed check,60.54,2934.57,No
6071-MWCV,Female,1,No,Yes,17,No,No phone service,DSL,Yes,No,No,Yes,Yes,No,Month-to-month,Yes,Mailed check,54.98,950.85,No
3396-KGEP,Female,0,No,Yes,38,Yes,Yes,Fiber optic,No,No,No,Yes,Yes,No,One year,No,Bank transfer (automatic),86.7,3200.04,No
4639-QRWU,Male,0,Yes,No,30,Yes,Yes,No,No internet service,No internet service,No internet service,No internet service,No internet service,No internet service,One year,No,Mailed check,37.34,1024.13,No
2523-XPSP,Female,0,No,No,66,Yes,Yes,Fiber optic,Yes,Yes,No,No,Yes,Yes,Month-to-month,Yes,Electronic check,95.1,5851.87,No
7236-YDDS,Female,0,No,No,46,Yes,No,No,No internet service,No internet service,No internet service,No internet service,No internet service,No internet service,Month-to-month,No,Bank transfer (automatic),25.15,1199.14,No
3479-RQQI,Male,0,Yes,Yes,40,Yes,Yes,DSL,No,No,No,Yes,Yes,Yes,Month-to-month,Yes,Electronic check,73.04,2905.86,No
2732-ZPLO,Male,0,No,No,70,No,No phone service,No,No internet service,No internet service,No internet service,No internet service,No internet service,No internet service,Month-to-month,Yes,Credit card (automatic),20.67,1387.82,No
3953-BRMH,Female,1,No,No,57,Yes,No,Fiber optic,Yes,No,Yes,Yes,Yes,No,One year,Yes,Electronic check,89.32,5022.32,Yes
5136-TQVY,Male,0,No,No,35,Yes,Yes,No,No internet service,No internet service,No internet service,No internet service,No internet service,No internet service,Two year,Yes,Bank transfer (automatic),30.22,1006.11,No
7825-XPCB,Female,0,No,Yes,40,Yes,No,No,No internet service,No internet service,No internet service,No internet service,No internet service,No internet service,Month-to-month,Yes,Electronic check,29.03,1116.63,No
8153-UDYJ,Female,0,Yes,No,36,No,No phone service,DSL,No,No,Yes,Yes,No,Yes,One year,Yes,Bank transfer (automatic),51.72,1746.02,No
7289-FFSF,Female,0,Yes,Yes,22,No,No phone service,No,No internet service,No internet service,No internet service,No internet service,No internet service,No internet service,Month-to-month,No,Bank transfer (automatic),19.55,395.86,No
8633-LWPA,Male,0,No,No,45,Yes,Yes,Fiber optic,No,Yes,No,No,Yes,No,One year,Yes,Credit card (automatic),86.05,3894.37,No
7676-ABZG,Female,0,No,No,51,Yes,No,Fiber optic,Yes,No,Yes,No,Yes,No,Two year,No,Bank transfer (automatic),89.01,4169.16,No
9785-KBVM,Male,0,No,No,50,Yes,No,DSL,No,Yes,No,No,Yes,No,Month-to-month,Yes,Electronic check,67.68,3564.84,Yes
3281-TDTW,Male,0,Yes,No,44,Yes,No,DSL,Yes,No,Yes,No,No,No,Month-to-month,No,Electronic check,63.66,2565.28,No
9975-LNSE,Male,0,No,No,0,Yes,No,Fiber optic,No,No,Yes,Yes,Yes,No,One year,Yes,Bank transfer (automatic),84.95,,No
6109-MDJG,Female,0,Yes,Yes,60,Yes,Yes,DSL,No,No,Yes,Yes,No,No,Two year,Yes,Bank transfer (automatic),69.8,3895.23,No
6373-TQHI,Female,0,Yes,Yes,29,Yes,No,DSL,No,No,No,No,Yes,No,Month-to-month,No,Electronic check,59.52,1659.89,No
6086-PBOQ,Female,1,No,No,52,No,No phone service,DSL,No,No,No,No,Yes,Yes,One year,No,Credit card (automatic),54.64,2886.73,No
3263-QHHA,Female,1,Yes,No,64,Yes,No,Fiber optic,Yes,Yes,Yes,No,Yes,No,Month-to-month,Yes,Credit card (automatic),97.99,5899.15,Yes
4062-MBEN,Female,0,No,No,42,Yes,Yes,Fiber optic,Yes,No,No,Yes,Yes,Yes,Two year,Yes,Bank transfer (automatic),104.96,4004.82,No
9651-TMJV,Female,0,No,Yes,28,Yes,Yes,Fiber optic,No,No,Yes,No,No,No,Month-to-month,No,Electronic check,91.77,2278.15,Yes
9576-AHBT,Male,0,No,Yes,40,Yes,Yes,Fiber optic,No,Yes,Yes,No,Yes,Yes,Month-to-month,No,Credit card (automatic),103.92,3911.67,Yes
3345-RQTW,Male,0,Yes,Yes,69,Yes,Yes,Fiber optic,No,No,No,Yes,Yes,No,Month-to-month,Yes,Electronic check,88.69,5852.35,No
6483-YRQI,Female,0,No,No,30,Yes,No,Fiber optic,No,Yes,No,Yes,Yes,No,One year,Yes,Mailed check,89.44,2570.71,No
9262-ONWK,Female,0,No,Yes,51,Yes,No,DSL,No,No,Yes,Yes,Yes,No,Month-to-month,Yes,Mailed check,63.71,3062.4,Yes
7299-BJSH,Female,0,No,No,52,Yes,Yes,Fiber optic,Yes,Yes,No,Yes,Yes,Yes,Two year,Yes,Mailed check,107.82,5930.61,No
4888-BDRE,Male,1,Yes,No,39,Yes,No,Fiber optic,No,Yes,Yes,No,No,Yes,Month-to-month,Yes,Bank transfer (automatic),91.13,3289.46,Yes
3908-MWGR,Male,0,No,No,10,No,No phone service,Fiber optic,Yes,Yes,Yes,Yes,No,No,One year,Yes,Electronic check,84.3,777.73,Yes
9805-OWNL,Female,0,Yes,No,22,Yes,Yes,DSL,No,No,Yes,Yes,No,No,Month-to-month,Yes,Electronic check,70.69,1573.9,Yes
4008-TODW,Female,1,Yes,No,14,Yes,Yes,DSL,No,No,Yes,No,Yes,Yes,Month-to-month,No,Electronic check,74.42,1007.59,No
1908-OUXF,Male,0,Yes,No,10,Yes,No,DSL,Yes,No,No,Yes,Yes,No,Month-to-month,No,Credit card (automatic),67.66,640.03,No
8993-RLVV,Female,1,Yes,No,51,Yes,No,Fiber optic,No,No,Yes,No,Yes,No,Month-to-month,Yes,Mailed check,82.02,4180.13,Yes
2000-MCYF,Female,0,No,No,46,Yes,Yes,DSL,No,No,No,Yes,Yes,Yes,One year,Yes,Bank transfer (automatic),74.68,3458.69,No
8428-DCAY,Female,1,Yes,No,46,Yes,Yes,DSL,Yes,Yes,Yes,No,Yes,No,One year,Yes,Bank transfer (automatic),71.03,3065.19,No
8074-PRGC,Male,0,No,No,46,Yes,No,Fiber optic,No,Yes,No,No,Yes,Yes,Month-to-month,No,Mailed check,92.89,4299.24,Yes
5525-GMMF,Male,1,No,No,52,Yes,No,Fiber optic,Yes,No,Yes,Yes,No,Yes,Month-to-month,Yes,Credit card (automatic),97.2,4735.02,Yes
8737-AUUB,Male,0,No,Yes,19,Yes,Yes,No,No internet service,No internet service,No internet service,No internet service,No internet service,No internet service,One year,Yes,Bank transfer (automatic),37.85,759.99,No
3370-JTEA,Female,1,No,No,64,No,No phone service,Fiber optic,No,No,No,No,Yes,Yes,One year,No,Bank transfer (automatic),84.39,5187.7,No
6006-HCAJ,Female,0,Yes,Yes,46,Yes,No,Fiber optic,Yes,No,No,Yes,Yes,No,Month-to-month,Yes,Electronic check,92.49,3811.87,No
6725-YPAY,Female,0,No,No,15,Yes,No,Fiber optic,No,Yes,No,No,No,Yes,One year,No,Mailed check,80.56,1070.68,Yes
7385-TYMA,Female,0,No,No,52,Yes,No,Fiber optic,No,No,No,No,Yes,Yes,Two year,Yes,Bank transfer (automatic),82.83,3995.48,No
4000-DTHI,Male,0,No,No,66,Yes,No,Fiber optic,No,No,Yes,No,Yes,Yes,Two year,No,Bank transfer (automatic),94.64,6241.6,No
8972-RDRX,Female,0,Yes,No,0,Yes,No,Fiber optic,Yes,Yes,No,Yes,Yes,No,Month-to-month,No,Credit card (automatic),96.74,,No
5847-OSAA,Male,1,Yes,No,42,Yes,Yes,DSL,Yes,Yes,Yes,No,No,Yes,One year,No,Mailed check,76.12,3115.65,No
3492-VLBG,Male,0,No,No,10,Yes,No,Fiber optic,No,No,No,No,Yes,Yes,Month-to-month,Yes,Electronic check,95.13,927.69,Yes
4138-SDLI,Male,0,No,No,4,Yes,Yes,Fiber optic,No,Yes,Yes,No,Yes,Yes,Two year,No,Credit card (automatic),101.23,383.2,No
4196-LPFF,Male,0,Yes,Yes,33,No,No phone service,Fiber optic,No,No,No,Yes,No,Yes,One year,No,Electronic check,74.91,2467.33,No
3715-GOZI,Female,0,No,Yes,11,Yes,Yes,DSL,Yes,Yes,No,Yes,No,No,Month-to-month,Yes,Bank transfer (automatic),65.01,661.14,No
4585-CKAX,Male,1,Yes,No,11,Yes,No,No,No internet service,No internet service,No internet service,No internet service,No internet service,No internet service,Month-to-month,Yes,Electronic check,30.39,322.39,No
9677-KHLR,Female,0,No,Yes,43,Yes,No,Fiber optic,Yes,No,Yes,No,No,No,Month-to-month,Yes,Electronic check,78.73,3213.81,No
1527-IWCJ,Male,1,No,No,61,Yes,Yes,DSL,No,No,No,No,Yes,Yes,Two year,Yes,Mailed check,69.05,4216.11,No
9430-BGNT,Female,0,No,No,40,Yes,No,No,No internet service,No internet service,No internet service,No internet service,No internet service,No internet service,Two year,No,Credit card (automatic),26.35,1016.16,No
4562-XHWW,Male,1,No,Yes,23,Yes,Yes,No,No internet service,No internet service,No internet service,No internet service,No internet service,No internet service,Two year,Yes,Electronic check,28.49,649.1,No
2623-AKPM,Male,1,Yes,No,20,Yes,Yes,No,No internet service,No internet service,No internet service,No internet service,No internet service,No internet service,Month-to-month,Yes,Mailed check,40.49,850.18,Yes
6789-QVRJ,Female,1,Yes,Yes,44,Yes,No,Fiber optic,Yes,Yes,No,Yes,No,No,Two year,Yes,Bank transfer (automatic),84.51,3629.17,No
1754-MXDY,Female,0,No,No,6,Yes,No,No,No internet service,No internet service,No internet service,No internet service,No internet service,No internet service,One year,Yes,Bank transfer (automatic),24.05,151.1,No
3098-ZUTH,Male,0,No,No,53,No,No phone service,Fiber optic,No,No,No,No,Yes,Yes,Month-to-month,No,Bank transfer (automatic),71.17,3496.46,Yes
2289-MNPB,Female,1,No,Yes,9,Yes,Yes,Fiber optic,No,Yes,Yes,No,Yes,Yes,Month-to-month,No,Credit card (automatic),101.38,834.9,Yes
5636-TBKK,Male,0,Yes,No,37,Yes,Yes,No,No internet service,No internet service,No internet service,No internet service,No internet service,No internet service,Two year,No,Mailed check,31.81,1146.85,No
4534-VUAF,Female,0,Yes,No,54,Yes,No,Fiber optic,Yes,No,No,Yes,Yes,No,Month-to-month,No,Credit card (automatic),95.52,5071.34,No
1801-WOSN,Male,0,Yes,No,14,Yes,Yes,Fiber optic,No,Yes,No,No,No,No,Month-to-month,Yes,Credit card (automatic),80.32,1134.57,No
1043-VSSK,Female,0,Yes,Yes,71,Yes,Yes,Fiber optic,No,Yes,No,Yes,Yes,Yes,Month-to-month,Yes,Credit card (automatic),105.67,6766.1,No
9718-WRSM,Female,1,No,No,25,Yes,No,DSL,No,No,Yes,No,Yes,No,Two year,Yes,Bank transfer (automatic),59.95,1417.26,Yes
5690-HVEZ,Female,0,No,Yes,56,Yes,Yes,DSL,No,No,Yes,No,Yes,No,Month-to-month,Yes,Credit card (automatic),70.65,3853.08,No
1071-BJCB,Male,0,Yes,No,39,Yes,Yes,DSL,No,No,Yes,Yes,No,Yes,One year,No,Bank transfer (automatic),71.12,2454.62,No
4137-VRCU,Female,0,No,Yes,25,Yes,Yes,DSL,Yes,No,Yes,No,Yes,Yes,Two year,No,Bank transfer (automatic),75.42,1776.16,No
5902-SAGO,Female,0,Yes,No,20,Yes,Yes,DSL,No,Yes,Yes,No,Yes,No,One year,No,Credit card (automatic),67.56,1258.29,No
6800-AZDW,Female,0,No,Yes,6,Yes,No,DSL,No,No,Yes,Yes,Yes,Yes,Month-to-month,No,Credit card (automatic),77.6,428.89,Yes
8658-HDFI,Female,0,Yes,No,47,Yes,Yes,Fiber optic,Yes,No,Yes,No,No,Yes,One year,Yes,Electronic check,98.78,4611.69,No
3447-RGPJ,Female,0,No,No,19,Yes,Yes,DSL,No,No,Yes,Yes,Yes,Yes,Month-to-month,No,Electronic check,79.18,1468.17,Yes
7059-BBFT,Male,0,Yes,Yes,67,Yes,No,Fiber optic,Yes,No,No,Yes,Yes,No,Month-to-month,Yes,Bank transfer (automatic),85.68,5138.58,No
9113-HLUT,Female,0,Yes,Yes,36,Yes,No,DSL,Yes,No,No,No,No,No,Month-to-month,Yes,Electronic check,51.0,1764.32,No
6185-ERJF,Female,0,Yes,Yes,11,Yes,No,Fiber optic,No,No,Yes,Yes,No,No,Two year,Yes,Electronic check,80.03,893.35,No
1620-RICC,Male,0,Yes,No,2,Yes,No,Fiber optic,No,Yes,No,No,Yes,Yes,Two year,No,Bank transfer (automatic),89.68,175.74,No
8343-AGTB,Female,0,No,Yes,27,Yes,No,No,No internet service,No internet service,No internet service,No internet service,No internet service,No internet service,Month-to-month,No,Bank transfer (automatic),24.37,623.43,No
3801-FRTL,Male,1,Yes,No,58,Yes,Yes,Fiber optic,No,Yes,Yes,No,Yes,No,Two year,No,Bank transfer (automatic),92.65,4872.8,No
3516-EQXU,Male,0,Yes,No,67,Yes,Yes,DSL,Yes,No,Yes,Yes,Yes,No,Month-to-month,No,Credit card (automatic),75.21,4694.38,No
3861-KCLU,Female,0,Yes,Yes,38,Yes,Yes,Fiber optic,No,Yes,No,Yes,No,Yes,Month-to-month,No,Mailed check,87.07,3364.14,Yes
9170-OBRG,Female,1,Yes,Yes,54,No,No phone service,DSL,Yes,Yes,No,No,No,No,One year,No,Electronic check,56.84,2776.93,Yes
9659-FUES,Female,0,No,No,1,No,No phone service,Fiber optic,Yes,Yes,No,Yes,No,No,One year,Yes,Electronic check,82.72,75.42,No
2844-XCFB,Female,0,Yes,Yes,35,Yes,Yes,Fiber optic,Yes,Yes,No,No,No,No,Two year,No,Electronic check,89.74,3159.63,No
4721-WFKK,Female,0,Yes,Yes,51,No,No phone service,Fiber optic,Yes,Yes,No,Yes,No,Yes,Two year,Yes,Bank transfer (automatic),84.82,4066.8,No
5266-QGIG,Male,0,No,No,29,No,No phone service,DSL,Yes,Yes,Yes,Yes,Yes,No,Month-to-month,Yes,Mailed check,69.74,1998.54,No
1802-GEZC,Female,0,Yes,No,22,Yes,No,DSL,No,Yes,Yes,No,Yes,Yes,Month-to-month,Yes,Electronic check,67.56,1451.91,Yes
4099-KCUN,Male,0,Yes,Yes,2,Yes,No,DSL,No,No,No,No,Yes,No,Month-to-month,Yes,Credit card (automatic),59.68,120.14,No
5454-OLYG,Male,0,No,No,59,Yes,Yes,DSL,No,Yes,No,No,Yes,No,Month-to-month,Yes,Bank transfer (automatic),66.52,3959.63,No
4007-IERF,Male,0,Yes,Yes,52,Yes,Yes,Fiber optic,No,Yes,No,No,No,No,One year,No,Electronic check,83.38,4195.83,No
7243-KEUG,Female,0,No,No,21,Yes,No,Fiber optic,No,Yes,No,No,Yes,Yes,Two year,Yes,Credit card (automatic),95.22,1839.0,No
6362-USOX,Female,0,No,No,56,No,No phone service,Fiber optic,No,No,Yes,No,Yes,No,Month-to-month,Yes,Bank transfer (automatic),77.63,4208.28,No
1767-JHLD,Male,0,Yes,Yes,62,Yes,Yes,DSL,Yes,No,No,Yes,No,Yes,One year,Yes,Electronic check,71.4,4413.85,No
3147-JLOA,Female,0,Yes,No,37,Yes,No,No,No internet service,No internet service,No internet service,No internet service,No internet service,No internet service,Month-to-month,No,Bank transfer (automatic),30.39,1121.86,No
1991-MFQW,Male,0,Yes,No,68,Yes,No,DSL,Yes,Yes,No,Yes,No,Yes,Month-to-month,Yes,Electronic check,67.7,4232.98,No
2601-THPM,Male,0,Yes,No,7,Yes,No,DSL,No,No,No,Yes,Yes,Yes,One year,Yes,Credit card (automatic),64.45,451.47,No
5021-NFNA,Male,0,No,No,61,Yes,No,No,No internet service,No internet service,No internet service,No internet service,No internet service,No internet service,Month-to-month,No,Credit card (automatic),32.21,1929.89,No
8867-MCCX,Female,0,Yes,Yes,14,Yes,No,Fiber optic,No,Yes,No,No,No,No,Two year,No,Mailed check,83.52,1099.76,No
2871-IOQZ,Male,1,Yes,No,40,Yes,No,Fiber optic,No,No,Yes,Yes,No,Yes,One year,Yes,Mailed check,86.2,3193.78,No
8065-YJZU,Female,0,No,No,16,Yes,No,Fiber optic,No,No,No,Yes,Yes,Yes,Month-to-month,Yes,Mailed check,96.75,1489.59,No
9057-CPZZ,Female,0,No,No,65,Yes,No,DSL,Yes,No,Yes,Yes,Yes,Yes,Two year,Yes,Electronic check,70.62,4038.46,No
1459-NHTL,Female,0,Yes,No,17,Yes,Yes,DSL,No,No,Yes,No,Yes,No,One year,Yes,Mailed check,61.55,1005.94,No
3210-JNED,Female,0,Yes,Yes,65,Yes,No,Fiber optic,No,No,No,No,Yes,No,One year,No,Mailed check,77.57,4681.26,Yes
3156-GAJE,Female,0,Yes,Yes,15,No,No phone service,DSL,No,No,Yes,No,Yes,Yes,Month-to-month,No,Bank transfer (automatic),64.67,912.24,No
8956-HCXL,Male,0,Yes,Yes,41,Yes,No,No,No internet service,No internet service,No internet service,No internet service,No internet service,No internet service,Month-to-month,No,Electronic check,25.82,989.83,No
9301-AQZR,Male,0,Yes,Yes,29,Yes,No,Fiber optic,No,No,Yes,Yes,No,No,One year,Yes,Electronic check,80.06,2310.95,No
3043-YTVL,Male,0,Yes,Yes,57,Yes,Yes,DSL,Yes,Yes,No,Yes,No,Yes,Month-to-month,No,Electronic check,79.66,4009.47,No
2435-KQFO,Female,1,Yes,Yes,51,Yes,No,Fiber optic,No,No,No,No,Yes,Yes,Month-to-month,No,Electronic check,81.25,3876.73,Yes
3979-MRWB,Female,0,Yes,No,9,Yes,No,Fiber optic,No,No,Yes,Yes,No,Yes,One year,Yes,Electronic check,83.9,709.27,No
3482-JEAU,Male,1,Yes,No,49,No,No phone service,Fiber optic,Yes,Yes,No,No,No,Yes,Month-to-month,No,Bank transfer (automatic),80.37,3729.98,No
3889-RSRW,Female,0,No,No,41,Yes,Yes,No,No internet service,No internet service,No internet service,No internet service,No internet service,No internet service,One year,Yes,Mailed check,35.42,1372.18,No
6786-DYWC,Male,0,Yes,No,43,Yes,No,DSL,Yes,No,No,No,No,No,One year,No,Electronic check,58.8,2564.02,No
1630-MWYM,Male,0,No,No,15,Yes,Yes,Fiber optic,No,Yes,No,Yes,Yes,No,Month-to-month,Yes,Electronic check,98.6,1434.77,Yes
7068-ABDZ,Female,0,Yes,Yes,40,Yes,No,Fiber optic,No,No,No,No,No,No,Two year,Yes,Credit card (automatic),72.27,2771.83,No
6785-BMWK,Female,0,No,No,6,Yes,No,No,No internet service,No internet service,No internet service,No internet service,No internet service,No internet service,Two year,No,Credit card (automatic),30.36,165.46,No
9028-QYPL,Male,0,No,No,8,No,No phone service,No,No internet service,No internet service,No internet service,No internet service,No internet service,No internet service,Month-to-month,Yes,Electronic check,22.11,158.1,No
1413-YLIL,Female,0,Yes,No,50,No,No phone service,DSL,No,No,No,No,Yes,No,Two year,No,Bank transfer (automatic),49.89,2471.26,No
8875-ENNS,Male,0,Yes,No,30,Yes,No,No,No internet service,No internet service,No internet service,No internet service,No internet service,No internet service,Two year,Yes,Bank transfer (automatic),28.27,808.3,Yes
9394-IBJZ,Female,1,Yes,No,16,Yes,No,Fiber optic,No,No,No,No,Yes,No,Two year,Yes,Bank transfer (automatic),81.47,1259.2,No
5855-ANNT,Male,0,Yes,No,35,Yes,No,DSL,No,No,No,No,No,Yes,Two year,No,Electronic check,60.26,1882.14,No
1638-MSFW,Female,1,No,No,64,Yes,No,DSL,No,No,No,Yes,Yes,No,Month-to-month,No,Bank transfer (automatic),54.27,3381.94,No
9534-UFOM,Male,0,Yes,No,10,Yes,Yes,Fiber optic,No,No,No,Yes,Yes,Yes,Month-to-month,Yes,Electronic check,100.22,982.2,Yes
7498-SIII,Male,0,No,Yes,46,Yes,No,DSL,No,No,Yes,No,Yes,No,Two year,No,Mailed check,64.48,2711.81,Yes
8469-DXSN,Male,0,Yes,Yes,56,Yes,Yes,DSL,No,No,No,No,Yes,No,Two year,Yes,Electronic check,62.58,3384.7,No
2607-CFVP,Male,0,Yes,Yes,5,No,No phone service,Fiber optic,No,No,No,No,No,No,One year,No,Bank transfer (automatic),57.97,294.3,Yes
5445-FEZO,Female,0,Yes,No,44,No,No phone service,DSL,No,Yes,Yes,No,No,Yes,Month-to-month,Yes,Electronic check,60.89,2600.34,No
3684-BGWI,Male,0,Yes,No,4,Yes,Yes,DSL,Yes,Yes,Yes,Yes,No,No,Month-to-month,Yes,Credit card (automatic),68.79,263.34,Yes
8479-CRNP,Male,0,Yes,Yes,40,Yes,Yes,No,No internet service,No internet service,No internet service,No internet service,No internet service,No internet service,Month-to-month,No,Electronic check,33.37,1308.54,Yes
2162-GZCW,Male,0,Yes,Yes,57,Yes,No,DSL,Yes,No,No,Yes,Yes,No,Two year,Yes,Credit card (automatic),67.29,3552.59,No
1507-CCAL,Male,0,No,No,62,Yes,No,DSL,Yes,No,Yes,Yes,Yes,No,Month-to-month,No,Electronic check,73.02,4184.29,No
1026-FSRL,Male,0,No,No,2,Yes,Yes,No,No internet service,No internet service,No internet service,No internet service,No internet service,No internet service,Month-to-month,No,Mailed check,23.67,45.84,Yes
4948-ZEPY,Male,0,Yes,No,24,Yes,Yes,Fiber optic,No,Yes,No,No,No,No,Month-to-month,No,Bank transfer (automatic),82.53,1983.03,Yes
4519-KTDM,Male,0,Yes,No,24,Yes,Yes,No,No internet service,No internet service,No internet service,No internet service,No internet service,No internet service,One year,Yes,Electronic check,26.55,644.93,No
9445-YBNM,Male,1,Yes,No,60,Yes,Yes,DSL,Yes,Yes,No,No,Yes,No,Month-to-month,No,Mailed check,73.29,4364.7,No
7126-BVMK,Female,0,Yes,No,56,Yes,No,No,No internet service,No internet service,No internet service,No internet service,No internet service,No internet service,Month-to-month,Yes,Mailed check,23.88,1334.03,No
5724-FZYU,Female,0,Yes,Yes,61,Yes,Yes,Fiber optic,No,Yes,Yes,No,No,No,Two year,No,Credit card (automatic),86.59,5495.24,No
3415-YEVD,Male,0,No,No,26,Yes,Yes,Fiber optic,No,Yes,No,No,Yes,Yes,Month-to-month,Yes,Electronic check,98.06,2539.92,Yes
8616-HNZS,Male,0,Yes,No,34,Yes,Yes,No,No internet service,No internet service,No internet service,No internet service,No internet service,No internet service,Month-to-month,No,Electronic check,30.57,983.79,No
8980-WUDQ,Female,0,No,No,59,Yes,No,No,No internet service,No internet service,No internet service,No internet service,No internet service,No internet service,One year,Yes,Electronic check,24.07,1330.69,No
9958-ZFWL,Female,0,Yes,Yes,36,Yes,No,Fiber optic,No,Yes,No,No,Yes,No,One year,Yes,Bank transfer (automatic),81.93,2767.05,No
7817-MEGT,Male,0,Yes,No,66,Yes,Yes,Fiber optic,No,No,Yes,No,No,No,One year,Yes,Bank transfer (automatic),78.98,4919.61,No
1441-JPEE,Male,0,No,Yes,29,Yes,No,DSL,No,No,No,Yes,Yes,Yes,Two year,Yes,Credit card (automatic),68.79,1749.21,No
9728-BOCS,Female,0,No,Yes,42,Yes,No,DSL,Yes,Yes,Yes,No,Yes,No,Month-to-month,No,Credit card (automatic),78.36,3255.05,No
8423-FHJS,Female,0,No,Yes,60,Yes,No,DSL,Yes,Yes,No,Yes,Yes,Yes,Month-to-month,Yes,Electronic check,82.53,5140.18,No
1829-KSMK,Female,0,Yes,Yes,19,Yes,No,DSL,No,Yes,No,No,Yes,Yes,Two year,No,Electronic check,73.81,1337.4,No
5764-RRME,Male,1,No,No,56,Yes,No,No,No internet service,No internet service,No internet service,No internet service,No internet service,No internet service,Month-to-month,Yes,Electronic check,24.6,1186.4,No
6859-ZNLW,Male,0,Yes,No,40,Yes,No,Fiber optic,No,Yes,No,No,No,Yes,Month-to-month,Yes,Electronic check,80.16,3259.65,Yes
9998-CIEC,Male,0,No,Yes,55,Yes,Yes,Fiber optic,Yes,No,Yes,No,Yes,No,Month-to-month,Yes,Mailed check,94.32,4782.5,No
8294-NSAE,Female,1,Yes,No,14,No,No phone service,No,No internet service,No internet service,No internet service,No internet service,No internet service,No internet service,Two year,Yes,Credit card (automatic),18.63,260.23,No
5872-OOQQ,Male,0,Yes,No,37,Yes,Yes,Fiber optic,Yes,Yes,No,No,Yes,No,Month-to-month,No,Electronic check,94.33,3138.65,No
6522-ETHD,Female,0,No,No,24,Yes,Yes,DSL,Yes,Yes,Yes,No,No,Yes,Two year,Yes,Electronic check,80.4,1828.23,No
8781-NUEG,Female,0,No,No,57,Yes,No,Fiber optic,No,No,No,No,Yes,Yes,Month-to-month,No,Electronic check,89.65,4857.86,Yes
8157-VAAE,Female,0,Yes,No,13,Yes,No,No,No internet service,No internet service,No internet service,No internet service,No internet service,No internet service,Two year,No,Electronic check,24.18,314.3,No
2491-NZDT,Male,0,No,No,61,Yes,Yes,No,No internet service,No internet service,No internet service,No internet service,No internet service,No internet service,Month-to-month,No,Bank transfer (automatic),24.98,1412.77,Yes
3286-RRHQ,Female,0,Yes,No,36,Yes,No,DSL,Yes,No,Yes,Yes,Yes,No,Two year,No,Bank transfer (automatic),71.89,2498.81,No
6174-YXVH,Female,0,Yes,Yes,40,Yes,No,DSL,Yes,No,No,No,No,No,Month-to-month,Yes,Credit card (automatic),54.15,2033.68,No
5974-ZWRW,Male,0,Yes,No,27,Yes,No,Fiber optic,No,Yes,No,No,No,No,Month-to-month,No,Credit card (automatic),82.68,2129.24,Yes
1202-BGVR,Female,0,Yes,No,32,Yes,No,DSL,No,No,No,No,No,Yes,Month-to-month,No,Electronic check,53.76,1593.55,No
2231-SKPO,Female,0,Yes,No,34,Yes,No,No,No internet service,No internet service,No internet service,No internet service,No internet service,No internet service,One year,No,Bank transfer (automatic),30.87,985.4,No
2057-JVQK,Female,0,Yes,Yes,13,Yes,No,Fiber optic,No,No,Yes,Yes,No,Yes,Two year,No,Mailed check,90.28,996.1,No
5851-GFBC,Male,1,Yes,Yes,3,Yes,No,No,No internet service,No internet service,No internet service,No internet service,No internet service,No internet service,One year,No,Credit card (automatic),29.64,78.79,No
3236-RYYP,Male,0,Yes,No,29,Yes,Yes,Fiber optic,Yes,Yes,Yes,No,No,Yes,Month-to-month,No,Bank transfer (automatic),93.53,2666.22,Yes
8858-IPYB,Male,0,No,No,71,Yes,Yes,DSL,No,Yes,No,No,Yes,Yes,Two year,No,Bank transfer (automatic),74.0,5017.28,No
3500-IWZM,Male,0,Yes,No,39,Yes,No,DSL,No,Yes,No,No,Yes,No,Month-to-month,Yes,Electronic check,64.76,2421.61,No
1409-UBYU,Female,0,Yes,Yes,66,Yes,Yes,DSL,Yes,No,No,No,Yes,Yes,Month-to-month,Yes,Credit card (automatic),72.12,4792.18,No
5754-LJSA,Female,0,Yes,No,11,Yes,No,Fiber optic,No,No,Yes,No,No,No,Two year,Yes,Mailed check,76.42,773.44,No
4399-TOGI,Male,1,Yes,No,12,No,No phone service,DSL,No,No,Yes,Yes,No,No,Month-to-month,No,Electronic check,50.1,563.99,No
2576-VRAU,Female,0,No,No,54,Yes,No,No,No internet service,No internet service,No internet service,No internet service,No internet service,No internet service,Month-to-month,No,Electronic check,27.87,1428.78,No
2459-OHUQ,Female,0,Yes,No,38,Yes,No,Fiber optic,Yes,No,No,No,Yes,Yes,Two year,No,Mailed check,90.35,3393.89,No
6600-QGZX,Female,0,No,Yes,12,Yes,No,Fiber optic,No,Yes,Yes,No,No,Yes,Month-to-month,No,Electronic check,91.68,1020.3,Yes
1596-JUUX,Female,0,No,No,56,Yes,Yes,DSL,No,No,No,Yes,No,No,Month-to-month,Yes,Bank transfer (automatic),59.84,3422.06,No
8012-TGNL,Female,0,Yes,Yes,50,Yes,No,Fiber optic,No,Yes,No,No,Yes,Yes,Month-to-month,No,Mailed check,91.34,4462.88,No
7046-MUKA,Female,0,No,No,21,Yes,Yes,No,No internet service,No internet service,No internet service,No internet service,No internet service,No internet service,Month-to-month,Yes,Electronic check,26.07,506.95,No
5316-MMJH,Female,0,No,No,71,No,No phone service,DSL,No,No,No,Yes,No,Yes,Two year,No,Bank transfer (automatic),56.47,3719.09,No
3980-TFQR,Female,0,Yes,No,8,Yes,Yes,Fiber optic,No,Yes,No,Yes,Yes,No,Month-to-month,No,Credit card (automatic),90.61,661.33,No
9883-FXYV,Female,0,No,No,15,Yes,No,No,No internet service,No internet service,No internet service,No internet service,No internet service,No internet service,Month-to-month,No,Electronic check,30.3,418.39,Yes
4152-SAYG,Male,0,No,Yes,29,Yes,No,Fiber optic,No,Yes,Yes,Yes,No,No,Month-to-month,No,Credit card (automatic),90.33,2419.16,Yes
3498-HGOP,Female,1,Yes,No,69,Yes,Yes,No,No internet service,No internet service,No internet service,No internet service,No internet service,No internet service,Month-to-month,No,Electronic check,40.05,2572.6,No
4655-WDWR,Female,1,Yes,No,36,Yes,Yes,Fiber optic,No,No,Yes,No,No,Yes,Month-to-month,Yes,Electronic check,87.21,2907.12,Yes
2001-KRMM,Male,0,No,No,31,Yes,Yes,Fiber optic,No,Yes,No,No,No,No,Month-to-month,Yes,Bank transfer (automatic),86.86,2614.16,Yes
4738-XTJN,Male,1,No,No,45,Yes,No,No,No internet service,No internet service,No internet service,No internet service,No internet service,No internet service,Month-to-month,No,Bank transfer (automatic),22.78,979.0,No
3751-ZKJL,Female,0,No,Yes,57,Yes,No,Fiber optic,Yes,No,Yes,Yes,No,Yes,One year,No,Electronic check,92.69,4919.2,No
8553-OGBN,Female,1,Yes,No,19,Yes,Yes,DSL,No,No,Yes,Yes,Yes,No,One year,Yes,Electronic check,72.79,1323.61,No
1114-SPBF,Female,0,No,No,4,No,No phone service,No,No internet service,No internet service,No internet service,No internet service,No internet service,No internet service,Two year,Yes,Bank transfer (automatic),18.0,67.08,No
1729-KUMS,Female,0,Yes,No,60,Yes,No,Fiber optic,No,Yes,Yes,No,Yes,No,Month-to-month,Yes,Electronic check,85.43,5259.51,No
8459-EGBE,Male,0,No,Yes,43,Yes,Yes,DSL,No,No,Yes,Yes,Yes,Yes,Month-to-month,No,Credit card (automatic),80.58,3406.85,Yes
7261-TDDV,Female,0,No,No,20,Yes,No,No,No internet service,No internet service,No internet service,No internet service,No internet service,No internet service,Two year,Yes,Electronic check,21.93,411.45,No
1725-GVNF,Male,0,Yes,No,61,Yes,No,Fiber optic,Yes,No,No,Yes,No,Yes,Month-to-month,Yes,Bank transfer (automatic),86.71,5248.37,No
1749-XHVT,Male,0,No,No,31,Yes,No,Fiber optic,No,Yes,Yes,Yes,No,No,Month-to-month,Yes,Electronic check,90.89,2455.17,Yes
5933-MMDF,Male,0,No,No,48,Yes,No,Fiber optic,No,No,No,Yes,Yes,Yes,One year,Yes,Mailed check,85.2,3878.88,No
2832-RZTB,Male,0,No,No,30,Yes,No,No,No internet service,No internet service,No internet service,No internet service,No internet service,No internet service,Month-to-month,Yes,Electronic check,20.98,590.27,No
3269-EUGE,Male,0,No,Yes,10,Yes,Yes,No,No internet service,No internet service,No internet service,No internet service,No internet service,No internet service,One year,Yes,Mailed check,33.52,312.54,No
3762-LICI,Male,0,No,No,55,Yes,Yes,DSL,No,No,Yes,Yes,Yes,No,One year,No,Electronic check,76.41,4295.15,No
1684-YITT,Male,0,No,No,2,Yes,Yes,DSL,Yes,Yes,No,No,No,Yes,Two year,No,Mailed check,68.57,124.29,No
7958-FZTG,Female,0,No,No,68,No,No phone service,DSL,No,No,No,Yes,No,Yes,One year,No,Mailed check,53.63,3341.53,No
7093-ERUG,Female,0,Yes,No,17,Yes,No,Fiber optic,No,No,Yes,No,No,No,Month-to-month,Yes,Electronic check,68.87,1157.96,Yes
5288-EAFV,Male,0,Yes,No,59,Yes,No,DSL,Yes,Yes,No,No,Yes,Yes,Two year,Yes,Credit card (automatic),77.16,4596.17,No
3202-HYIG,Male,0,No,No,56,Yes,Yes,DSL,No,Yes,No,No,No,No,Month-to-month,Yes,Electronic check,66.79,3688.07,No
6731-OSIT,Female,0,No,No,36,Yes,No,DSL,No,No,No,No,No,Yes,Month-to-month,No,Electronic check,54.06,1852.69,No
7867-YPDU,Female,0,Yes,Yes,6,Yes,Yes,Fiber optic,Yes,No,No,Yes,Yes,Yes,Month-to-month,Yes,Mailed check,102.26,565.27,Yes
4056-UZMP,Female,0,No,Yes,14,Yes,Yes,DSL,No,No,Yes,No,Yes,No,Two year,Yes,Credit card (automatic),70.42,987.73,No
4620-HEHH,Female,0,Yes,No,18,Yes,Yes,No,No internet service,No internet service,No internet service,No internet service,No internet service,No internet service,Month-to-month,Yes,Credit card (automatic),30.71,496.14,Yes
7015-RLNT,Male,0,No,No,29,Yes,No,No,No internet service,No internet service,No internet service,No internet service,No internet service,No internet service,Month-to-month,Yes,Electronic check,30.58,850.58,No
1183-OEFE,Female,0,No,No,44,Yes,No,Fiber optic,No,No,Yes,No,No,No,Two year,No,Electronic check,79.51,3293.24,No
5096-MEAZ,Female,1,Yes,No,10,Yes,Yes,Fiber optic,Yes,No,No,Yes,No,No,One year,No,Credit card (automatic),92.2,870.75,No
6717-LCKE,Male,0,No,No,4,Yes,Yes,Fiber optic,No,Yes,No,Yes,Yes,No,Two year,No,Bank transfer (automatic),94.17,370.93,No
8094-HDDW,Female,0,No,No,31,Yes,No,DSL,No,Yes,No,Yes,Yes,Yes,One year,No,Electronic check,71.49,1961.41,No
6991-GGJX,Female,0,Yes,No,59,Yes,No,Fiber optic,Yes,Yes,Yes,Yes,No,No,Month-to-month,Yes,Bank transfer (automatic),89.57,4930.11,No
2514-FANT,Female,0,Yes,No,25,Yes,No,DSL,No,No,No,Yes,Yes,No,Two year,No,Electronic check,60.25,1451.75,No
1451-PHNK,Female,0,No,No,52,Yes,No,DSL,No,No,No,No,Yes,No,One year,Yes,Bank transfer (automatic),58.04,2794.33,No
4297-EOZJ,Male,0,No,No,17,Yes,Yes,Fiber optic,No,No,No,No,No,No,Two year,No,Credit card (automatic),75.99,1362.05,No
9960-BOYB,Male,0,No,No,32,Yes,No,DSL,Yes,No,No,Yes,Yes,Yes,Two year,No,Electronic check,76.97,2204.72,No
9483-ANOU,Male,0,Yes,No,21,Yes,No,No,No internet service,No internet service,No internet service,No internet service,No internet service,No internet service,Month-to-month,Yes,Bank transfer (automatic),25.25,520.72,No
5751-MXSK,Male,0,No,Yes,2,Yes,No,No,No internet service,No internet service,No internet service,No internet service,No internet service,No internet service,Month-to-month,Yes,Electronic check,32.94,62.58,No
8579-ZIQB,Female,0,Yes,Yes,66,Yes,No,Fiber optic,No,No,Yes,No,No,Yes,One year,No,Credit card (automatic),81.88,5047.01,No
9027-MOQL,Male,0,Yes,No,5,Yes,Yes,DSL,Yes,No,No,No,Yes,Yes,Month-to-month,Yes,Bank transfer (automatic),80.34,391.7,No
8892-IJBY,Female,0,Yes,No,13,Yes,No,Fiber optic,No,No,Yes,Yes,Yes,Yes,Two year,Yes,Electronic check,90.66,1174.57,No
1314-GASH,Female,0,No,No,46,Yes,No,Fiber optic,No,Yes,Yes,No,No,Yes,Two year,No,Electronic check,97.98,4211.54,No
6689-YOEU,Male,0,Yes,Yes,47,Yes,Yes,Fiber optic,No,No,No,Yes,No,Yes,One year,Yes,Electronic check,84.86,3950.93,No
3597-OVHI,Female,0,Yes,No,39,Yes,Yes,No,No internet service,No internet service,No internet service,No internet service,No internet service,No internet service,Two year,No,Bank transfer (automatic),32.58,1155.35,No
4790-PKNL,Male,0,No,No,48,Yes,No,DSL,No,Yes,Yes,Yes,No,Yes,Month-to-month,No,Credit card (automatic),64.31,2981.0,No
7187-OHYL,Male,0,Yes,Yes,24,Yes,No,Fiber optic,No,No,No,Yes,No,No,One year,Yes,Mailed check,87.06,2156.08,No
3958-WGMX,Male,0,Yes,No,43,Yes,Yes,Fiber optic,No,Yes,No,Yes,No,No,Month-to-month,Yes,Bank transfer (automatic),80.48,3610.86,Yes
3100-ORCG,Female,1,No,No,10,No,No phone service,DSL,Yes,No,No,No,Yes,No,Month-to-month,No,Mailed check,62.77,629.32,Yes
4791-UDXQ,Female,0,Yes,No,39,Yes,Yes,Fiber optic,Yes,Yes,No,Yes,Yes,No,Two year,Yes,Electronic check,96.62,3411.04,No
2942-HTPO,Male,0,No,No,31,Yes,No,DSL,No,Yes,No,No,Yes,Yes,Month-to-month,Yes,Bank transfer (automatic),67.1,2015.19,No
8956-LKAP,Female,0,Yes,No,23,Yes,No,DSL,Yes,No,Yes,Yes,No,Yes,Two year,Yes,Electronic check,76.42,1612.85,No
8790-PQTO,Male,0,Yes,No,53,Yes,Yes,Fiber optic,No,No,Yes,No,No,Yes,Month-to-month,No,Mailed check,85.39,4210.16,Yes
1030-PPYP,Female,0,No,Yes,24,Yes,No,Fiber optic,No,No,No,Yes,Yes,No,Two year,Yes,Mailed check,84.81,2011.67,No
4338-BPRJ,Female,0,No,No,11,No,No phone service,Fiber optic,Yes,No,No,No,Yes,No,One year,No,Credit card (automatic),76.8,814.75,No
5160-YBIE,Female,0,No,No,41,Yes,Yes,No,No internet service,No internet service,No internet service,No internet service,No internet service,No internet service,One year,Yes,Mailed check,38.69,1484.27,No
9403-AKBF,Female,0,No,No,69,Yes,No,DSL,No,Yes,No,Yes,Yes,No,Two year,Yes,Mailed check,65.66,4222.86,No
6546-IBWI,Female,0,No,No,42,Yes,No,No,No internet service,No internet service,No internet service,No internet service,No internet service,No internet service,Month-to-month,Yes,Mailed check,23.76,888.79,No
8072-QAVQ,Female,0,Yes,No,51,Yes,No,DSL,No,No,Yes,No,No,Yes,Month-to-month,Yes,Credit card (automatic),65.97,3361.59,Yes
8754-JKWE,Male,0,No,No,35,Yes,No,No,No internet service,No internet service,No internet service,No internet service,No internet service,No internet service,One year,No,Electronic check,19.12,658.99,No
9037-JBLF,Male,0,Yes,Yes,37,Yes,Yes,No,No internet service,No internet service,No internet service,No internet service,No internet service,No internet service,Month-to-month,Yes,Bank transfer (automatic),32.18,1150.7,No
3440-BPOF,Male,1,No,Yes,65,Yes,Yes,No,No internet service,No internet service,No internet service,No internet service,No internet service,No internet service,Two year,No,Mailed check,30.86,1864.57,No
4361-GXFA,Female,1,Yes,Yes,58,Yes,No,Fiber optic,Yes,No,No,No,No,Yes,Month-to-month,Yes,Electronic check,88.1,5072.67,No
2672-UWEJ,Female,0,No,Yes,9,No,No phone service,Fiber optic,No,Yes,No,No,No,Yes,Two year,No,Bank transfer (automatic),74.53,651.67,No
5833-XLDV,Male,0,No,No,55,Yes,Yes,Fiber optic,No,No,No,No,No,No,One year,No,Electronic check,76.81,3837.51,No
2105-JZAJ,Male,0,Yes,No,6,Yes,Yes,Fiber optic,Yes,Yes,Yes,No,No,No,Two year,No,Mailed check,89.5,500.63,Yes
8261-UXEI,Female,0,No,No,13,Yes,No,Fiber optic,No,No,Yes,Yes,No,No,Month-to-month,Yes,Electronic check,77.06,941.88,No
5487-LACB,Female,1,No,No,31,Yes,No,Fiber optic,Yes,No,No,Yes,Yes,No,Two year,No,Credit card (automatic),85.86,2780.72,No
4990-WEGL,Male,1,No,Yes,8,Yes,Yes,No,No internet service,No internet service,No internet service,No internet service,No internet service,No internet service,Month-to-month,Yes,Mailed check,29.96,225.87,No
7534-ZNHA,Female,0,No,Yes,21,Yes,Yes,DSL,No,No,No,No,No,Yes,Two year,No,Electronic check,62.06,1282.49,Yes
7029-LPGC,Male,1,No,No,22,No,No phone service,DSL,No,No,Yes,No,Yes,No,Two year,Yes,Bank transfer (automatic),51.26,1058.37,No
6558-RBTD,Female,1,Yes,No,13,Yes,No,No,No internet service,No internet service,No internet service,No internet service,No internet service,No internet service,Two year,No,Electronic check,30.81,362.18,No
4933-IWOB,Female,0,Yes,No,16,Yes,Yes,Fiber optic,Yes,No,No,Yes,No,No,Month-to-month,No,Electronic check,84.03,1376.86,Yes
4955-XLTA,Female,0,Yes,Yes,12,Yes,No,DSL,No,Yes,No,No,No,Yes,Month-to-month,No,Credit card (automatic),70.1,811.11,No
1815-IHTG,Male,0,No,No,51,Yes,No,Fiber optic,Yes,No,No,No,Yes,Yes,Two year,Yes,Credit card (automatic),91.47,4423.43,No
2149-HHBD,Male,0,No,No,25,Yes,Yes,Fiber optic,No,No,Yes,No,Yes,No,Month-to-month,No,Mailed check,87.31,2036.95,No
7194-FQXU,Female,1,Yes,Yes,16,Yes,No,Fiber optic,No,No,Yes,No,Yes,Yes,Month-to-month,No,Mailed check,90.15,1337.65,No
6941-QQTY,Female,0,Yes,No,32,Yes,Yes,Fiber optic,No,No,No,No,Yes,Yes,One year,No,Electronic check,95.58,2990.19,No
3899-BVOG,Female,0,Yes,No,5,Yes,No,No,No internet service,No internet service,No internet service,No internet service,No internet service,No internet service,Two year,Yes,Bank transfer (automatic),24.98,110.6,No
4389-XYYE,Female,0,No,No,38,Yes,Yes,DSL,No,No,Yes,No,No,Yes,One year,No,Mailed check,69.18,2664.85,No
4464-NSIY,Male,0,Yes,No,48,No,No phone service,No,No internet service,No internet service,No internet service,No internet service,No internet service,No internet service,Two year,No,Bank transfer (automatic),19.1,888.18,No
8036-BMBT,Male,0,Yes,Yes,39,Yes,Yes,No,No internet service,No internet service,No internet service,No internet service,No internet service,No internet service,Month-to-month,Yes,Credit card (automatic),34.29,1278.3,No
4347-DUST,Female,0,Yes,No,61,Yes,No,DSL,No,No,No,No,No,Yes,Month-to-month,Yes,Electronic check,54.74,3432.92,No
6298-RMFB,Male,1,Yes,No,46,Yes,No,No,No internet service,No internet service,No internet service,No internet service,No internet service,No internet service,Month-to-month,No,Credit card (automatic),26.09,1064.97,No
4602-UWHW,Female,0,No,No,30,Yes,No,Fiber optic,Yes,No,Yes,Yes,No,Yes,One year,Yes,Electronic check,86.96,2419.72,No
2511-DNBA,Female,0,Yes,No,37,No,No phone service,Fiber optic,No,Yes,Yes,Yes,No,Yes,Month-to-month,Yes,Bank transfer (automatic),89.6,3092.63,Yes
7596-AJBC,Female,0,No,No,38,Yes,Yes,No,No internet service,No internet service,No internet service,No internet service,No internet service,No internet service,Two year,Yes,Mailed check,30.45,1191.46,No
5750-BQPN,Male,1,Yes,No,16,Yes,No,DSL,Yes,Yes,No,Yes,No,No,Two year,No,Bank transfer (automatic),59.62,881.42,No
5590-IOKU,Male,0,No,No,20,Yes,Yes,DSL,Yes,Yes,Yes,Yes,Yes,No,Month-to-month,Yes,Bank transfer (automatic),80.86,1531.0,No
9742-DNFJ,Male,0,Yes,No,37,Yes,No,No,No internet service,No internet service,No internet service,No internet service,No internet service,No internet service,Month-to-month,No,Electronic check,27.22,861.76,No
9611-XMHW,Male,0,No,Yes,36,Yes,Yes,No,No internet service,No internet service,No internet service,No internet service,No internet service,No internet service,One year,Yes,Bank transfer (automatic),29.15,1030.66,No
7712-IYYM,Male,0,No,No,37,Yes,No,DSL,No,No,No,No,Yes,No,One year,Yes,Credit card (automatic),51.45,1863.27,No
8362-ZPCE,Male,0,No,Yes,62,Yes,No,No,No internet service,No internet service,No internet service,No internet service,No internet service,No internet service,Month-to-month,No,Bank transfer (automatic),29.42,1743.22,No
4061-PKGJ,Female,1,Yes,Yes,9,Yes,Yes,Fiber optic,Yes,Yes,No,No,Yes,No,Month-to-month,Yes,Mailed check,96.89,861.82,No
1690-ZWNQ,Female,1,No,Yes,16,Yes,Yes,DSL,Yes,No,Yes,Yes,No,Yes,One year,No,Credit card (automatic),85.11,1246.93,No
2525-RGCQ,Male,0,Yes,Yes,45,Yes,No,Fiber optic,No,No,Yes,Yes,Yes,Yes,Month-to-month,No,Mailed check,89.81,3873.97,Yes
4990-OKXH,Male,0,No,No,59,Yes,No,No,No internet service,No internet service,No internet service,No internet service,No internet service,No internet service,Month-to-month,Yes,Bank transfer (automatic),23.29,1370.93,No
7970-LFRO,Male,0,Yes,No,63,Yes,No,Fiber optic,No,Yes,Yes,Yes,No,Yes,Month-to-month,No,Mailed check,91.66,5127.78,Yes
7680-SWTS,Male,0,Yes,No,0,Yes,No,Fiber optic,No,No,No,Yes,Yes,No,One year,No,Bank transfer (automatic),86.99,,No
7507-BRKT,Male,0,Yes,Yes,9,Yes,No,No,No internet service,No internet service,No internet service,No internet service,No internet service,No internet service,Month-to-month,No,Credit card (automatic),24.98,219.38,No
6847-DYZC,Female,0,No,Yes,60,Yes,Yes,Fiber optic,Yes,No,No,Yes,Yes,No,One year,No,Mailed check,93.71,5566.6,No
8868-SGLG,Female,0,No,No,6,Yes,No,DSL,No,Yes,No,No,Yes,No,Month-to-month,Yes,Electronic check,55.39,304.3,Yes
3085-OZBW,Female,1,No,Yes,65,Yes,No,Fiber optic,No,No,No,Yes,Yes,No,Month-to-month,No,Credit card (automatic),85.34,5586.25,No
2870-AIIA,Male,0,Yes,No,58,Yes,No,Fiber optic,No,No,Yes,No,No,Yes,Month-to-month,Yes,Bank transfer (automatic),79.95,4281.74,No
1916-IHQC,Female,0,Yes,No,17,Yes,No,Fiber optic,No,Yes,Yes,No,Yes,Yes,Month-to-month,Yes,Mailed check,99.68,1530.64,Yes
9523-QTZN,Female,0,Yes,No,22,Yes,No,DSL,No,No,No,No,Yes,No,Month-to-month,Yes,Credit card (automatic),63.92,1351.92,No
7565-AJJU,Male,0,Yes,Yes,33,Yes,Yes,No,No internet service,No internet service,No internet service,No internet service,No internet service,No internet service,Month-to-month,No,Credit card (automatic),27.1,871.81,No
3555-ROGJ,Female,0,No,No,63,Yes,Yes,Fiber optic,No,No,Yes,No,No,No,Two year,Yes,Mailed check,85.13,5089.06,No
7395-HHTG,Male,0,Yes,No,63,Yes,Yes,Fiber optic,Yes,Yes,Yes,No,Yes,Yes,One year,Yes,Electronic check,104.7,6445.72,No
5151-JZLR,Male,1,No,No,16,Yes,No,Fiber optic,No,No,Yes,No,No,Yes,Two year,Yes,Bank transfer (automatic),75.97,1211.27,No
3795-XNEV,Male,0,No,No,63,Yes,No,Fiber optic,No,Yes,No,No,No,No,Two year,No,Electronic check,83.87,5234.4,No
9628-UVDA,Male,0,No,No,49,Yes,Yes,Fiber optic,Yes,Yes,No,No,Yes,No,Month-to-month,Yes,Mailed check,93.68,4621.25,Yes
7949-BGTG,Male,1,Yes,Yes,6,Yes,Yes,Fiber optic,No,Yes,No,No,Yes,No,Two year,No,Mailed check,93.95,559.05,No
6045-XARD,Male,0,No,No,17,Yes,No,DSL,Yes,Yes,No,No,Yes,Yes,Month-to-month,Yes,Electronic check,71.97,1140.37,Yes
6203-EPZL,Male,0,Yes,No,45,Yes,Yes,Fiber optic,No,No,No,Yes,Yes,No,Month-to-month,No,Electronic check,90.93,3941.21,Yes
3182-JPLQ,Female,0,Yes,No,48,Yes,Yes,DSL,Yes,Yes,No,Yes,No,No,Month-to-month,Yes,Electronic check,65.83,2909.75,No
6784-QHQC,Male,1,No,Yes,25,Yes,Yes,Fiber optic,Yes,No,No,No,Yes,Yes,Month-to-month,No,Electronic check,91.99,2125.87,Yes
5277-LLRT,Female,0,Yes,No,27,No,No phone service,DSL,No,No,No,Yes,Yes,No,One year,No,Credit card (automatic),52.67,1268.09,No
4688-GNNG,Male,0,Yes,No,52,Yes,No,Fiber optic,Yes,No,Yes,No,No,No,Two year,Yes,Electronic check,77.28,3878.42,No
3899-WANC,Male,0,No,No,20,Yes,No,DSL,No,No,Yes,Yes,Yes,No,Month-to-month,Yes,Credit card (automatic),66.38,1275.76,Yes
6111-ZGNR,Male,1,Yes,No,10,Yes,No,Fiber optic,No,No,No,Yes,No,Yes,Month-to-month,No,Bank transfer (automatic),87.49,874.91,No
8042-FSGJ,Male,0,Yes,Yes,31,Yes,No,No,No internet service,No internet service,No internet service,No internet service,No internet service,No internet service,One year,Yes,Credit card (automatic),26.31,799.04,No
6119-MGLW,Male,0,Yes,No,63,Yes,No,No,No internet service,No internet service,No internet service,No internet service,No internet service,No internet service,One year,Yes,Electronic check,21.9,1303.11,Yes
1837-OYMV,Female,0,Yes,No,2,Yes,No,Fiber optic,Yes,No,No,No,No,Yes,Month-to-month,No,Electronic check,90.67,175.16,Yes
1009-MDHU,Female,0,Yes,No,31,No,No phone service,DSL,Yes,No,Yes,No,No,No,Month-to-month,Yes,Credit card (automatic),56.48,1608.68,No
5306-LGBA,Female,1,No,Yes,8,Yes,Yes,No,No internet service,No internet service,No internet service,No internet service,No internet service,No internet service,Two year,Yes,Mailed check,31.97,229.13,No
3955-KVIB,Male,0,Yes,No,30,Yes,No,No,No internet service,No internet service,No internet service,No internet service,No internet service,No internet service,One year,Yes,Mailed check,26.17,735.53,No
6535-UPLB,Female,0,Yes,No,23,Yes,Yes,No,No internet service,No internet service,No internet service,No internet service,No internet service,No internet service,One year,Yes,Mailed check,24.94,567.15,No
1014-WXCZ,Female,0,Yes,Yes,37,Yes,No,Fiber optic,No,Yes,Yes,Yes,Yes,No,Month-to-month,Yes,Electronic check,92.24,3406.65,Yes
5615-MYCG,Male,0,No,No,55,Yes,No,Fiber optic,No,No,Yes,No,No,Yes,Month-to-month,No,Bank transfer (automatic),85.52,4605.54,No
9362-XFVZ,Female,0,Yes,No,35,Yes,Yes,DSL,Yes,No,Yes,Yes,No,Yes,Month-to-month,Yes,Electronic check,78.51,2626.01,No
4449-FBNT,Male,0,No,No,19,Yes,No,Fiber optic,Yes,No,Yes,Yes,Yes,No,Two year,Yes,Bank transfer (automatic),94.08,1734.92,No
3435-OVOO,Female,1,Yes,No,18,Yes,No,No,No internet service,No internet service,No internet service,No internet service,No internet service,No internet service,One year,Yes,Mailed check,21.99,363.49,No
9790-LUII,Female,0,Yes,No,10,Yes,No,Fiber optic,Yes,Yes,Yes,Yes,No,Yes,Two year,Yes,Credit card (automatic),95.61,920.03,No
4399-HIHU,Male,0,Yes,No,18,Yes,No,Fiber optic,No,No,Yes,Yes,No,Yes,Two year,Yes,Mailed check,94.39,1713.37,Yes
8729-MDKT,Female,0,No,No,69,Yes,No,No,No internet service,No internet service,No internet service,No internet service,No internet service,No internet service,One year,No,Credit card (automatic),18.0,1237.25,No
9763-XUOB,Female,0,Yes,No,62,Yes,No,Fiber optic,Yes,No,No,No,No,No,Month-to-month,Yes,Bank transfer (automatic),72.37,4325.03,No
4054-BDCU,Female,0,Yes,No,1,Yes,No,No,No internet service,No internet service,No internet service,No internet service,No internet service,No internet service,One year,Yes,Credit card (automatic),25.36,26.09,No
2679-DRDL,Male,0,Yes,Yes,36,Yes,Yes,DSL,No,No,Yes,Yes,Yes,No,Month-to-month,No,Credit card (automatic),70.71,2414.35,No
4634-GCMP,Female,0,No,No,36,Yes,Yes,DSL,No,Yes,No,No,Yes,Yes,Two year,No,Electronic check,72.01,2362.69,No
7618-KDHQ,Male,0,Yes,No,57,Yes,No,DSL,Yes,No,No,Yes,Yes,Yes,Month-to-month,Yes,Bank transfer (automatic),71.0,3898.32,Yes
4133-WTAU,Male,0,No,Yes,4,Yes,Yes,DSL,No,No,No,Yes,Yes,No,Month-to-month,No,Credit card (automatic),60.92,220.19,Yes
3084-QIJR,Female,0,No,No,0,Yes,No,Fiber optic,No,Yes,No,Yes,No,No,Month-to-month,No,Electronic check,80.26,,Yes
8242-JFEH,Female,0,Yes,No,34,Yes,No,Fiber optic,Yes,Yes,No,No,No,No,One year,Yes,Mailed check,83.1,2456.57,No
4670-EIDL,Female,0,Yes,Yes,45,Yes,No,DSL,Yes,Yes,No,Yes,No,No,One year,Yes,Bank transfer (automatic),68.78,3013.49,No
5144-QCPU,Male,0,Yes,No,51,Yes,Yes,No,No internet service,No internet service,No internet service,No internet service,No internet service,No internet service,Month-to-month,Yes,Credit card (automatic),32.49,1560.93,No
3727-YJWA,Female,0,No,Yes,67,Yes,No,Fiber optic,Yes,No,No,Yes,No,Yes,Month-to-month,No,Mailed check,83.75,5431.22,No
7699-KFMQ,Male,0,Yes,No,33,Yes,No,No,No internet service,No internet service,No internet service,No internet service,No internet service,No internet service,Two year,Yes,Electronic check,23.92,773.87,No
6183-UQYQ,Female,0,No,No,33,Yes,No,DSL,No,No,No,No,Yes,No,Month-to-month,Yes,Mailed check,56.45,1616.31,Yes
2235-QIQU,Male,0,Yes,No,53,Yes,Yes,DSL,No,No,Yes,Yes,Yes,Yes,Month-to-month,Yes,Credit card (automatic),72.52,3587.68,No
4633-HAFK,Female,0,No,No,36,No,No phone service,No,No internet service,No internet service,No internet service,No internet service,No internet service,No internet service,Month-to-month,Yes,Bank transfer (automatic),21.32,735.4,No
1483-SQQR,Male,0,No,Yes,15,Yes,Yes,No,No internet service,No internet service,No internet service,No internet service,No internet service,No internet service,Month-to-month,Yes,Bank transfer (automatic),26.55,356.7,No
8754-QEQF,Female,0,No,No,12,Yes,No,Fiber optic,No,No,Yes,No,Yes,No,One year,Yes,Electronic check,74.68,868.72,No
5324-JCXT,Male,0,No,No,7,Yes,No,DSL,Yes,Yes,Yes,No,No,Yes,Two year,Yes,Credit card (automatic),77.11,544.59,No
2973-ZXBK,Female,1,Yes,No,49,Yes,No,DSL,Yes,No,No,No,Yes,Yes,Month-to-month,Yes,Electronic check,66.11,3298.35,No
2021-UILI,Female,0,Yes,No,60,Yes,Yes,No,No internet service,No internet service,No internet service,No internet service,No internet service,No internet service,Month-to-month,Yes,Credit card (automatic),28.14,1648.08,No
4851-UIVE,Male,0,Yes,No,21,Yes,Yes,No,No internet service,No internet service,No internet service,No internet service,No internet service,No internet service,One year,Yes,Mailed check,29.08,559.19,No
6183-QUSP,Female,0,Yes,No,57,Yes,Yes,Fiber optic,No,No,No,Yes,No,No,Two year,No,Electronic check,82.6,4497.9,No
5213-VBND,Female,0,No,No,11,Yes,Yes,DSL,No,Yes,Yes,No,Yes,Yes,Two year,Yes,Electronic check,86.9,854.12,No
6539-HKXO,Female,0,Yes,Yes,44,Yes,Yes,DSL,No,No,No,Yes,No,Yes,One year,No,Electronic check,77.12,3144.23,No
5221-XIUD,Male,0,Yes,Yes,44,Yes,Yes,Fiber optic,No,No,No,Yes,Yes,Yes,Month-to-month,Yes,Bank transfer (automatic),94.78,4073.31,No
3107-LBZA,Female,1,Yes,Yes,42,Yes,Yes,DSL,No,No,No,No,No,Yes,Month-to-month,No,Electronic check,61.72,2229.57,No
6674-YOOG,Male,0,No,Yes,47,No,No phone service,Fiber optic,No,No,Yes,No,No,Yes,Month-to-month,No,Mailed check,81.2,3747.1,Yes
3727-EICQ,Male,0,Yes,Yes,63,Yes,No,No,No internet service,No internet service,No internet service,No internet service,No internet service,No internet service,Month-to-month,No,Credit card (automatic),18.94,1207.28,No
8705-ZWBC,Male,0,No,No,4,Yes,Yes,DSL,No,No,Yes,Yes,No,Yes,One year,Yes,Mailed check,67.95,277.46,No
6476-IHVQ,Female,0,Yes,No,56,Yes,No,Fiber optic,Yes,No,Yes,No,Yes,Yes,One year,Yes,Electronic check,94.21,5013.92,No
8891-QGKS,Male,1,Yes,No,71,Yes,Yes,No,No internet service,No internet service,No internet service,No internet service,No internet service,No internet service,Month-to-month,No,Bank transfer (automatic),32.92,2246.17,No
8824-ERVZ,Female,1,Yes,No,11,Yes,Yes,Fiber optic,Yes,No,Yes,No,Yes,No,Month-to-month,No,Credit card (automatic),91.11,933.8,Yes
7384-GLVR,Female,0,No,No,57,Yes,No,DSL,No,Yes,No,No,No,Yes,Month-to-month,No,Electronic check,58.67,3259.02,No
1364-NMYH,Female,0,No,Yes,22,Yes,Yes,No,No internet service,No internet service,No internet service,No internet service,No internet service,No internet service,One year,No,Credit card (automatic),41.16,882.54,No
8338-EZPN,Male,0,Yes,No,6,Yes,No,DSL,No,Yes,No,No,Yes,No,Month-to-month,Yes,Electronic check,63.27,352.34,Yes
2228-ZJVB,Female,1,No,Yes,21,Yes,No,DSL,No,No,Yes,No,No,No,One year,Yes,Electronic check,58.09,1078.16,No
6776-PUAX,Female,1,No,No,19,Yes,Yes,No,No internet service,No internet service,No internet service,No internet service,No internet service,No internet service,Month-to-month,No,Bank transfer (automatic),33.55,603.01,No
2768-AWAD,Female,0,No,Yes,51,Yes,Yes,Fiber optic,No,Yes,Yes,No,No,Yes,Month-to-month,No,Electronic check,90.55,4763.68,Yes
7826-BLNQ,Male,0,No,No,44,Yes,Yes,DSL,No,Yes,Yes,No,No,No,Month-to-month,No,Credit card (automatic),63.67,2677.59,No
9528-OTEB,Female,0,Yes,No,4,Yes,Yes,No,No internet service,No internet service,No internet service,No internet service,No internet service,No internet service,Month-to-month,Yes,Bank transfer (automatic),29.13,109.95,No
9750-UVLF,Male,1,No,No,54,Yes,Yes,Fiber optic,No,Yes,No,Yes,Yes,Yes,Month-to-month,No,Mailed check,96.67,5008.63,No
3618-OFAS,Male,0,No,Yes,56,Yes,No,Fiber optic,Yes,Yes,No,Yes,No,Yes,One year,No,Bank transfer (automatic),85.38,4560.24,No
7435-XFBV,Female,1,Yes,Yes,39,Yes,No,Fiber optic,No,Yes,Yes,Yes,No,No,Month-to-month,Yes,Electronic check,87.96,3505.69,No
7693-NUUJ,Male,0,Yes,No,20,Yes,No,Fiber optic,No,No,No,No,No,No,Month-to-month,Yes,Mailed check,75.21,1589.24,Yes
2693-QACL,Female,0,Yes,No,25,Yes,No,DSL,Yes,No,No,No,Yes,Yes,One year,Yes,Electronic check,65.99,1661.91,No
4963-YNAA,Male,1,No,No,28,Yes,No,DSL,Yes,No,Yes,Yes,No,No,Month-to-month,Yes,Electronic check,61.12,1704.82,No
8973-JUYM,Male,0,Yes,No,54,Yes,No,No,No internet service,No internet service,No internet service,No internet service,No internet service,No internet service,One year,Yes,Mailed check,18.0,947.75,No
3976-PJTP,Male,0,Yes,No,66,Yes,No,Fiber optic,No,Yes,No,No,Yes,Yes,One year,No,Mailed check,90.45,5120.72,No
7864-FFCI,Male,0,Yes,Yes,26,Yes,No,DSL,No,Yes,No,No,No,No,Month-to-month,No,Credit card (automatic),61.9,1557.34,Yes
7769-QCMW,Female,0,No,No,22,Yes,Yes,DSL,No,Yes,No,Yes,No,No,One year,Yes,Mailed check,66.88,1317.98,No
4996-TQPY,Female,0,No,No,10,Yes,Yes,Fiber optic,No,No,No,Yes,No,Yes,Month-to-month,No,Electronic check,93.25,843.58,Yes
5962-UYAN,Female,0,No,No,34,No,No phone service,DSL,Yes,Yes,Yes,No,No,Yes,Month-to-month,No,Mailed check,65.9,2199.68,No
8892-HCXL,Male,0,Yes,No,7,Yes,Yes,DSL,Yes,Yes,No,No,Yes,Yes,Two year,No,Bank transfer (automatic),80.78,494.52,No
3511-ELJK,Female,0,Yes,No,22,No,No phone service,Fiber optic,No,Yes,Yes,Yes,Yes,No,Month-to-month,Yes,Credit card (automatic),86.43,1889.68,No
1151-PFNO,Male,0,No,No,68,Yes,No,DSL,No,Yes,Yes,No,No,No,Month-to-month,No,Electronic check,59.13,4114.8,No
5365-DXLD,Male,0,Yes,No,57,Yes,Yes,Fiber optic,No,No,No,No,Yes,Yes,Month-to-month,Yes,Bank transfer (automatic),92.89,5063.97,No
9574-RAHZ,Male,1,No,No,68,Yes,No,DSL,No,No,No,No,No,Yes,One year,No,Electronic check,62.0,4264.6,No
2265-EDTK,Female,0,No,Yes,33,Yes,No,Fiber optic,Yes,No,Yes,Yes,No,Yes,One year,No,Mailed check,94.19,2886.39,No
5156-YPYB,Male,0,Yes,Yes,31,Yes,Yes,DSL,No,No,Yes,No,No,Yes,Month-to-month,Yes,Mailed check,62.35,1809.23,No
6731-FPEC,Female,0,No,Yes,36,No,No phone service,DSL,Yes,No,Yes,Yes,No,No,Month-to-month,Yes,Electronic check,58.39,1949.01,No
8451-PXFY,Male,0,Yes,No,10,Yes,No,Fiber optic,No,Yes,No,Yes,Yes,Yes,One year,Yes,Credit card (automatic),96.89,930.21,No
5437-JHSD,Female,0,No,No,19,Yes,Yes,No,No internet service,No internet service,No internet service,No internet service,No internet service,No internet service,Month-to-month,Yes,Mailed check,31.46,560.15,No
8678-MYUP,Male,0,No,Yes,25,Yes,No,No,No internet service,No internet service,No internet service,No internet service,No internet service,No internet service,Month-to-month,Yes,Electronic check,26.67,640.63,No
5001-DEYQ,Male,0,Yes,No,68,Yes,Yes,Fiber optic,No,No,No,No,Yes,Yes,Month-to-month,Yes,Credit card (automatic),91.7,5559.39,No
1221-JBFP,Male,0,Yes,No,55,Yes,No,DSL,No,Yes,No,No,No,Yes,Month-to-month,No,Electronic check,66.39,3632.96,No
1566-YFWY,Female,0,Yes,No,39,Yes,No,DSL,Yes,Yes,No,No,No,No,Month-to-month,Yes,Electronic check,56.98,2052.14,No
6582-NCGB,Male,0,No,No,45,Yes,Yes,Fiber optic,Yes,No,Yes,No,Yes,Yes,One year,Yes,Bank transfer (automatic),102.47,4174.39,No
2216-JFRQ,Male,0,No,No,0,Yes,No,No,No internet service,No internet service,No internet service,No internet service,No internet service,No internet service,Month-to-month,Yes,Mailed check,22.75,,No
6966-ZYHO,Male,0,No,Yes,67,Yes,Yes,No,No internet service,No internet service,No internet service,No internet service,No internet service,No internet service,Month-to-month,No,Mailed check,32.65,2088.54,No
9051-FEKY,Male,0,No,No,50,Yes,No,Fiber optic,No,No,No,No,Yes,No,Month-to-month,No,Mailed check,76.08,3440.75,Yes
3582-SNGK,Male,0,Yes,No,55,Yes,Yes,No,No internet service,No internet service,No internet service,No internet service,No internet service,No internet service,Month-to-month,Yes,Bank transfer (automatic),23.66,1258.53,No
3848-UFNQ,Female,0,No,No,4,Yes,No,Fiber optic,No,Yes,No,Yes,Yes,Yes,Two year,No,Electronic check,92.95,338.26,No
5911-AVRM,Male,0,No,No,36,Yes,Yes,Fiber optic,No,No,Yes,Yes,No,Yes,Month-to-month,Yes,Credit card (automatic),96.35,3263.03,Yes
5719-JVHR,Male,0,Yes,Yes,65,Yes,Yes,Fiber optic,No,Yes,Yes,Yes,No,Yes,Month-to-month,No,Electronic check,94.55,6190.89,Yes
2792-LIVH,Female,1,No,No,62,Yes,Yes,DSL,Yes,No,No,Yes,No,No,One year,Yes,Bank transfer (automatic),62.81,3911.62,No
6594-GGLX,Male,0,No,Yes,68,Yes,Yes,DSL,Yes,Yes,Yes,Yes,No,Yes,Month-to-month,No,Electronic check,86.92,5691.48,No
4098-BXXU,Female,0,No,No,44,Yes,No,Fiber optic,No,Yes,No,Yes,No,Yes,One year,No,Credit card (automatic),87.62,3722.96,No
9224-HJHK,Male,0,Yes,No,42,Yes,No,Fiber optic,No,Yes,No,No,No,Yes,Month-to-month,Yes,Electronic check,83.09,3364.4,Yes
6049-WFWM,Female,1,No,No,25,Yes,Yes,DSL,Yes,No,No,Yes,No,Yes,Two year,No,Mailed check,72.09,1704.94,No
8572-TONW,Male,0,No,No,48,Yes,No,No,No internet service,No internet service,No internet service,No internet service,No internet service,No internet service,Month-to-month,Yes,Credit card (automatic),21.83,1071.34,No
6546-FTXP,Female,0,Yes,No,34,Yes,No,DSL,No,Yes,Yes,No,Yes,No,One year,Yes,Mailed check,75.26,2525.9,Yes
3152-DMME,Male,0,Yes,Yes,46,Yes,Yes,Fiber optic,No,Yes,Yes,Yes,No,Yes,Month-to-month,No,Credit card (automatic),96.56,4158.8,No
4611-FXZY,Female,0,No,No,22,Yes,No,Fiber optic,No,Yes,Yes,No,Yes,No,Month-to-month,Yes,Bank transfer (automatic),88.35,1772.78,Yes
9292-PVEE,Male,0,Yes,Yes,64,Yes,No,DSL,Yes,No,Yes,No,Yes,No,One year,Yes,Bank transfer (automatic),74.9,4949.38,No
8787-QGAD,Female,0,No,Yes,27,Yes,No,Fiber optic,Yes,Yes,Yes,Yes,Yes,No,Month-to-month,Yes,Credit card (automatic),96.46,2581.42,Yes
8283-OBBT,Male,0,Yes,No,29,Yes,No,DSL,Yes,No,Yes,No,Yes,No,One year,No,Bank transfer (automatic),71.58,1905.83,No
6941-CTPB,Female,0,No,No,29,No,No phone service,Fiber optic,No,Yes,Yes,No,No,Yes,Two year,Yes,Credit card (automatic),81.06,2363.12,Yes
5425-HEAY,Male,0,Yes,No,12,Yes,Yes,DSL,No,Yes,Yes,No,Yes,Yes,One year,Yes,Bank transfer (automatic),75.04,851.49,Yes
5542-CSSB,Male,0,No,No,15,Yes,No,DSL,Yes,No,No,No,No,Yes,Two year,No,Mailed check,66.62,1015.43,No
3324-HBLM,Male,0,Yes,No,24,Yes,Yes,Fiber optic,No,Yes,Yes,Yes,No,No,Month-to-month,Yes,Bank transfer (automatic),91.35,2145.81,Yes
3808-PWHA,Female,0,Yes,No,41,Yes,Yes,No,No internet service,No internet service,No internet service,No internet service,No internet service,No internet service,Month-to-month,No,Credit card (automatic),29.7,1196.32,No
3827-BNKN,Female,0,Yes,No,3,No,No phone service,DSL,Yes,No,Yes,No,No,Yes,Month-to-month,Yes,Mailed check,58.44,175.96,Yes
2191-HOZA,Male,0,Yes,No,27,Yes,No,DSL,No,No,No,Yes,Yes,No,Month-to-month,Yes,Bank transfer (automatic),62.76,1622.73,No
4401-KUZV,Male,0,Yes,No,32,Yes,No,No,No internet service,No internet service,No internet service,No internet service,No internet service,No internet service,Two year,Yes,Electronic check,27.18,811.4,No
4593-ROHF,Female,0,No,Yes,62,Yes,No,No,No internet service,No internet service,No internet service,No internet service,No internet service,No internet service,Month-to-month,Yes,Credit card (automatic),18.0,1039.88,No
7980-CBDK,Male,0,No,No,63,Yes,No,Fiber optic,No,Yes,Yes,No,Yes,Yes,One year,Yes,Mailed check,94.82,5343.73,No
4197-EXMC,Male,0,Yes,No,37,No,No phone service,DSL,No,Yes,Yes,No,Yes,No,Month-to-month,No,Credit card (automatic),57.12,2106.41,Yes
1920-IKQP,Female,1,No,No,68,Yes,No,Fiber optic,No,Yes,Yes,Yes,No,Yes,Month-to-month,No,Bank transfer (automatic),93.83,6295.55,No
6277-BQQL,Male,0,No,No,24,No,No phone service,No,No internet service,No internet service,No internet service,No internet service,No internet service,No internet service,Two year,Yes,Credit card (automatic),18.96,441.5,No
6211-TSRD,Male,0,No,No,63,Yes,Yes,Fiber optic,Yes,No,No,No,Yes,No,Month-to-month,Yes,Electronic check,84.38,5109.08,No
5111-SXPQ,Male,0,Yes,No,68,Yes,No,DSL,No,No,No,No,No,Yes,One year,No,Electronic check,62.6,4174.83,No
4387-UQSQ,Male,0,No,Yes,8,Yes,Yes,Fiber optic,No,No,Yes,Yes,Yes,No,Month-to-month,Yes,Electronic check,91.47,703.96,Yes
8011-JMFI,Female,0,Yes,No,32,Yes,No,Fiber optic,Yes,Yes,Yes,No,No,No,Month-to-month,Yes,Credit card (automatic),79.58,2474.0,No
8873-JVXC,Female,0,No,No,60,Yes,No,DSL,No,No,No,Yes,Yes,No,Month-to-month,No,Mailed check,63.17,3515.08,No
4575-DQND,Female,0,No,No,17,Yes,No,DSL,No,Yes,No,No,No,Yes,Month-to-month,No,Mailed check,65.02,1057.99,No
1501-QEHV,Male,0,Yes,No,27,Yes,Yes,DSL,No,No,Yes,Yes,Yes,Yes,Month-to-month,Yes,Electronic check,76.96,1899.44,Yes
2508-DUQV,Male,0,Yes,Yes,19,Yes,No,Fiber optic,Yes,No,Yes,No,No,No,Month-to-month,Yes,Bank transfer (automatic),82.13,1473.58,Yes
9573-FWLW,Male,0,Yes,No,42,Yes,Yes,Fiber optic,Yes,No,No,Yes,Yes,Yes,Month-to-month,Yes,Bank transfer (automatic),98.83,3985.58,No
9398-PPBV,Female,0,No,Yes,29,Yes,No,No,No internet service,No internet service,No internet service,No internet service,No internet service,No internet service,Two year,Yes,Electronic check,21.65,583.96,No
9169-BZAN,Female,0,Yes,No,52,Yes,No,No,No internet service,No internet service,No internet service,No internet service,No internet service,No internet service,Two year,Yes,Electronic check,26.0,1340.36,No
8514-VIYY,Female,1,No,No,65,Yes,No,Fiber optic,No,No,No,No,Yes,Yes,One year,Yes,Credit card (automatic),84.23,5272.22,No
6361-GROY,Male,0,Yes,No,14,Yes,Yes,Fiber optic,No,Yes,Yes,Yes,No,No,Month-to-month,Yes,Credit card (automatic),97.15,1278.83,Yes
5716-DDXX,Female,0,Yes,No,22,Yes,No,DSL,Yes,Yes,No,No,No,Yes,Month-to-month,Yes,Mailed check,71.19,1456.73,Yes
8503-PLXL,Male,0,No,No,34,Yes,No,No,No internet service,No internet service,No internet service,No internet service,No internet service,No internet service,One year,No,Mailed check,21.7,698.88,No
4479-KYTT,Male,0,No,No,35,Yes,No,No,No internet service,No internet service,No internet service,No internet service,No internet service,No internet service,Month-to-month,No,Electronic check,27.64,949.97,No
9766-XUSA,Male,0,No,No,41,Yes,Yes,Fiber optic,Yes,Yes,No,Yes,Yes,No,Month-to-month,Yes,Electronic check,98.58,4166.67,No
7021-VYQJ,Female,0,Yes,No,67,Yes,No,Fiber optic,No,No,Yes,Yes,Yes,Yes,Two year,Yes,Mailed check,99.94,6088.69,No
9325-FCCO,Male,0,No,Yes,15,Yes,Yes,Fiber optic,No,Yes,No,Yes,Yes,No,Month-to-month,No,Credit card (automatic),89.21,1311.31,No
6729-BPYL,Female,0,No,Yes,23,Yes,No,No,No internet service,No internet service,No internet service,No internet service,No internet service,No internet service,One year,Yes,Bank transfer (automatic),29.24,640.49,No
7418-KSQV,Male,0,No,Yes,25,Yes,Yes,DSL,No,No,No,Yes,No,Yes,Month-to-month,No,Credit card (automatic),66.48,1608.25,No
7088-DZOT,Male,0,Yes,Yes,12,Yes,No,Fiber optic,No,No,No,Yes,No,Yes,Month-to-month,Yes,Electronic check,88.25,1008.13,Yes
9002-SYPX,Male,0,No,No,2,Yes,Yes,DSL,No,No,No,No,No,Yes,One year,Yes,Bank transfer (automatic),65.14,132.03,No
3254-NKJK,Female,0,Yes,No,29,Yes,No,No,No internet service,No internet service,No internet service,No internet service,No internet service,No internet service,Two year,Yes,Credit card (automatic),21.59,635.9,No
9188-SMPR,Female,0,No,No,29,Yes,No,No,No internet service,No internet service,No internet service,No internet service,No internet service,No internet service,Month-to-month,Yes,Mailed check,26.0,719.43,No
1577-KGBP,Male,0,No,Yes,50,Yes,Yes,DSL,Yes,Yes,Yes,Yes,Yes,No,Two year,Yes,Credit card (automatic),77.26,3495.48,No
8381-IPAZ,Male,1,No,No,13,Yes,Yes,Fiber optic,Yes,Yes,Yes,No,No,Yes,Month-to-month,No,Electronic check,94.21,1212.56,Yes
3234-SHYT,Female,1,Yes,No,7,Yes,No,DSL,No,No,No,Yes,Yes,Yes,One year,Yes,Bank transfer (automatic),72.21,488.15,No
9693-CJQK,Female,1,No,Yes,23,Yes,Yes,DSL,No,No,Yes,No,Yes,Yes,One year,No,Bank transfer (automatic),78.16,1627.55,No
3355-BLDL,Male,0,No,No,19,Yes,Yes,No,No internet service,No internet service,No internet service,No internet service,No internet service,No internet service,One year,No,Credit card (automatic),30.23,582.84,No
3514-FHNH,Female,1,Yes,No,30,No,No phone service,No,No internet service,No internet service,No internet service,No internet service,No internet service,No internet service,One year,Yes,Credit card (automatic),23.04,673.02,No
4130-QCOQ,Male,0,Yes,No,54,Yes,No,No,No internet service,No internet service,No internet service,No internet service,No internet service,No internet service,Month-to-month,Yes,Mailed check,21.52,1188.23,No
5304-MMJT,Female,0,Yes,Yes,45,Yes,Yes,No,No internet service,No internet service,No internet service,No internet service,No internet service,No internet service,One year,Yes,Bank transfer (automatic),26.3,1152.32,No
8223-YKMR,Male,0,Yes,No,60,Yes,Yes,Fiber optic,No,No,Yes,Yes,Yes,No,Month-to-month,Yes,Mailed check,87.09,4758.32,No
6942-GOEA,Male,0,Yes,Yes,14,Yes,No,DSL,No,Yes,Yes,No,No,Yes,Month-to-month,Yes,Electronic check,63.64,883.68,No
4258-PQDX,Female,0,Yes,No,25,Yes,No,No,No internet service,No internet service,No internet service,No internet service,No internet service,No internet service,Month-to-month,No,Electronic check,34.91,889.07,No
1598-MEUZ,Male,1,No,No,26,No,No phone service,Fiber optic,No,No,No,No,No,No,One year,Yes,Bank transfer (automatic),76.21,1739.47,Yes
1454-PFGW,Male,0,No,No,46,Yes,No,Fiber optic,Yes,Yes,No,Yes,No,Yes,One year,No,Credit card (automatic),98.17,4535.06,No
4125-KYTQ,Male,0,No,Yes,12,Yes,No,No,No internet service,No internet service,No internet service,No internet service,No internet service,No internet service,Month-to-month,Yes,Mailed check,34.36,386.4,No
9599-CJMV,Female,0,Yes,No,34,Yes,Yes,DSL,No,No,Yes,No,No,No,Month-to-month,No,Mailed check,67.02,2262.18,No
7076-HGFN,Female,0,No,No,26,Yes,No,No,No internet service,No internet service,No internet service,No internet service,No internet service,No internet service,One year,Yes,Bank transfer (automatic),26.02,642.85,No
5638-EWFI,Female,0,No,No,34,No,No phone service,Fiber optic,Yes,Yes,Yes,No,No,No,Month-to-month,Yes,Electronic check,79.84,2256.69,No
6756-FSPQ,Male,0,Yes,No,66,No,No phone service,Fiber optic,Yes,No,No,No,Yes,Yes,Two year,Yes,Bank transfer (automatic),81.7,5526.08,No
6133-JVGY,Male,0,Yes,Yes,16,Yes,No,Fiber optic,No,Yes,Yes,Yes,No,No,One year,Yes,Credit card (automatic),81.66,1177.28,No
5723-UIIC,Male,0,Yes,No,10,Yes,No,DSL,Yes,Yes,No,Yes,No,Yes,Two year,No,Credit card (automatic),71.34,713.38,No
3690-DKDX,Female,0,No,Yes,35,Yes,Yes,No,No internet service,No internet service,No internet service,No internet service,No internet service,No internet service,One year,No,Mailed check,30.27,954.12,No
5299-ANSI,Male,0,Yes,No,68,Yes,Yes,Fiber optic,No,Yes,No,No,No,Yes,Two year,Yes,Bank transfer (automatic),90.38,6068.04,No
6845-RONJ,Male,0,No,No,63,Yes,Yes,Fiber optic,Yes,No,No,No,Yes,Yes,Month-to-month,Yes,Electronic check,91.96,5740.5,Yes
3731-IEVL,Female,0,No,No,28,Yes,No,Fiber optic,No,No,Yes,No,Yes,Yes,One year,Yes,Electronic check,95.95,2471.46,No
4597-REXT,Female,0,Yes,Yes,48,Yes,No,Fiber optic,Yes,No,No,Yes,No,Yes,Month-to-month,No,Electronic check,90.34,4034.33,No
1009-JCQZ,Male,0,No,No,37,Yes,Yes,DSL,No,No,No,No,Yes,Yes,Month-to-month,Yes,Electronic check,76.89,2813.13,No
9446-CYOH,Male,0,Yes,No,5,Yes,Yes,Fiber optic,No,No,Yes,No,No,No,One year,No,Mailed check,84.03,395.87,Yes
4299-ABSR,Male,0,Yes,No,27,Yes,Yes,No,No internet service,No internet service,No internet service,No internet service,No internet service,No internet service,Month-to-month,Yes,Credit card (automatic),35.58,1005.25,No
4664-CQPA,Male,1,Yes,Yes,36,Yes,Yes,No,No internet service,No internet service,No internet service,No internet service,No internet service,No internet service,Month-to-month,Yes,Electronic check,30.78,1018.67,No
2414-DDQT,Male,0,No,No,31,Yes,No,No,No internet service,No internet service,No internet service,No internet service,No internet service,No internet service,Two year,Yes,Mailed check,24.93,731.54,No
8161-XARE,Female,1,Yes,No,12,Yes,Yes,DSL,No,Yes,No,Yes,Yes,Yes,One year,Yes,Credit card (automatic),78.71,918.22,Yes
3679-HGXN,Male,0,Yes,No,46,Yes,Yes,Fiber optic,Yes,Yes,No,Yes,No,Yes,Two year,Yes,Mailed check,101.35,4329.96,No
7725-AMIF,Male,0,Yes,No,65,Yes,No,DSL,Yes,Yes,No,No,Yes,Yes,Two year,No,Bank transfer (automatic),74.17,4989.61,No
1391-YMMH,Female,0,Yes,No,61,Yes,No,DSL,No,Yes,No,No,Yes,Yes,One year,Yes,Electronic check,67.16,4044.56,No
6197-TAJM,Male,0,No,No,49,Yes,Yes,Fiber optic,Yes,Yes,Yes,Yes,No,No,One year,Yes,Bank transfer (automatic),98.25,4303.42,No
4345-RNJW,Female,1,Yes,No,43,Yes,No,No,No internet service,No internet service,No internet service,No internet service,No internet service,No internet service,Two year,Yes,Bank transfer (automatic),24.69,1086.06,No
5713-QLLS,Female,0,Yes,No,34,Yes,No,DSL,No,Yes,Yes,Yes,Yes,No,One year,Yes,Credit card (automatic),68.35,2309.56,No
5736-YZMV,Female,0,No,No,26,Yes,No,Fiber optic,No,Yes,Yes,No,No,Yes,Month-to-month,Yes,Electronic check,89.39,2124.02,Yes
5578-EEHL,Male,0,No,No,11,Yes,No,No,No internet service,No internet service,No internet service,No internet service,No internet service,No internet service,Month-to-month,Yes,Bank transfer (automatic),30.99,334.38,Yes
5600-FMOE,Male,0,Yes,No,60,Yes,No,Fiber optic,No,Yes,Yes,Yes,No,No,One year,Yes,Electronic check,83.91,4904.76,No
7915-LCUQ,Male,0,Yes,Yes,16,Yes,Yes,DSL,No,No,Yes,Yes,Yes,No,Month-to-month,No,Mailed check,75.09,1224.46,No
5664-TPSZ,Male,0,No,Yes,10,Yes,No,Fiber optic,No,No,Yes,No,Yes,No,Month-to-month,Yes,Electronic check,85.5,815.39,Yes
8649-TYOS,Female,1,Yes,No,35,Yes,Yes,DSL,No,Yes,Yes,Yes,Yes,Yes,One year,No,Electronic check,84.21,2843.34,No
7291-KHLV,Female,0,Yes,No,48,Yes,No,DSL,No,No,Yes,No,Yes,No,Two year,Yes,Mailed check,64.38,2820.99,No
4939-YVMP,Female,0,Yes,No,38,Yes,No,DSL,No,No,Yes,Yes,Yes,No,Month-to-month,Yes,Mailed check,69.05,2622.5,No
9449-OKTC,Female,1,Yes,Yes,69,No,No phone service,No,No internet service,No internet service,No internet service,No internet service,No internet service,No internet service,Month-to-month,No,Credit card (automatic),20.55,1340.54,No
1811-YOEF,Male,0,No,No,33,Yes,Yes,Fiber optic,No,No,Yes,No,No,Yes,Two year,Yes,Electronic check,89.23,2911.39,No
4660-DJHN,Female,0,Yes,Yes,54,No,No phone service,Fiber optic,No,Yes,No,No,No,Yes,Two year,No,Electronic check,75.5,3905.71,No
9662-HSTK,Male,0,No,No,42,Yes,Yes,DSL,Yes,Yes,No,Yes,Yes,No,Month-to-month,Yes,Mailed check,70.68,2724.28,No
8502-OBXY,Male,0,Yes,No,19,Yes,No,No,No internet service,No internet service,No internet service,No internet service,No internet service,No internet service,One year,Yes,Mailed check,33.23,570.27,No
2973-OLCS,Female,0,No,No,11,Yes,No,DSL,Yes,Yes,No,Yes,Yes,No,Two year,No,Mailed check,72.63,731.86,No
7090-OHLC,Female,0,No,No,28,No,No phone service,DSL,Yes,No,No,No,Yes,Yes,One year,Yes,Electronic check,68.39,1885.45,No
3191-CQUL,Female,0,No,Yes,47,Yes,No,Fiber optic,No,Yes,No,Yes,Yes,Yes,Two year,No,Mailed check,96.21,4379.99,No
8559-MPQM,Female,0,Yes,No,41,Yes,No,Fiber optic,Yes,No,No,No,Yes,No,Two year,Yes,Electronic check,88.52,3131.78,No
7989-CHAZ,Female,0,No,No,47,Yes,No,Fiber optic,No,No,Yes,No,No,No,Two year,Yes,Credit card (automatic),81.51,3800.61,Yes
2527-CRCS,Male,0,Yes,Yes,56,Yes,No,No,No internet service,No internet service,No internet service,No internet service,No internet service,No internet service,Month-to-month,Yes,Electronic check,27.66,1433.82,Yes
6868-IRFM,Female,1,No,No,52,Yes,No,Fiber optic,No,Yes,No,No,Yes,No,One year,Yes,Mailed check,81.77,4329.33,No
6535-LFYE,Female,0,No,No,19,Yes,Yes,Fiber optic,No,No,Yes,No,No,No,One year,Yes,Bank transfer (automatic),80.12,1390.46,Yes
2918-ZSSZ,Female,1,No,No,33,Yes,No,No,No internet service,No internet service,No internet service,No internet service,No internet service,No internet service,One year,Yes,Bank transfer (automatic),25.02,772.79,No
2835-FRPV,Male,0,No,No,40,No,No phone service,DSL,Yes,No,No,No,No,Yes,Month-to-month,No,Bank transfer (automatic),56.67,2180.93,No
8620-WYVG,Male,1,No,No,41,Yes,Yes,DSL,No,Yes,No,No,No,No,Two year,Yes,Electronic check,63.67,2520.87,No
9188-LMGE,Female,0,No,No,32,Yes,No,DSL,No,Yes,No,Yes,Yes,Yes,Month-to-month,No,Bank transfer (automatic),67.66,2141.02,No
9616-WUJV,Male,0,Yes,No,35,Yes,No,DSL,Yes,Yes,Yes,Yes,Yes,No,Two year,Yes,Electronic check,73.39,2533.89,No
2325-YOEI,Male,0,No,No,2,Yes,No,Fiber optic,Yes,No,No,No,No,Yes,One year,Yes,Mailed check,84.51,146.66,No
3024-RNBU,Female,0,No,No,31,Yes,Yes,Fiber optic,No,Yes,Yes,Yes,Yes,No,Month-to-month,Yes,Mailed check,96.23,2838.61,Yes
6475-UFCV,Male,0,Yes,Yes,43,Yes,No,No,No internet service,No internet service,No internet service,No internet service,No internet service,No internet service,Two year,Yes,Bank transfer (automatic),27.52,1179.88,No
5432-VMRG,Male,0,Yes,Yes,12,Yes,Yes,Fiber optic,Yes,Yes,No,Yes,Yes,Yes,One year,No,Mailed check,102.53,1160.0,No
9889-NFCP,Male,0,Yes,No,52,Yes,No,DSL,No,No,No,No,Yes,No,Month-to-month,No,Electronic check,52.57,2535.76,No
9581-ONOJ,Female,0,Yes,No,21,Yes,No,Fiber optic,No,Yes,Yes,Yes,No,Yes,One year,Yes,Electronic check,93.39,1843.0,Yes
4707-ZBZW,Female,0,No,Yes,10,Yes,No,DSL,No,No,No,Yes,Yes,No,Two year,No,Credit card (automatic),59.02,563.64,No
9027-MHER,Male,0,No,No,33,Yes,Yes,DSL,Yes,No,No,No,Yes,Yes,Month-to-month,Yes,Credit card (automatic),69.68,2263.22,No
5031-PAZU,Male,0,Yes,No,24,Yes,Yes,Fiber optic,No,No,No,Yes,Yes,No,One year,No,Electronic check,94.62,2193.77,Yes
6029-ONWZ,Female,1,No,No,20,Yes,Yes,Fiber optic,No,No,No,Yes,Yes,Yes,Month-to-month,Yes,Bank transfer (automatic),89.28,1714.28,Yes
7307-FSGX,Female,1,No,No,63,Yes,Yes,DSL,No,No,No,No,Yes,Yes,Two year,Yes,Mailed check,67.95,3940.25,No
3583-ELBB,Female,0,Yes,Yes,3,Yes,Yes,DSL,Yes,No,No,No,Yes,Yes,Month-to-month,No,Mailed check,71.72,216.55,No
1760-ZEFI,Female,0,No,No,36,Yes,Yes,DSL,No,No,No,Yes,Yes,No,Two year,No,Credit card (automatic),65.14,2215.31,No
2285-ALPI,Male,0,Yes,No,16,Yes,No,DSL,Yes,No,No,No,No,No,Month-to-month,No,Electronic check,50.96,760.53,No
4495-JBXE,Male,1,No,No,38,Yes,Yes,DSL,Yes,Yes,No,No,No,No,Month-to-month,Yes,Electronic check,58.89,2033.72,Yes
4481-XFEA,Male,1,No,Yes,19,Yes,Yes,DSL,Yes,Yes,No,Yes,No,No,Month-to-month,No,Bank transfer (automatic),72.09,1355.6,Yes
8284-XARI,Female,0,Yes,Yes,13,Yes,No,DSL,No,No,No,No,Yes,No,Month-to-month,Yes,Mailed check,58.93,745.95,No
6407-WDNP,Female,0,No,No,27,Yes,Yes,Fiber optic,No,No,Yes,No,Yes,Yes,Two year,Yes,Electronic check,98.57,2574.41,Yes
1743-EQGL,Female,0,No,No,21,Yes,Yes,Fiber optic,Yes,No,Yes,No,Yes,No,Month-to-month,No,Mailed check,96.06,1829.73,Yes
8698-QQVU,Female,0,Yes,No,59,Yes,No,Fiber optic,No,Yes,No,No,Yes,No,One year,No,Credit card (automatic),76.05,4299.32,No
5281-KELB,Female,1,No,Yes,59,Yes,No,DSL,Yes,Yes,Yes,No,No,No,Month-to-month,Yes,Mailed check,59.03,3455.09,Yes
5484-QZLQ,Female,0,No,No,60,Yes,No,Fiber optic,No,Yes,No,No,No,No,One year,No,Bank transfer (automatic),78.18,4523.87,No
6102-AJKR,Male,1,Yes,No,45,Yes,No,No,No internet service,No internet service,No internet service,No internet service,No internet service,No internet service,Month-to-month,No,Credit card (automatic),30.54,1382.91,Yes
6002-VOLK,Female,0,No,Yes,20,Yes,Yes,No,No internet service,No internet service,No internet service,No internet service,No internet service,No internet service,Two year,Yes,Mailed check,31.01,549.16,No
6204-NFZP,Female,0,Yes,No,14,Yes,No,Fiber optic,No,Yes,No,No,Yes,No,Two year,No,Mailed check,91.14,1193.65,No
5738-MWYX,Female,0,Yes,Yes,51,Yes,No,No,No internet service,No internet service,No internet service,No internet service,No internet service,No internet service,Month-to-month,No,Bank transfer (automatic),30.62,1516.54,No
9994-AWVV,Male,0,Yes,No,45,Yes,Yes,No,No internet service,No internet service,No internet service,No internet service,No internet service,No internet service,Month-to-month,No,Electronic check,31.67,1395.24,No
6597-JSDP,Male,0,No,No,22,Yes,Yes,Fiber optic,No,Yes,Yes,Yes,Yes,Yes,Month-to-month,No,Credit card (automatic),110.1,2250.51,Yes
9301-SKOZ,Male,0,No,Yes,58,Yes,Yes,No,No internet service,No internet service,No internet service,No internet service,No internet service,No internet service,Two year,No,Bank transfer (automatic),30.02,1673.83,No
5322-MHSP,Male,0,Yes,No,53,Yes,Yes,Fiber optic,Yes,Yes,No,No,No,No,Month-to-month,No,Electronic check,89.27,4803.81,Yes
2951-OQOH,Female,1,No,No,25,Yes,Yes,Fiber optic,Yes,Yes,Yes,No,No,Yes,Month-to-month,Yes,Mailed check,102.45,2323.98,Yes
2201-WJJL,Female,1,No,Yes,40,Yes,No,No,No internet service,No internet service,No internet service,No internet service,No internet service,No internet service,Month-to-month,Yes,Bank transfer (automatic),25.68,910.02,No
2759-QKZR,Male,0,No,Yes,63,Yes,No,Fiber optic,No,Yes,No,Yes,No,No,Two year,Yes,Electronic check,86.41,5183.66,No
7982-OBOT,Male,0,No,No,16,Yes,Yes,Fiber optic,Yes,Yes,Yes,No,No,Yes,One year,No,Electronic check,95.71,1474.54,Yes
4330-CZMZ,Male,0,Yes,Yes,43,Yes,Yes,Fiber optic,Yes,No,No,No,Yes,No,Month-to-month,No,Electronic check,91.93,3657.25,Yes
8172-FJEG,Female,0,No,No,45,Yes,No,Fiber optic,No,Yes,Yes,Yes,No,No,Month-to-month,Yes,Bank transfer (automatic),90.21,4017.16,Yes
3800-DYJU,Male,0,No,Yes,52,Yes,No,Fiber optic,Yes,No,Yes,Yes,Yes,Yes,Month-to-month,Yes,Electronic check,104.61,5358.21,Yes
3604-EHMY,Male,0,Yes,Yes,7,Yes,Yes,Fiber optic,No,Yes,No,Yes,Yes,Yes,Two year,No,Bank transfer (automatic),98.59,664.37,No
9501-UKKD,Female,0,No,No,21,Yes,No,No,No internet service,No internet service,No internet service,No internet service,No internet service,No internet service,Month-to-month,No,Mailed check,26.12,509.06,No
7910-AZSB,Female,0,Yes,No,10,Yes,No,No,No internet service,No internet service,No internet service,No internet service,No internet service,No internet service,Two year,Yes,Electronic check,27.65,260.86,No
2160-TENJ,Male,0,No,Yes,37,Yes,No,DSL,No,No,No,Yes,Yes,Yes,Month-to-month,Yes,Mailed check,70.56,2487.45,Yes
9257-QXFM,Male,1,Yes,Yes,51,Yes,Yes,Fiber optic,Yes,Yes,No,No,Yes,No,Month-to-month,No,Mailed check,88.2,4318.57,No
6409-BOCS,Male,0,Yes,Yes,11,Yes,No,Fiber optic,No,No,Yes,Yes,Yes,Yes,Month-to-month,Yes,Electronic check,100.48,1100.29,Yes
4577-JGDY,Female,0,No,No,11,Yes,No,Fiber optic,Yes,No,No,No,Yes,Yes,Month-to-month,No,Mailed check,88.0,951.58,No
6785-VKQR,Female,1,No,No,56,No,No phone service,DSL,Yes,Yes,Yes,No,No,Yes,Month-to-month,Yes,Mailed check,57.32,3160.28,No
1176-HJOB,Female,0,Yes,No,49,Yes,No,Fiber optic,No,No,Yes,Yes,Yes,No,Two year,No,Electronic check,92.72,4579.09,No
9859-UZSP,Male,0,No,No,23,Yes,No,DSL,Yes,No,No,No,No,Yes,Month-to-month,Yes,Mailed check,72.71,1618.32,No
4892-YHXA,Female,0,Yes,Yes,67,Yes,Yes,DSL,Yes,No,Yes,Yes,Yes,No,Month-to-month,No,Electronic check,73.07,4827.61,No
8894-HGMX,Male,0,Yes,No,32,Yes,Yes,DSL,No,No,Yes,No,No,No,Month-to-month,Yes,Mailed check,59.67,1854.15,No
3478-GHHC,Male,1,Yes,No,26,Yes,Yes,DSL,No,Yes,Yes,No,No,Yes,Two year,No,Mailed check,72.31,1785.9,Yes
8212-BCRG,Male,1,No,Yes,59,No,No phone service,DSL,No,No,Yes,No,Yes,Yes,Two year,Yes,Credit card (automatic),64.0,3649.56,No
9382-AWTF,Female,0,No,Yes,33,Yes,No,DSL,No,Yes,Yes,No,No,Yes,Month-to-month,No,Electronic check,57.25,1753.25,Yes
9847-SAFN,Female,0,Yes,Yes,32,Yes,No,No,No internet service,No internet service,No internet service,No internet service,No internet service,No internet service,Two year,Yes,Mailed check,29.94,981.95,No
3742-WSOJ,Female,0,No,No,44,Yes,No,DSL,Yes,Yes,No,No,Yes,Yes,Month-to-month,No,Electronic check,72.9,3201.43,Yes
9640-AEQQ,Male,0,No,No,67,Yes,Yes,DSL,No,No,Yes,No,Yes,Yes,Two year,No,Credit card (automatic),70.41,4416.12,No
7812-WYRK,Female,0,No,No,52,Yes,No,Fiber optic,No,No,Yes,Yes,Yes,No,One year,Yes,Mailed check,88.77,4002.96,No
3080-GRPD,Female,0,Yes,No,3,Yes,Yes,DSL,No,Yes,Yes,No,No,No,One year,Yes,Electronic check,62.67,182.63,Yes
9467-HLIE,Male,1,Yes,No,66,Yes,Yes,No,No internet service,No internet service,No internet service,No internet service,No internet service,No internet service,Month-to-month,No,Bank transfer (automatic),32.52,2120.13,No
4995-MYWK,Female,0,Yes,No,24,Yes,No,Fiber optic,Yes,Yes,Yes,Yes,Yes,No,Month-to-month,No,Bank transfer (automatic),97.04,2333.69,No
8505-VXMW,Female,0,No,No,28,Yes,Yes,DSL,No,Yes,No,No,Yes,No,Month-to-month,Yes,Electronic check,62.71,1629.77,No
5365-NGGW,Male,0,Yes,No,30,Yes,No,No,No internet service,No internet service,No internet service,No internet service,No internet service,No internet service,Two year,Yes,Bank transfer (automatic),29.65,797.08,No
2615-SPYE,Female,0,No,No,3,Yes,No,Fiber optic,Yes,No,No,No,No,No,Two year,Yes,Electronic check,74.16,209.31,No
4165-WZLY,Male,0,No,No,3,Yes,No,DSL,Yes,Yes,Yes,Yes,No,Yes,Month-to-month,Yes,Bank transfer (automatic),77.69,229.29,No
2749-ZFJV,Male,0,No,No,65,Yes,Yes,No,No internet service,No internet service,No internet service,No internet service,No internet service,No internet service,Two year,Yes,Mailed check,29.01,1753.31,No
9080-TFST,Male,1,No,No,41,Yes,Yes,Fiber optic,No,Yes,Yes,No,No,No,One year,No,Mailed check,85.72,3371.74,Yes
4923-LYMK,Female,1,No,No,7,Yes,No,DSL,Yes,Yes,No,No,Yes,No,Month-to-month,Yes,Mailed check,71.45,478.55,No
3683-RVTU,Female,0,Yes,No,34,Yes,Yes,Fiber optic,No,Yes,No,Yes,No,Yes,Month-to-month,No,Electronic check,99.33,3169.23,Yes
4466-GUKZ,Female,1,No,No,49,Yes,Yes,Fiber optic,No,No,No,Yes,Yes,No,Month-to-month,Yes,Bank transfer (automatic),93.81,4356.91,Yes
9266-GXNX,Male,0,No,No,3,Yes,No,DSL,No,No,Yes,No,Yes,Yes,One year,Yes,Bank transfer (automatic),69.78,202.93,No
5667-AGWG,Male,0,No,No,53,Yes,Yes,DSL,Yes,Yes,No,No,No,Yes,Month-to-month,Yes,Mailed check,67.51,3374.17,No
4906-EGTL,Female,0,No,No,40,Yes,No,Fiber optic,No,No,No,No,Yes,No,Month-to-month,Yes,Credit card (automatic),86.4,3357.38,Yes
1986-JCHT,Male,0,No,No,32,Yes,No,Fiber optic,Yes,Yes,Yes,No,Yes,Yes,Two year,Yes,Electronic check,102.6,3135.12,No
1699-DUFQ,Male,0,No,Yes,19,Yes,No,DSL,No,No,Yes,No,No,No,Month-to-month,Yes,Bank transfer (automatic),61.58,1057.3,Yes
7871-OIIT,Male,0,Yes,No,44,Yes,Yes,DSL,No,No,Yes,Yes,Yes,No,Two year,No,Credit card (automatic),72.56,3211.11,No
4541-MLQM,Male,0,Yes,No,26,Yes,Yes,No,No internet service,No internet service,No internet service,No internet service,No internet service,No internet service,Month-to-month,Yes,Electronic check,27.92,728.06,No
8766-NUHY,Female,0,No,No,28,Yes,No,Fiber optic,No,No,No,No,No,Yes,One year,No,Electronic check,86.57,2385.61,Yes
3405-ZSFT,Male,0,No,Yes,19,Yes,No,DSL,Yes,Yes,Yes,No,No,No,Month-to-month,Yes,Electronic check,63.65,1181.56,Yes
4281-NRQX,Female,0,No,No,41,Yes,Yes,DSL,No,No,Yes,Yes,No,No,One year,Yes,Credit card (automatic),52.63,2145.08,No
8338-IIKI,Female,0,No,Yes,36,Yes,Yes,Fiber optic,Yes,Yes,Yes,No,Yes,No,Month-to-month,No,Bank transfer (automatic),105.84,3875.75,No
7919-DFRS,Female,0,No,Yes,42,No,No phone service,DSL,No,No,Yes,No,No,Yes,Month-to-month,No,Electronic check,56.59,2479.17,Yes
4001-NFQT,Female,1,Yes,No,23,No,No phone service,No,No internet service,No internet service,No internet service,No internet service,No internet service,No internet service,Two year,Yes,Bank transfer (automatic),18.0,394.97,No
7762-SQIN,Female,0,Yes,No,6,Yes,No,DSL,No,No,Yes,Yes,No,No,One year,Yes,Mailed check,61.23,346.65,No
5739-UBCJ,Male,0,Yes,Yes,10,Yes,No,No,No internet service,No internet service,No internet service,No internet service,No internet service,No internet service,Month-to-month,Yes,Bank transfer (automatic),30.47,289.24,No
8917-PLUP,Male,0,Yes,No,34,No,No phone service,DSL,Yes,No,Yes,No,No,Yes,Two year,Yes,Electronic check,64.87,2085.72,No
2758-WKFW,Male,0,No,No,27,Yes,Yes,DSL,Yes,Yes,No,No,No,Yes,Month-to-month,Yes,Credit card (automatic),72.52,1885.0,No
2798-OIWZ,Male,0,Yes,Yes,38,No,No phone service,DSL,Yes,Yes,No,Yes,No,No,One year,No,Mailed check,59.84,2344.93,No
6413-MTHH,Male,0,Yes,Yes,26,Yes,Yes,DSL,No,Yes,Yes,Yes,No,Yes,Month-to-month,Yes,Mailed check,80.3,1891.64,No
3475-OVIS,Male,0,No,No,51,Yes,Yes,DSL,No,Yes,Yes,No,No,Yes,Month-to-month,No,Bank transfer (automatic),66.66,3333.1,No
3782-HREU,Female,1,No,No,47,Yes,No,No,No internet service,No internet service,No internet service,No internet service,No internet service,No internet service,Month-to-month,No,Bank transfer (automatic),19.11,822.95,No
8744-HVXX,Male,0,Yes,Yes,16,Yes,Yes,Fiber optic,Yes,No,No,No,No,Yes,Month-to-month,Yes,Electronic check,88.39,1489.53,Yes
4089-DLLF,Male,0,Yes,Yes,66,Yes,No,Fiber optic,No,Yes,Yes,Yes,No,Yes,One year,Yes,Bank transfer (automatic),103.66,6291.75,No
8273-BZRK,Female,0,No,Yes,21,Yes,Yes,DSL,Yes,No,No,Yes,Yes,Yes,One year,No,Electronic check,77.45,1509.17,No
4828-XXLB,Male,1,No,No,56,Yes,Yes,No,No internet service,No internet service,No internet service,No internet service,No internet service,No internet service,One year,Yes,Credit card (automatic),27.32,1530.55,No
2015-NYAD,Female,0,Yes,No,23,Yes,No,No,No internet service,No internet service,No internet service,No internet service,No internet service,No internet service,One year,No,Mailed check,22.78,505.08,No
7482-UKNT,Female,0,Yes,No,48,Yes,Yes,DSL,Yes,No,No,Yes,No,Yes,Month-to-month,Yes,Electronic check,67.49,3079.27,No
8538-ZVDN,Female,0,Yes,Yes,30,Yes,Yes,Fiber optic,No,Yes,No,Yes,No,No,One year,No,Bank transfer (automatic),89.52,2559.09,No
3959-DIYK,Male,1,Yes,No,51,Yes,Yes,Fiber optic,No,Yes,No,Yes,Yes,Yes,Month-to-month,No,Electronic check,103.48,5008.12,Yes
2846-KWPY,Female,0,Yes,No,35,Yes,No,Fiber optic,No,No,Yes,Yes,No,No,Month-to-month,Yes,Electronic check,80.74,2793.58,Yes
4262-WJXB,Female,1,Yes,No,7,Yes,No,DSL,No,No,No,Yes,No,Yes,One year,Yes,Electronic check,65.6,447.65,No
7331-CLRL,Male,0,No,No,68,Yes,Yes,DSL,No,Yes,Yes,Yes,No,No,Month-to-month,Yes,Electronic check,70.32,4497.02,No
2759-BUAE,Male,0,Yes,Yes,21,Yes,No,No,No internet service,No internet service,No internet service,No internet service,No internet service,No internet service,Two year,Yes,Bank transfer (automatic),18.0,356.5,No
8565-DJZL,Male,1,No,No,24,Yes,Yes,DSL,No,Yes,Yes,No,Yes,Yes,Month-to-month,Yes,Bank transfer (automatic),78.18,1680.42,Yes
2505-KPMP,Male,0,Yes,No,54,Yes,Yes,No,No internet service,No internet service,No internet service,No internet service,No internet service,No internet service,Month-to-month,Yes,Bank transfer (automatic),40.6,2069.27,No
3613-HWBH,Male,0,No,No,25,Yes,Yes,Fiber optic,No,Yes,Yes,Yes,Yes,Yes,Month-to-month,Yes,Mailed check,103.51,2519.27,Yes
2042-ZVNT,Male,1,Yes,Yes,59,Yes,No,DSL,Yes,No,No,No,Yes,Yes,Month-to-month,Yes,Electronic check,66.35,3654.45,No
3667-JYEH,Female,0,No,No,25,No,No phone service,No,No internet service,No internet service,No internet service,No internet service,No internet service,No internet service,Month-to-month,No,Credit card (automatic),18.0,454.27,No
3346-ZPWU,Male,1,Yes,Yes,66,Yes,No,DSL,No,Yes,Yes,Yes,No,No,Month-to-month,Yes,Credit card (automatic),63.27,3681.7,No
3942-GMHA,Male,0,Yes,No,40,Yes,Yes,Fiber optic,Yes,Yes,No,Yes,Yes,Yes,Month-to-month,Yes,Bank transfer (automatic),108.4,4523.94,No
2083-VYQS,Male,0,No,Yes,8,Yes,No,DSL,No,No,No,Yes,Yes,No,Month-to-month,No,Electronic check,70.06,511.25,Yes
4264-ALHU,Male,0,No,No,48,Yes,Yes,Fiber optic,Yes,Yes,No,Yes,Yes,No,Two year,No,Mailed check,90.44,4223.68,No
1633-DCGQ,Male,0,Yes,No,36,Yes,No,Fiber optic,Yes,No,Yes,No,Yes,Yes,Month-to-month,No,Mailed check,91.85,3267.47,No
9625-LPXF,Male,0,Yes,No,24,Yes,No,Fiber optic,Yes,No,Yes,No,No,Yes,Two year,Yes,Electronic check,91.18,1941.91,No
1660-BUGN,Female,0,No,No,13,Yes,No,DSL,No,Yes,Yes,No,No,Yes,Two year,No,Electronic check,63.93,716.51,No
2450-HVZB,Male,1,No,No,28,Yes,No,DSL,No,No,No,No,Yes,Yes,Month-to-month,No,Bank transfer (automatic),67.48,1835.89,Yes
4728-NPKZ,Male,1,No,No,25,Yes,No,Fiber optic,No,No,Yes,No,Yes,Yes,Month-to-month,No,Electronic check,90.34,2223.19,Yes
2218-CZHO,Female,0,Yes,No,48,Yes,No,Fiber optic,Yes,Yes,Yes,Yes,No,No,Two year,Yes,Bank transfer (automatic),91.31,4378.89,No
7310-ETWS,Female,0,No,No,30,Yes,Yes,Fiber optic,No,Yes,Yes,No,Yes,Yes,Month-to-month,Yes,Electronic check,105.87,2939.01,Yes
9521-YLSY,Female,0,No,No,44,Yes,No,Fiber optic,No,Yes,No,Yes,No,No,Month-to-month,Yes,Electronic check,81.58,3166.71,No
2588-ZNMC,Female,0,Yes,No,12,Yes,Yes,Fiber optic,Yes,No,Yes,Yes,Yes,No,One year,No,Electronic check,98.33,1072.2,No
4234-WKWR,Male,0,No,No,47,Yes,Yes,Fiber optic,No,No,Yes,No,Yes,No,Month-to-month,Yes,Credit card (automatic),85.97,4078.9,Yes
5428-ATIM,Male,0,No,No,37,Yes,No,Fiber optic,Yes,No,No,No,No,No,Two year,Yes,Mailed check,79.55,2993.16,No
6461-ZKCB,Male,0,No,No,33,Yes,No,DSL,Yes,Yes,No,No,Yes,Yes,Two year,Yes,Electronic check,70.2,2131.92,No
6634-ICIR,Female,0,Yes,Yes,39,No,No phone service,Fiber optic,Yes,No,No,No,Yes,Yes,Two year,No,Electronic check,85.07,3324.78,No
8776-UZLK,Male,1,No,No,65,Yes,No,Fiber optic,No,Yes,Yes,Yes,No,No,Two year,Yes,Mailed check,94.55,5990.32,No
8063-CCHB,Female,0,No,No,2,Yes,Yes,Fiber optic,No,No,No,No,Yes,No,One year,No,Mailed check,82.56,161.62,No
9931-PODS,Male,0,No,Yes,66,Yes,No,No,No internet service,No internet service,No internet service,No internet service,No internet service,No internet service,Month-to-month,Yes,Electronic check,27.88,1722.36,No
2106-SQCQ,Male,1,Yes,No,60,Yes,Yes,Fiber optic,No,No,Yes,No,Yes,Yes,Month-to-month,Yes,Electronic check,101.22,5930.77,No
5716-OZSS,Female,0,Yes,No,67,Yes,No,Fiber optic,No,No,Yes,No,Yes,No,Month-to-month,Yes,Electronic check,73.26,4863.19,No
3413-SIKE,Male,0,No,Yes,49,Yes,No,Fiber optic,No,Yes,Yes,Yes,No,Yes,One year,Yes,Electronic check,96.36,4677.94,No
4673-ESDP,Male,0,No,Yes,28,Yes,No,DSL,Yes,No,No,No,No,No,One year,No,Credit card (automatic),65.85,1683.04,No
2738-RZAB,Male,0,No,No,28,Yes,Yes,Fiber optic,Yes,No,No,No,Yes,No,Month-to-month,Yes,Bank transfer (automatic),91.12,2376.99,No
9847-LPCF,Female,0,No,No,56,Yes,No,DSL,No,Yes,Yes,No,Yes,No,Month-to-month,Yes,Electronic check,68.85,3565.34,Yes
8187-GYNF,Male,0,Yes,No,61,Yes,Yes,DSL,No,Yes,Yes,Yes,No,No,Month-to-month,Yes,Mailed check,69.79,4504.91,No
9740-QSDX,Male,0,Yes,Yes,45,Yes,No,Fiber optic,No,No,No,No,No,No,Month-to-month,Yes,Credit card (automatic),71.2,2948.98,Yes
5523-VPRJ,Male,0,Yes,Yes,45,Yes,No,No,No internet service,No internet service,No internet service,No internet service,No internet service,No internet service,Month-to-month,No,Electronic check,22.47,1011.19,Yes
8373-SXCG,Female,0,No,No,16,Yes,Yes,Fiber optic,No,No,Yes,Yes,No,No,Two year,Yes,Bank transfer (automatic),87.58,1300.48,No
1526-NRSM,Male,1,Yes,No,18,Yes,No,No,No internet service,No internet service,No internet service,No internet service,No internet service,No internet service,One year,No,Bank transfer (automatic),18.38,325.67,No
3224-YLON,Male,0,Yes,No,23,Yes,No,Fiber optic,Yes,No,Yes,Yes,No,No,Month-to-month,No,Credit card (automatic),89.59,1997.46,Yes
7091-LVHS,Male,0,Yes,No,38,No,No phone service,Fiber optic,No,No,No,No,Yes,No,Month-to-month,No,Credit card (automatic),74.67,2408.36,No
9481-MBAD,Female,0,No,No,26,Yes,No,DSL,Yes,Yes,No,No,Yes,No,Month-to-month,Yes,Mailed check,63.08,1506.68,Yes
1634-BJMF,Female,0,No,No,52,Yes,Yes,No,No internet service,No internet service,No internet service,No internet service,No internet service,No internet service,Month-to-month,No,Mailed check,26.2,1327.32,No
5198-PPWP,Male,0,No,No,33,Yes,No,No,No internet service,No internet service,No internet service,No internet service,No internet service,No internet service,Month-to-month,Yes,Electronic check,31.09,919.6,No
5150-WEAR,Female,0,Yes,No,9,Yes,No,No,No internet service,No internet service,No internet service,No internet service,No internet service,No internet service,Two year,Yes,Electronic check,28.03,246.86,No
7418-OBYZ,Male,0,Yes,No,66,No,No phone service,Fiber optic,No,Yes,Yes,No,No,No,Two year,Yes,Credit card (automatic),76.06,5080.87,Yes
2538-UCGU,Male,1,No,No,22,Yes,No,Fiber optic,No,Yes,No,Yes,No,No,Two year,Yes,Bank transfer (automatic),85.81,1701.99,Yes
3215-HNQT,Female,0,Yes,No,52,Yes,No,Fiber optic,No,Yes,Yes,No,No,No,Month-to-month,No,Credit card (automatic),77.76,3754.59,No
6560-WONK,Female,0,Yes,Yes,11,Yes,Yes,Fiber optic,No,Yes,Yes,No,Yes,Yes,Two year,Yes,Electronic check,99.31,962.27,Yes
1536-JUVB,Male,1,No,No,12,Yes,No,Fiber optic,No,Yes,No,Yes,No,No,One year,Yes,Mailed check,76.92,820.1,No
1360-LFXN,Male,0,Yes,Yes,24,Yes,No,DSL,No,Yes,Yes,No,No,Yes,One year,No,Electronic check,70.1,1553.96,No
4888-CDKD,Female,0,No,Yes,42,Yes,No,No,No internet service,No internet service,No internet service,No internet service,No internet service,No internet service,Month-to-month,Yes,Bank transfer (automatic),24.03,949.07,No
1521-CIZR,Female,1,Yes,Yes,1,Yes,Yes,No,No internet service,No internet service,No internet service,No internet service,No internet service,No internet service,One year,Yes,Electronic check,33.71,31.87,No
9943-LCMD,Female,1,Yes,No,36,No,No phone service,DSL,No,No,No,No,Yes,Yes,Two year,No,Credit card (automatic),52.92,1840.1,No
3955-UBRH,Female,0,Yes,No,7,Yes,No,DSL,No,No,Yes,Yes,Yes,Yes,Month-to-month,No,Credit card (automatic),75.7,538.42,Yes
4810-JAWA,Female,0,Yes,No,21,Yes,Yes,DSL,No,No,No,No,No,No,One year,Yes,Electronic check,55.95,1128.12,No
9534-XFJN,Male,0,No,No,9,Yes,Yes,Fiber optic,No,No,Yes,No,No,No,Month-to-month,No,Electronic check,79.1,713.88,Yes
7706-ENEO,Male,0,No,No,20,Yes,Yes,DSL,Yes,Yes,No,No,No,No,Month-to-month,Yes,Electronic check,65.83,1294.2,Yes
8951-DCAA,Male,0,No,No,27,Yes,Yes,Fiber optic,Yes,Yes,No,No,No,No,Two year,Yes,Electronic check,85.35,2114.65,No
2152-XOFO,Female,1,No,No,10,Yes,No,Fiber optic,Yes,No,No,No,Yes,No,Month-to-month,No,Credit card (automatic),87.09,840.04,No
2744-QWQZ,Female,0,No,Yes,33,No,No phone service,Fiber optic,No,Yes,Yes,Yes,No,No,Month-to-month,Yes,Mailed check,77.51,2484.9,No
8520-XBYX,Male,0,Yes,No,34,Yes,No,Fiber optic,No,Yes,No,No,Yes,No,Month-to-month,Yes,Credit card (automatic),83.86,2714.56,Yes
5594-EZUI,Male,0,Yes,No,49,Yes,No,No,No internet service,No internet service,No internet service,No internet service,No internet service,No internet service,Month-to-month,Yes,Credit card (automatic),35.64,1715.64,No
8352-XNZT,Female,0,Yes,No,20,Yes,No,Fiber optic,No,No,Yes,Yes,Yes,No,Month-to-month,Yes,Bank transfer (automatic),92.63,1795.54,No
2626-OSAQ,Female,0,Yes,No,64,No,No phone service,DSL,Yes,Yes,No,No,Yes,Yes,One year,Yes,Electronic check,67.62,4480.78,No
8536-HXYC,Male,1,No,No,26,Yes,No,DSL,Yes,No,No,Yes,Yes,No,One year,Yes,Bank transfer (automatic),68.98,1784.0,No
4051-QJTH,Male,1,Yes,No,23,No,No phone service,No,No internet service,No internet service,No internet service,No internet service,No internet service,No internet service,One year,No,Mailed check,18.0,396.8,No
5625-GLNC,Male,0,Yes,No,40,Yes,Yes,Fiber optic,Yes,No,Yes,No,Yes,No,Month-to-month,No,Mailed check,101.4,3852.21,Yes
2630-VQPY,Female,0,Yes,Yes,23,Yes,Yes,DSL,No,Yes,Yes,No,Yes,Yes,Month-to-month,Yes,Bank transfer (automatic),79.14,1672.35,Yes
8762-JLAU,Female,0,Yes,No,44,Yes,Yes,DSL,Yes,No,No,No,No,Yes,Month-to-month,Yes,Credit card (automatic),62.28,2508.03,Yes
4821-EGDL,Male,0,Yes,No,9,Yes,Yes,DSL,Yes,No,Yes,No,Yes,Yes,Month-to-month,No,Mailed check,77.76,676.72,No
2004-DRBC,Female,0,Yes,No,59,Yes,No,Fiber optic,No,No,Yes,No,No,No,Month-to-month,No,Bank transfer (automatic),80.59,4222.97,Yes
1212-LIBL,Female,0,No,No,46,Yes,No,No,No internet service,No internet service,No internet service,No internet service,No internet service,No internet service,One year,Yes,Bank transfer (automatic),25.56,1113.73,No
2512-ABUP,Female,0,Yes,No,52,Yes,No,DSL,Yes,No,No,No,No,No,Month-to-month,Yes,Bank transfer (automatic),57.74,2795.87,No
5723-ZYID,Female,0,Yes,No,18,Yes,Yes,Fiber optic,Yes,No,No,Yes,No,No,Month-to-month,Yes,Mailed check,81.33,1413.91,No
6943-BDDE,Female,0,No,Yes,40,Yes,Yes,DSL,Yes,No,No,No,Yes,No,Month-to-month,Yes,Credit card (automatic),64.08,2223.27,No
3124-HSDX,Male,0,Yes,No,20,Yes,Yes,Fiber optic,No,Yes,Yes,No,No,No,Two year,Yes,Bank transfer (automatic),84.98,1592.13,Yes
4981-KURF,Male,1,No,No,34,Yes,No,DSL,No,No,No,Yes,Yes,No,One year,Yes,Electronic check,61.63,1995.61,No
7909-JAED,Female,0,No,No,27,No,No phone service,Fiber optic,No,No,No,Yes,Yes,Yes,One year,No,Mailed check,76.47,1968.78,No
7637-BXZB,Female,0,No,No,37,Yes,No,DSL,Yes,No,Yes,No,Yes,No,One year,No,Electronic check,71.51,2544.73,No
8751-DJAI,Male,0,No,No,41,No,No phone service,Fiber optic,No,No,Yes,Yes,No,Yes,One year,No,Electronic check,80.91,3189.54,Yes
4513-BUYS,Male,0,Yes,No,37,Yes,Yes,DSL,No,No,Yes,No,Yes,Yes,Month-to-month,Yes,Bank transfer (automatic),77.33,3064.46,Yes
9637-NTOS,Female,0,Yes,Yes,21,Yes,No,Fiber optic,No,Yes,No,No,Yes,No,Month-to-month,No,Mailed check,86.51,1881.43,Yes
1843-KEOB,Male,0,Yes,Yes,44,Yes,No,No,No internet service,No internet service,No internet service,No internet service,No internet service,No internet service,Month-to-month,No,Mailed check,29.99,1291.12,No
3804-JLME,Male,0,Yes,No,38,Yes,No,No,No internet service,No internet service,No internet service,No internet service,No internet service,No internet service,Month-to-month,No,Electronic check,21.56,802.4,Yes
2563-MKIF,Female,1,No,No,55,Yes,Yes,Fiber optic,No,No,No,Yes,Yes,Yes,One year,Yes,Mailed check,100.31,4850.68,No
5890-EKYW,Male,0,Yes,No,35,No,No phone service,DSL,Yes,Yes,Yes,Yes,No,Yes,One year,No,Electronic check,64.65,2201.29,No
8778-NLFF,Female,0,No,No,8,Yes,No,DSL,No,No,No,No,No,No,Two year,No,Electronic check,47.94,380.96,No
6155-FGTA,Male,0,No,Yes,20,Yes,Yes,DSL,No,No,Yes,No,No,No,Month-to-month,Yes,Bank transfer (automatic),57.12,1124.06,Yes
6958-DYDZ,Female,1,No,Yes,59,Yes,Yes,No,No internet service,No internet service,No internet service,No internet service,No internet service,No internet service,Two year,Yes,Credit card (automatic),29.0,1543.64,No
5241-YSWJ,Male,0,Yes,No,27,Yes,No,No,No internet service,No internet service,No internet service,No internet service,No internet service,No internet service,Month-to-month,Yes,Electronic check,22.98,623.17,No
6719-PUWO,Male,1,No,No,13,Yes,No,Fiber optic,Yes,No,Yes,No,No,No,Month-to-month,Yes,Bank transfer (automatic),90.5,1032.11,Yes
4723-PATW,Male,0,No,No,35,Yes,No,Fiber optic,Yes,No,No,Yes,Yes,Yes,One year,Yes,Bank transfer (automatic),99.99,3647.46,No
4204-ZIID,Male,0,No,No,36,Yes,Yes,Fiber optic,Yes,Yes,No,Yes,No,Yes,Month-to-month,Yes,Credit card (automatic),97.19,3493.19,No
1444-FMFJ,Female,0,No,No,22,Yes,No,DSL,No,Yes,No,No,No,No,Month-to-month,No,Mailed check,56.96,1134.02,No
2302-SZMG,Female,0,No,No,34,Yes,No,No,No internet service,No internet service,No internet service,No internet service,No internet service,No internet service,Month-to-month,No,Bank transfer (automatic),27.16,918.85,No
5017-VYFD,Female,1,No,Yes,32,Yes,Yes,DSL,No,No,Yes,Yes,Yes,Yes,Two year,Yes,Credit card (automatic),84.42,2688.23,No
3258-LNAH,Male,0,No,No,66,Yes,No,Fiber optic,Yes,Yes,Yes,Yes,Yes,Yes,Month-to-month,No,Bank transfer (automatic),99.14,6334.61,No
1259-SNZB,Male,1,Yes,No,2,Yes,Yes,DSL,Yes,Yes,No,No,No,No,One year,Yes,Electronic check,59.5,116.94,No
3316-FXDO,Female,0,No,No,40,Yes,Yes,Fiber optic,No,No,Yes,No,Yes,No,Month-to-month,Yes,Bank transfer (automatic),90.07,3619.97,Yes
6065-WIUN,Female,0,No,No,30,Yes,No,DSL,Yes,No,Yes,Yes,No,No,Two year,Yes,Bank transfer (automatic),65.39,1793.78,No
5516-IVEQ,Female,0,No,No,31,Yes,No,Fiber optic,Yes,No,No,No,Yes,Yes,Month-to-month,No,Credit card (automatic),94.73,2677.29,No
5765-HJEE,Female,0,No,No,63,Yes,Yes,Fiber optic,Yes,No,No,Yes,Yes,Yes,Month-to-month,Yes,Credit card (automatic),102.39,6587.38,No
9600-FJVG,Male,0,Yes,Yes,70,Yes,No,No,No internet service,No internet service,No internet service,No internet service,No internet service,No internet service,Month-to-month,No,Mailed check,27.41,1912.51,No
7256-CNIC,Male,0,No,No,15,Yes,Yes,Fiber optic,Yes,No,No,No,No,No,One year,No,Mailed check,83.05,1203.09,No
6049-VBHA,Female,0,Yes,No,38,Yes,Yes,Fiber optic,Yes,Yes,Yes,Yes,Yes,Yes,Two year,Yes,Electronic check,106.64,3501.23,No
1153-IYWS,Male,0,No,No,37,Yes,Yes,Fiber optic,Yes,No,Yes,Yes,Yes,No,One year,Yes,Electronic check,94.17,3254.54,No
3025-DXIT,Female,1,No,No,20,Yes,No,Fiber optic,No,No,Yes,Yes,No,Yes,Two year,Yes,Mailed check,92.29,1744.77,No
7740-TZRC,Male,0,No,Yes,40,Yes,Yes,Fiber optic,No,No,No,No,No,Yes,One year,Yes,Credit card (automatic),89.41,3736.88,No
2360-DVDY,Female,1,Yes,No,22,Yes,No,Fiber optic,No,No,Yes,Yes,No,No,Month-to-month,Yes,Electronic check,84.88,1863.98,Yes
8163-IHGH,Female,1,No,Yes,53,Yes,Yes,Fiber optic,Yes,No,No,Yes,Yes,No,Month-to-month,Yes,Bank transfer (automatic),92.83,4701.23,No
8316-NGEZ,Male,0,No,No,63,Yes,No,Fiber optic,No,Yes,No,No,Yes,Yes,One year,Yes,Electronic check,96.33,5830.22,Yes
1809-XBTH,Female,0,No,No,33,No,No phone service,No,No internet service,No internet service,No internet service,No internet service,No internet service,No internet service,One year,Yes,Electronic check,18.84,585.53,Yes
5259-KOTX,Male,0,No,No,47,No,No phone service,DSL,No,No,Yes,No,Yes,Yes,Two year,No,Credit card (automatic),60.83,2700.46,No
4785-GUNM,Female,0,Yes,No,43,Yes,No,Fiber optic,Yes,Yes,No,Yes,No,Yes,One year,Yes,Electronic check,98.31,4023.6,No
1917-AKAN,Male,0,Yes,No,44,Yes,Yes,Fiber optic,Yes,No,No,No,Yes,Yes,Month-to-month,Yes,Electronic check,98.23,4233.4,No
5948-PZJM,Male,1,Yes,No,34,Yes,Yes,DSL,No,Yes,Yes,No,Yes,No,Month-to-month,Yes,Credit card (automatic),72.32,2340.93,Yes
6694-NSKW,Female,0,No,No,21,Yes,No,DSL,Yes,Yes,No,No,Yes,Yes,Month-to-month,Yes,Electronic check,86.0,1741.49,Yes
4978-XFYF,Female,0,Yes,Yes,45,Yes,Yes,Fiber optic,No,Yes,No,No,Yes,Yes,One year,No,Electronic check,97.88,4288.27,No
3690-KCKI,Female,1,No,No,22,Yes,Yes,No,No internet service,No internet service,No internet service,No internet service,No internet service,No internet service,Two year,No,Bank transfer (automatic),39.06,808.74,No
7546-AGQM,Female,0,No,No,37,Yes,Yes,Fiber optic,No,Yes,No,Yes,Yes,No,Two year,Yes,Bank transfer (automatic),100.17,3640.99,No
4182-WXWX,Male,0,No,No,19,No,No phone service,DSL,No,No,No,No,No,No,Month-to-month,Yes,Electronic check,43.22,781.75,No
7666-ZTHC,Female,0,No,No,11,Yes,No,Fiber optic,Yes,No,No,Yes,No,No,Month-to-month,No,Credit card (automatic),76.05,807.69,No
7756-BQKR,Female,0,Yes,Yes,21,Yes,No,Fiber optic,Yes,Yes,No,Yes,Yes,Yes,One year,No,Electronic check,103.56,2050.21,No
1440-WBDC,Male,0,No,No,34,Yes,No,DSL,No,Yes,No,Yes,No,No,One year,Yes,Mailed check,61.82,1885.61,No
7051-AVBB,Male,1,No,No,38,Yes,Yes,DSL,Yes,No,Yes,No,Yes,No,One year,Yes,Electronic check,73.88,2636.16,No
4022-XFTL,Female,0,No,No,67,No,No phone service,Fiber optic,No,No,Yes,No,Yes,Yes,Month-to-month,Yes,Mailed check,78.18,5175.62,Yes
7808-HLBV,Female,0,Yes,No,8,Yes,Yes,DSL,Yes,No,No,No,Yes,No,Month-to-month,Yes,Bank transfer (automatic),67.6,491.38,Yes
6995-XXDO,Male,0,Yes,Yes,36,Yes,Yes,No,No internet service,No internet service,No internet service,No internet service,No internet service,No internet service,Month-to-month,No,Bank transfer (automatic),27.83,959.53,No
6574-MNPQ,Male,0,No,Yes,64,Yes,Yes,DSL,Yes,No,No,No,No,Yes,Month-to-month,No,Bank transfer (automatic),69.95,4414.16,No
1615-JFWH,Male,0,Yes,Yes,19,Yes,No,DSL,Yes,Yes,Yes,Yes,No,No,Month-to-month,No,Bank transfer (automatic),66.01,1241.06,No
7942-GYBV,Female,0,No,Yes,10,No,No phone service,Fiber optic,No,Yes,No,No,Yes,Yes,Month-to-month,Yes,Credit card (automatic),79.12,787.23,Yes
1971-QXJM,Female,1,No,No,30,No,No phone service,DSL,Yes,No,No,No,No,Yes,Month-to-month,Yes,Credit card (automatic),51.62,1276.86,No
1955-BBOR,Male,1,No,No,8,Yes,Yes,DSL,Yes,No,No,No,No,No,One year,No,Bank transfer (automatic),61.92,494.67,No
5827-SAOT,Female,1,Yes,Yes,29,Yes,Yes,No,No internet service,No internet service,No internet service,No internet service,No internet service,No internet service,Month-to-month,Yes,Bank transfer (automatic),30.83,926.14,No
6595-JOVD,Female,0,Yes,Yes,33,Yes,No,DSL,No,No,No,No,Yes,No,Month-to-month,Yes,Credit card (automatic),59.25,1847.63,No
7897-BZWE,Male,0,No,Yes,29,Yes,Yes,DSL,No,Yes,No,No,Yes,No,Two year,Yes,Electronic check,69.12,2082.73,No
5434-JFAC,Male,0,Yes,No,41,Yes,Yes,Fiber optic,No,No,Yes,Yes,Yes,No,Month-to-month,Yes,Bank transfer (automatic),93.75,3600.03,Yes
9214-IYHV,Male,0,No,No,3,Yes,Yes,Fiber optic,Yes,No,Yes,No,Yes,No,Month-to-month,Yes,Electronic check,96.3,275.27,Yes
9488-HUPQ,Male,0,Yes,No,29,Yes,No,Fiber optic,No,Yes,Yes,No,Yes,No,One year,Yes,Electronic check,82.75,2432.52,No
2070-OIOM,Female,0,Yes,Yes,21,Yes,Yes,Fiber optic,Yes,No,No,No,Yes,Yes,One year,Yes,Credit card (automatic),98.81,2037.39,No
2698-JDJD,Female,0,Yes,No,54,Yes,No,DSL,No,Yes,No,No,Yes,No,Two year,Yes,Bank transfer (automatic),62.75,3558.3,No
9097-OTMA,Male,1,No,No,45,Yes,Yes,Fiber optic,Yes,Yes,Yes,No,No,No,Two year,No,Credit card (automatic),85.32,3906.07,No
8788-SLBX,Male,0,No,No,30,Yes,No,DSL,Yes,Yes,No,Yes,Yes,Yes,Month-to-month,Yes,Bank transfer (automatic),76.13,2257.05,No
3345-GSWB,Male,0,Yes,No,7,Yes,No,Fiber optic,No,Yes,No,Yes,No,No,Two year,No,Bank transfer (automatic),77.86,527.35,No
9102-ACWW,Female,0,No,Yes,64,No,No phone service,No,No internet service,No internet service,No internet service,No internet service,No internet service,No internet service,Month-to-month,No,Credit card (automatic),18.0,1232.92,No
3703-PYVZ,Male,0,No,No,16,No,No phone service,Fiber optic,Yes,No,Yes,No,Yes,No,Month-to-month,No,Bank transfer (automatic),79.7,1142.64,No
2448-GHMR,Male,0,Yes,Yes,32,Yes,No,Fiber optic,No,Yes,No,No,Yes,No,Month-to-month,No,Credit card (automatic),84.39,2472.75,Yes
7056-MQAR,Female,0,Yes,No,65,Yes,No,No,No internet service,No internet service,No internet service,No internet service,No internet service,No internet service,Month-to-month,No,Electronic check,21.92,1422.03,No
6732-JGXF,Male,0,No,Yes,70,Yes,Yes,DSL,Yes,Yes,No,No,Yes,Yes,Two year,No,Electronic check,80.54,5523.09,No
2230-CJSW,Female,1,Yes,No,52,Yes,No,Fiber optic,No,Yes,Yes,No,No,Yes,Month-to-month,No,Electronic check,86.42,4335.75,No
8172-XELO,Female,0,No,No,33,Yes,Yes,Fiber optic,Yes,Yes,Yes,No,No,No,Two year,No,Electronic check,88.76,2711.05,Yes
2520-QKEG,Female,0,Yes,No,48,No,No phone service,DSL,Yes,No,Yes,Yes,Yes,No,Two year,No,Bank transfer (automatic),62.2,2680.41,No
3694-BEVH,Male,1,Yes,No,27,Yes,Yes,DSL,No,No,No,No,No,Yes,Month-to-month,Yes,Mailed check,63.98,1715.73,No
6457-LMNW,Female,0,Yes,Yes,41,Yes,No,No,No internet service,No internet service,No internet service,No internet service,No internet service,No internet service,Month-to-month,No,Electronic check,25.77,991.78,No
1376-UUCJ,Female,0,Yes,Yes,14,Yes,Yes,DSL,Yes,No,No,No,No,Yes,Month-to-month,Yes,Electronic check,66.82,959.12,Yes
8240-XVHK,Male,0,No,No,1,Yes,No,DSL,Yes,No,No,Yes,No,No,Month-to-month,No,Electronic check,61.97,60.17,Yes
8734-YSRJ,Female,0,No,No,24,Yes,No,Fiber optic,Yes,No,No,No,No,No,Month-to-month,Yes,Mailed check,70.71,1692.07,Yes
4475-WDMS,Female,1,No,No,8,Yes,No,No,No internet service,No internet service,No internet service,No internet service,No internet service,No internet service,One year,Yes,Electronic check,29.44,232.21,No
9683-SFGH,Female,0,Yes,No,24,Yes,Yes,DSL,Yes,No,Yes,Yes,No,No,Month-to-month,Yes,Electronic check,66.49,1434.35,Yes
7424-NRSD,Female,0,No,No,57,Yes,Yes,DSL,No,Yes,Yes,No,No,Yes,One year,Yes,Electronic check,69.49,3915.17,Yes
1533-FTLA,Female,0,Yes,No,37,Yes,Yes,Fiber optic,No,No,Yes,No,No,Yes,One year,Yes,Electronic check,83.91,3077.92,Yes
1901-XFQJ,Female,0,Yes,No,42,Yes,No,No,No internet service,No internet service,No internet service,No internet service,No internet service,No internet service,Two year,No,Electronic check,35.07,1372.02,No
9122-IMCW,Female,0,No,No,44,Yes,Yes,No,No internet service,No internet service,No internet service,No internet service,No internet service,No internet service,One year,Yes,Credit card (automatic),37.78,1662.96,No
5868-QUAV,Male,0,Yes,No,22,No,No phone service,Fiber optic,No,No,No,No,No,Yes,Two year,No,Bank transfer (automatic),75.27,1546.34,No
3083-VHGB,Female,0,Yes,Yes,56,Yes,No,No,No internet service,No internet service,No internet service,No internet service,No internet service,No internet service,One year,No,Credit card (automatic),32.63,1569.75,No
6997-RMHP,Female,0,Yes,No,9,Yes,Yes,Fiber optic,No,Yes,No,Yes,No,No,One year,Yes,Electronic check,92.12,815.43,No
9998-CNEA,Female,1,Yes,No,12,Yes,No,DSL,Yes,Yes,No,No,Yes,No,Two year,Yes,Bank transfer (automatic),70.94,818.07,No
5717-IXMS,Male,0,Yes,Yes,19,Yes,Yes,Fiber optic,No,Yes,Yes,No,No,No,One year,Yes,Electronic check,82.56,1585.09,No
7890-VSVD,Male,0,No,No,10,Yes,No,No,No internet service,No internet service,No internet service,No internet service,No internet service,No internet service,One year,Yes,Mailed check,21.8,207.19,No
9285-AGJR,Male,1,Yes,Yes,29,Yes,No,DSL,Yes,Yes,No,No,No,No,Month-to-month,Yes,Electronic check,70.22,1862.89,Yes
9325-CWZU,Female,1,Yes,No,61,Yes,Yes,DSL,Yes,Yes,No,Yes,No,Yes,Month-to-month,Yes,Mailed check,80.2,4975.4,No
9225-BRJX,Male,0,No,No,21,Yes,No,No,No internet service,No internet service,No internet service,No internet service,No internet service,No internet service,Month-to-month,No,Bank transfer (automatic),27.44,573.55,Yes
7196-JHVR,Female,0,Yes,No,15,Yes,No,Fiber optic,Yes,No,Yes,Yes,No,No,Month-to-month,Yes,Mailed check,96.46,1411.17,No
6636-VREG,Male,0,Yes,No,21,Yes,No,No,No internet service,No internet service,No internet service,No internet service,No internet service,No internet service,Month-to-month,No,Mailed check,28.87,532.47,No
5817-IUEX,Female,0,Yes,No,27,Yes,Yes,Fiber optic,Yes,No,Yes,No,No,No,Month-to-month,Yes,Mailed check,84.24,2100.84,Yes
7618-FSKY,Female,0,Yes,Yes,51,No,No phone service,Fiber optic,Yes,No,Yes,Yes,Yes,No,Two year,Yes,Mailed check,80.71,4034.3,No
6586-IIQX,Male,0,Yes,No,49,Yes,No,DSL,Yes,Yes,No,No,Yes,No,Month-to-month,No,Credit card (automatic),67.51,3076.91,No
7193-FLIJ,Male,0,No,No,21,Yes,No,Fiber optic,Yes,No,Yes,No,Yes,No,Month-to-month,No,Credit card (automatic),94.03,1848.41,No
5559-EIGZ,Female,0,No,No,7,Yes,Yes,Fiber optic,No,No,No,Yes,Yes,Yes,Month-to-month,Yes,Mailed check,98.14,643.63,Yes
8327-ANXM,Male,0,No,No,50,Yes,No,Fiber optic,Yes,Yes,Yes,Yes,Yes,No,Month-to-month,Yes,Credit card (automatic),96.18,4585.19,No
6974-PYKY,Female,0,Yes,No,13,No,No phone service,Fiber optic,Yes,No,No,No,No,Yes,Month-to-month,Yes,Mailed check,78.17,965.11,No
9064-XAFH,Female,0,No,No,66,Yes,No,Fiber optic,No,No,No,No,Yes,No,Month-to-month,No,Electronic check,82.51,5345.74,No
2424-HQJN,Female,0,Yes,No,21,Yes,Yes,DSL,Yes,No,Yes,No,No,Yes,Month-to-month,Yes,Bank transfer (automatic),71.59,1474.72,No
4245-PVQZ,Female,1,Yes,No,37,Yes,No,Fiber optic,No,No,No,No,Yes,No,Month-to-month,No,Electronic check,88.31,3271.66,Yes
6205-IQTG,Female,0,Yes,No,6,Yes,Yes,DSL,Yes,No,No,No,Yes,No,One year,Yes,Bank transfer (automatic),71.73,379.44,Yes
4263-UAHU,Male,0,No,No,56,Yes,No,No,No internet service,No internet service,No internet service,No internet service,No internet service,No internet service,Month-to-month,Yes,Credit card (automatic),23.36,1207.79,No
4231-MFGJ,Female,0,No,No,61,Yes,Yes,DSL,No,No,No,No,No,Yes,Month-to-month,Yes,Mailed check,61.48,3862.56,No
5855-RWPD,Female,0,No,No,60,Yes,No,Fiber optic,No,Yes,No,No,No,No,Month-to-month,Yes,Bank transfer (automatic),75.18,4325.73,Yes
6934-WRWF,Female,0,Yes,No,69,Yes,Yes,Fiber optic,Yes,No,Yes,No,No,Yes,Month-to-month,Yes,Mailed check,98.34,6641.85,No
7844-KEVT,Male,1,Yes,No,52,Yes,No,DSL,No,Yes,No,No,No,No,Month-to-month,Yes,Bank transfer (automatic),47.12,2257.22,Yes
8342-WFMW,Female,0,Yes,No,45,Yes,No,Fiber optic,No,No,No,No,Yes,Yes,Month-to-month,No,Mailed check,85.35,3734.4,No
4380-UZHM,Female,0,Yes,Yes,18,Yes,No,Fiber optic,No,No,Yes,No,Yes,No,Month-to-month,Yes,Bank transfer (automatic),80.47,1369.76,Yes
8062-CHIP,Male,0,Yes,No,66,Yes,No,No,No internet service,No internet service,No internet service,No internet service,No internet service,No internet service,Month-to-month,No,Electronic check,22.5,1448.46,No
5065-SVSG,Male,1,No,Yes,31,No,No phone service,Fiber optic,Yes,Yes,No,Yes,Yes,No,One year,No,Bank transfer (automatic),85.61,2438.92,No
9217-FNNK,Male,1,No,No,20,Yes,No,Fiber optic,Yes,No,No,Yes,No,No,Month-to-month,Yes,Electronic check,86.33,1803.6,No
5001-QCDI,Male,0,Yes,No,34,Yes,Yes,Fiber optic,Yes,Yes,Yes,No,Yes,No,Two year,Yes,Electronic check,98.5,3123.14,No
4971-ZEZC,Female,1,Yes,Yes,47,Yes,No,No,No internet service,No internet service,No internet service,No internet service,No internet service,No internet service,Two year,Yes,Electronic check,31.52,1508.46,No
5167-KGFQ,Female,0,No,No,62,Yes,Yes,No,No internet service,No internet service,No internet service,No internet service,No internet service,No internet service,One year,Yes,Credit card (automatic),27.82,1746.99,No
6306-KOOV,Female,0,Yes,No,34,Yes,No,DSL,No,Yes,No,Yes,No,Yes,Month-to-month,Yes,Electronic check,71.71,2370.54,Yes
3160-ZFQX,Female,0,No,Yes,33,Yes,No,No,No internet service,No internet service,No internet service,No internet service,No internet service,No internet service,One year,Yes,Bank transfer (automatic),32.89,1010.69,No
9832-MGNE,Male,0,No,No,9,Yes,Yes,DSL,No,Yes,Yes,No,Yes,No,Month-to-month,Yes,Electronic check,74.23,674.32,Yes
9354-MDBT,Male,0,Yes,No,26,No,No phone service,Fiber optic,Yes,Yes,Yes,Yes,Yes,Yes,One year,No,Mailed check,97.38,2678.15,Yes
7504-EWOD,Female,1,Yes,No,57,Yes,Yes,Fiber optic,No,No,Yes,Yes,Yes,No,Two year,No,Bank transfer (automatic),91.18,4593.34,No
2721-XSSI,Male,0,Yes,Yes,40,Yes,No,Fiber optic,No,Yes,No,No,Yes,No,Month-to-month,Yes,Electronic check,87.57,3281.07,Yes
6504-IJDR,Female,0,No,No,46,Yes,Yes,No,No internet service,No internet service,No internet service,No internet service,No internet service,No internet service,Month-to-month,Yes,Mailed check,32.69,1425.8,No
2326-AUUS,Male,0,No,Yes,18,No,No phone service,No,No internet service,No internet service,No internet service,No internet service,No internet service,No internet service,Month-to-month,No,Bank transfer (automatic),18.0,312.46,No
4362-VRYF,Male,0,No,Yes,17,Yes,Yes,Fiber optic,Yes,Yes,Yes,No,Yes,No,Month-to-month,Yes,Electronic check,98.58,1654.14,Yes
8040-CERJ,Male,0,Yes,No,26,Yes,Yes,Fiber optic,No,Yes,Yes,Yes,No,No,Month-to-month,No,Electronic check,87.99,2086.75,Yes
4698-IQRB,Female,0,Yes,No,31,Yes,Yes,Fiber optic,Yes,No,Yes,No,No,Yes,Month-to-month,Yes,Electronic check,99.71,2660.96,Yes
3286-NFGD,Female,0,Yes,No,64,Yes,No,No,No internet service,No internet service,No internet service,No internet service,No internet service,No internet service,Two year,Yes,Electronic check,18.84,1190.02,No
1622-IDSC,Female,0,Yes,No,9,Yes,Yes,DSL,No,Yes,No,No,No,Yes,One year,No,Bank transfer (automatic),66.52,590.82,Yes
5029-EKGN,Male,1,No,No,17,Yes,No,DSL,No,Yes,No,Yes,Yes,No,Month-to-month,No,Mailed check,69.0,1154.45,No
3156-XBMJ,Male,0,No,No,52,Yes,No,Fiber optic,Yes,No,No,No,Yes,No,Two year,No,Bank transfer (automatic),87.09,4240.03,No
6272-UZTZ,Male,0,No,No,28,Yes,Yes,Fiber optic,Yes,No,Yes,No,Yes,No,Month-to-month,Yes,Mailed check,95.28,2599.56,No
2487-YZXZ,Female,0,Yes,Yes,29,Yes,No,No,No internet service,No internet service,No internet service,No internet service,No internet service,No internet service,Month-to-month,No,Electronic check,22.94,612.58,No
9751-KQHN,Female,0,No,No,56,Yes,No,DSL,No,Yes,No,Yes,No,Yes,Two year,No,Electronic check,68.34,3440.8,No
5437-FDDF,Male,0,No,Yes,32,Yes,No,Fiber optic,Yes,Yes,No,Yes,No,Yes,Month-to-month,Yes,Credit card (automatic),96.83,3073.29,Yes
4943-RWLP,Male,0,No,No,42,Yes,Yes,Fiber optic,No,No,Yes,Yes,Yes,Yes,One year,Yes,Credit card (automatic),109.34,4197.64,No
3310-JONQ,Male,0,No,No,47,Yes,No,DSL,No,Yes,Yes,No,Yes,Yes,Month-to-month,Yes,Electronic check,76.95,3426.57,Yes
1232-QCCB,Male,0,No,Yes,37,No,No phone service,No,No internet service,No internet service,No internet service,No internet service,No internet service,No internet service,Month-to-month,Yes,Credit card (automatic),18.0,611.86,No
6374-JQPA,Male,0,No,No,26,Yes,Yes,Fiber optic,Yes,No,Yes,No,No,No,Month-to-month,No,Bank transfer (automatic),80.58,2256.25,No
2977-GOJI,Female,0,Yes,Yes,31,Yes,Yes,Fiber optic,No,No,Yes,No,Yes,Yes,One year,Yes,Bank transfer (automatic),99.06,2873.24,No
7087-PLBE,Male,0,Yes,Yes,64,Yes,Yes,Fiber optic,Yes,Yes,No,No,No,No,One year,Yes,Electronic check,91.45,5447.0,No
3732-QPAA,Female,0,No,No,10,Yes,Yes,Fiber optic,No,No,Yes,Yes,Yes,Yes,Month-to-month,Yes,Electronic check,99.07,962.96,Yes
1100-LETU,Male,0,Yes,No,25,Yes,No,Fiber optic,No,Yes,No,No,No,Yes,Month-to-month,No,Mailed check,90.63,2300.48,Yes
6342-GZMQ,Male,0,No,No,13,Yes,No,No,No internet service,No internet service,No internet service,No internet service,No internet service,No internet service,Month-to-month,Yes,Electronic check,24.93,310.14,No
9962-SYKQ,Male,0,No,Yes,54,Yes,No,DSL,No,Yes,No,Yes,No,Yes,Two year,Yes,Credit card (automatic),63.96,3395.02,No
2618-BCDT,Female,1,No,No,15,Yes,Yes,Fiber optic,No,No,Yes,Yes,No,Yes,Month-to-month,Yes,Electronic check,102.04,1477.14,Yes
6642-GLSK,Male,0,No,Yes,57,No,No phone service,DSL,Yes,Yes,Yes,No,Yes,No,Month-to-month,Yes,Credit card (automatic),52.36,3078.75,No
7444-ZVWM,Female,0,No,Yes,57,Yes,No,DSL,No,Yes,No,No,No,No,Month-to-month,No,Electronic check,54.95,2810.8,No
6308-CQGW,Male,0,No,No,25,Yes,Yes,Fiber optic,Yes,No,No,No,No,No,Two year,Yes,Electronic check,84.21,1997.67,No
2819-DJIA,Female,0,No,No,48,Yes,Yes,No,No internet service,No internet service,No internet service,No internet service,No internet service,No internet service,Two year,No,Credit card (automatic),32.61,1545.77,Yes
4278-QOFG,Male,0,No,No,12,Yes,Yes,Fiber optic,No,No,Yes,Yes,No,No,Two year,Yes,Electronic check,85.04,967.83,Yes
4331-OUGM,Female,0,Yes,No,6,Yes,No,Fiber optic,No,No,Yes,No,No,Yes,Two year,Yes,Electronic check,92.84,565.42,Yes
4567-XZIK,Male,0,No,No,37,Yes,No,Fiber optic,Yes,No,No,No,No,Yes,Two year,Yes,Bank transfer (automatic),82.58,2885.51,No
6902-QWKL,Male,0,No,No,55,Yes,No,DSL,Yes,No,Yes,No,Yes,No,Month-to-month,Yes,Electronic check,66.96,3730.4,No
6431-UWAZ,Female,1,Yes,Yes,70,Yes,No,Fiber optic,No,No,Yes,Yes,No,Yes,Month-to-month,No,Electronic check,85.87,5862.67,No
4480-SWUG,Female,0,No,No,3,Yes,No,DSL,Yes,Yes,Yes,No,No,No,One year,Yes,Bank transfer (automatic),62.93,176.67,No
8545-GELH,Female,0,No,Yes,53,Yes,No,DSL,No,No,No,Yes,Yes,No,One year,Yes,Electronic check,61.08,2941.91,No
5952-HYZK,Male,0,No,No,46,Yes,Yes,DSL,Yes,Yes,No,Yes,Yes,Yes,Month-to-month,No,Mailed check,77.85,3680.06,No
6938-EWGN,Male,0,Yes,No,34,Yes,Yes,DSL,No,No,No,Yes,Yes,No,Two year,Yes,Bank transfer (automatic),68.68,2290.29,No
5935-SUCC,Female,0,Yes,No,55,Yes,No,Fiber optic,No,No,Yes,No,Yes,No,Month-to-month,Yes,Electronic check,82.68,4500.73,Yes
9210-RPFI,Male,1,Yes,Yes,22,Yes,No,No,No internet service,No internet service,No internet service,No internet service,No internet service,No internet service,Month-to-month,No,Credit card (automatic),27.42,573.06,Yes
9819-CYOF,Male,1,No,No,37,No,No phone service,DSL,Yes,Yes,Yes,No,Yes,No,Month-to-month,Yes,Credit card (automatic),60.43,2055.36,Yes
4896-DVFP,Female,0,Yes,Yes,30,Yes,No,Fiber optic,No,No,Yes,No,Yes,Yes,Month-to-month,No,Credit card (automatic),84.31,2467.49,Yes
7783-XSGC,Male,0,Yes,No,13,Yes,No,Fiber optic,Yes,No,Yes,Yes,Yes,Yes,Month-to-month,No,Bank transfer (automatic),102.93,1312.87,Yes
7836-IVKJ,Male,0,No,No,26,Yes,Yes,DSL,Yes,Yes,No,No,No,No,Two year,No,Mailed check,59.77,1568.29,No
3701-LOAF,Male,0,No,Yes,56,Yes,No,DSL,No,Yes,No,No,Yes,Yes,Two year,Yes,Credit card (automatic),59.97,2996.82,No
8170-XAUB,Male,0,No,Yes,42,Yes,Yes,Fiber optic,Yes,Yes,Yes,No,No,Yes,Two year,Yes,Mailed check,102.02,4159.62,No
5618-VETP,Male,0,No,Yes,31,Yes,Yes,Fiber optic,No,No,Yes,No,No,Yes,Month-to-month,Yes,Electronic check,90.35,2627.89,No
7868-DOMD,Male,0,No,No,28,Yes,Yes,DSL,No,No,No,Yes,Yes,Yes,Month-to-month,No,Credit card (automatic),73.82,2006.67,No
1069-DNXE,Male,0,No,No,9,No,No phone service,Fiber optic,Yes,Yes,No,No,Yes,Yes,Two year,Yes,Mailed check,87.35,740.18,No
8911-NAXI,Female,1,Yes,No,9,Yes,Yes,DSL,No,No,No,Yes,No,No,Two year,Yes,Electronic check,61.53,550.17,No
3893-UCFL,Male,0,Yes,No,54,Yes,No,Fiber optic,Yes,No,No,No,No,No,Month-to-month,Yes,Mailed check,78.3,3805.07,No
3478-UUND,Male,0,Yes,No,33,Yes,No,DSL,Yes,No,Yes,No,No,Yes,One year,Yes,Mailed check,66.21,1998.45,No
2134-SSBL,Male,0,No,Yes,38,Yes,No,No,No internet service,No internet service,No internet service,No internet service,No internet service,No internet service,One year,Yes,Credit card (automatic),25.19,868.49,No
3913-MOGI,Female,0,Yes,Yes,17,Yes,No,Fiber optic,No,Yes,No,No,Yes,No,One year,No,Electronic check,83.18,1363.77,No
9275-LKGI,Male,1,No,Yes,23,Yes,No,DSL,Yes,No,Yes,Yes,No,No,Month-to-month,Yes,Electronic check,64.04,1415.56,No
3557-FFBP,Male,0,Yes,No,35,Yes,Yes,Fiber optic,No,No,Yes,Yes,Yes,Yes,Month-to-month,Yes,Bank transfer (automatic),103.42,3539.36,No
3884-BJCE,Female,0,No,No,48,Yes,Yes,DSL,No,No,Yes,Yes,Yes,No,Month-to-month,Yes,Electronic check,67.5,3085.99,Yes
4225-MKJZ,Male,0,No,No,8,Yes,No,DSL,No,No,Yes,No,No,Yes,Month-to-month,Yes,Mailed check,57.92,429.0,Yes
8276-GUQC,Male,0,Yes,No,24,Yes,Yes,Fiber optic,Yes,No,No,Yes,No,Yes,Month-to-month,No,Electronic check,87.75,2003.16,No
9469-AKRT,Male,0,No,Yes,6,Yes,Yes,DSL,No,Yes,No,No,Yes,Yes,Two year,Yes,Mailed check,75.04,424.17,No
4219-TRYB,Male,1,No,No,13,No,No phone service,DSL,No,Yes,No,Yes,No,No,Two year,No,Credit card (automatic),56.1,688.27,No
9114-TQTV,Female,1,No,Yes,55,Yes,No,No,No internet service,No internet service,No internet service,No internet service,No internet service,No internet service,Two year,No,Electronic check,28.23,1470.72,No
8454-CLQX,Female,0,No,No,45,Yes,No,Fiber optic,No,No,Yes,No,No,Yes,Month-to-month,Yes,Credit card (automatic),87.28,3742.5,Yes
3981-BPBS,Male,0,No,No,40,Yes,Yes,No,No internet service,No internet service,No internet service,No internet service,No internet service,No internet service,Two year,Yes,Electronic check,30.11,1127.77,No
3671-DPZC,Female,0,No,No,5,Yes,No,No,No internet service,No internet service,No internet service,No internet service,No internet service,No internet service,Month-to-month,No,Mailed check,28.36,140.15,Yes
5002-FXZG,Male,0,Yes,Yes,48,Yes,Yes,Fiber optic,No,No,No,No,No,No,Month-to-month,Yes,Bank transfer (automatic),74.71,3492.6,No
7323-MVOU,Female,1,No,Yes,38,Yes,No,Fiber optic,No,Yes,Yes,No,Yes,No,Two year,Yes,Electronic check,87.31,3331.22,No
3137-KEUP,Female,0,No,No,0,Yes,Yes,Fiber optic,No,No,No,Yes,No,No,Month-to-month,No,Mailed check,77.92,,Yes
2127-KGCZ,Male,0,No,Yes,13,Yes,Yes,No,No internet service,No internet service,No internet service,No internet service,No internet service,No internet service,Month-to-month,Yes,Electronic check,21.07,266.02,No
4838-RHLE,Female,0,Yes,No,5,Yes,No,Fiber optic,No,No,Yes,Yes,Yes,No,One year,Yes,Credit card (automatic),91.1,449.44,No
5707-NSZK,Male,0,Yes,No,13,Yes,No,DSL,Yes,No,Yes,No,Yes,No,Month-to-month,Yes,Bank transfer (automatic),69.51,865.53,Yes
7292-UKXM,Male,0,No,No,67,Yes,No,Fiber optic,Yes,No,No,Yes,No,Yes,Two year,Yes,Credit card (automatic),93.08,5481.66,No
1756-ZFTP,Male,0,Yes,No,64,Yes,Yes,Fiber optic,No,No,Yes,Yes,Yes,No,Month-to-month,Yes,Credit card (automatic),95.99,5636.13,No
8095-WNKX,Male,0,Yes,No,62,Yes,No,Fiber optic,No,Yes,Yes,No,Yes,No,Two year,Yes,Mailed check,86.13,5251.34,No
7618-SNVS,Female,0,No,No,5,Yes,Yes,No,No internet service,No internet service,No internet service,No internet service,No internet service,No internet service,Month-to-month,Yes,Mailed check,36.04,167.21,No
8578-UMWQ,Male,1,No,No,38,Yes,No,DSL,No,No,No,Yes,No,Yes,Month-to-month,No,Electronic check,67.88,2393.57,Yes
8454-ZHKN,Male,0,Yes,No,28,Yes,No,Fiber optic,No,No,No,Yes,Yes,No,Month-to-month,Yes,Electronic check,83.52,2318.31,No
2047-MEKC,Male,0,Yes,No,53,No,No phone service,DSL,No,No,No,Yes,Yes,Yes,Two year,Yes,Electronic check,59.86,3054.73,No
9118-PMKH,Female,0,Yes,No,26,No,No phone service,Fiber optic,No,Yes,No,No,No,Yes,Month-to-month,Yes,Electronic check,78.19,1844.52,Yes
4370-DUPH,Female,0,No,No,47,Yes,No,DSL,No,No,No,Yes,No,No,One year,Yes,Mailed check,58.62,2762.63,No
5228-HLCZ,Female,0,Yes,No,14,Yes,No,Fiber optic,No,Yes,No,No,No,No,One year,No,Electronic check,80.74,1024.42,No
4936-IKSS,Female,0,No,Yes,14,Yes,Yes,DSL,Yes,No,No,Yes,Yes,Yes,Two year,Yes,Bank transfer (automatic),67.28,866.38,No
6217-LXPY,Female,1,No,No,67,Yes,Yes,DSL,Yes,No,Yes,No,Yes,Yes,Month-to-month,Yes,Electronic check,80.33,5021.66,No
2731-SCCC,Male,1,No,No,49,Yes,No,No,No internet service,No internet service,No internet service,No internet service,No internet service,No internet service,Month-to-month,No,Bank transfer (automatic),33.49,1572.18,No
5341-AISN,Female,0,No,Yes,0,Yes,No,Fiber optic,No,Yes,Yes,Yes,Yes,Yes,Month-to-month,No,Credit card (automatic),102.11,0.0,No
3860-BWTE,Male,0,No,No,41,Yes,No,DSL,Yes,Yes,No,No,Yes,No,One year,No,Bank transfer (automatic),67.61,2769.46,No
5329-YQHP,Female,0,No,No,43,Yes,No,DSL,No,No,No,Yes,No,No,One year,No,Electronic check,57.47,2445.15,No
8631-VZUW,Male,0,Yes,No,18,Yes,No,DSL,Yes,No,No,No,Yes,Yes,Month-to-month,Yes,Electronic check,67.14,1171.35,Yes
4049-OBAV,Male,0,No,No,31,Yes,No,DSL,No,No,No,Yes,Yes,No,Month-to-month,Yes,Electronic check,65.45,1866.98,No
3147-PULD,Male,0,No,No,60,Yes,No,Fiber optic,Yes,No,No,No,Yes,Yes,Month-to-month,No,Credit card (automatic),90.02,5027.43,Yes
3662-IFMF,Female,0,Yes,Yes,2,Yes,No,Fiber optic,Yes,Yes,Yes,No,No,Yes,Month-to-month,Yes,Credit card (automatic),93.94,188.29,Yes
2678-BWVE,Male,0,No,No,27,Yes,No,DSL,Yes,No,No,Yes,No,Yes,Month-to-month,No,Bank transfer (automatic),64.86,1636.16,Yes
1321-OWRO,Male,0,Yes,No,32,Yes,No,No,No internet service,No internet service,No internet service,No internet service,No internet service,No internet service,Month-to-month,No,Credit card (automatic),22.82,711.15,No
1756-FLFZ,Male,0,No,No,20,No,No phone service,DSL,No,No,No,No,No,Yes,Month-to-month,No,Bank transfer (automatic),53.85,1035.86,No
3494-UPNA,Female,1,No,No,22,Yes,Yes,Fiber optic,No,No,No,No,Yes,Yes,Month-to-month,No,Electronic check,84.88,1900.94,Yes
6699-YOIX,Female,0,Yes,No,40,Yes,No,DSL,No,Yes,No,No,Yes,Yes,Month-to-month,No,Electronic check,71.82,2862.85,Yes
8636-FRNI,Male,0,No,No,22,Yes,No,DSL,Yes,No,No,Yes,Yes,Yes,Two year,No,Credit card (automatic),80.36,1746.52,No
5265-OEOB,Male,0,No,No,34,Yes,Yes,Fiber optic,No,Yes,No,Yes,No,No,Month-to-month,No,Electronic check,90.58,2925.29,Yes
4560-ZSVJ,Female,0,Yes,No,37,Yes,Yes,Fiber optic,No,No,No,No,No,Yes,Month-to-month,No,Bank transfer (automatic),83.7,2969.32,Yes
7079-QUXH,Female,0,No,No,26,Yes,No,Fiber optic,No,No,No,No,No,Yes,One year,Yes,Bank transfer (automatic),77.86,1982.91,No
7758-PKSO,Male,0,No,Yes,39,No,No phone service,Fiber optic,Yes,No,No,Yes,Yes,No,One year,No,Electronic check,83.54,2916.3,No
8709-MFMJ,Male,0,No,No,64,Yes,No,DSL,No,Yes,No,No,No,No,Month-to-month,No,Bank transfer (automatic),58.96,3653.66,No
2126-LGSB,Female,0,No,Yes,12,Yes,No,Fiber optic,Yes,No,No,Yes,No,No,Month-to-month,No,Electronic check,84.67,1019.77,No
7508-SMUY,Female,0,Yes,No,7,Yes,Yes,Fiber optic,No,Yes,No,No,No,No,Month-to-month,Yes,Bank transfer (automatic),83.84,568.22,Yes
5409-ILDN,Male,0,Yes,Yes,2,Yes,No,DSL,No,No,No,Yes,No,Yes,One year,Yes,Electronic check,58.0,108.81,No
9741-XGSZ,Male,0,No,No,70,No,No phone service,DSL,No,No,No,Yes,Yes,Yes,One year,Yes,Bank transfer (automatic),67.97,4665.39,No
8240-VENM,Female,0,Yes,No,35,Yes,No,No,No internet service,No internet service,No internet service,No internet service,No internet service,No internet service,Month-to-month,Yes,Mailed check,24.76,855.43,No
5388-LNQO,Female,1,Yes,Yes,9,Yes,No,Fiber optic,Yes,Yes,No,No,Yes,No,Month-to-month,Yes,Bank transfer (automatic),81.4,724.93,No
3371-FBER,Female,0,Yes,No,10,Yes,Yes,Fiber optic,No,No,No,No,No,Yes,Month-to-month,No,Credit card (automatic),83.99,781.99,Yes
4360-EUUR,Female,0,Yes,No,49,Yes,Yes,DSL,Yes,No,Yes,No,Yes,No,Month-to-month,Yes,Bank transfer (automatic),64.47,3073.24,No
4824-CNBX,Male,0,Yes,No,61,Yes,No,Fiber optic,No,No,Yes,No,Yes,Yes,One year,No,Electronic check,98.65,5892.93,No
5938-IADQ,Male,0,No,No,32,Yes,Yes,Fiber optic,Yes,Yes,Yes,No,No,No,Month-to-month,No,Electronic check,85.89,2698.96,Yes
1482-GMBG,Male,0,Yes,No,48,Yes,Yes,Fiber optic,No,Yes,No,Yes,Yes,No,Month-to-month,No,Credit card (automatic),91.71,3943.93,Yes
2621-XSGT,Male,0,No,No,12,Yes,Yes,DSL,Yes,Yes,Yes,No,No,Yes,Month-to-month,Yes,Mailed check,73.97,814.96,Yes
2077-TSIJ,Female,0,No,Yes,16,Yes,Yes,Fiber optic,No,No,Yes,Yes,No,Yes,Month-to-month,Yes,Electronic check,95.41,1474.55,Yes
9961-OREF,Male,0,Yes,No,4,Yes,No,DSL,No,Yes,No,Yes,Yes,No,Two year,Yes,Electronic check,75.99,275.13,No
1927-MHIP,Male,0,Yes,No,67,Yes,No,No,No internet service,No internet service,No internet service,No internet service,No internet service,No internet service,Month-to-month,Yes,Electronic check,25.91,1733.5,No
4655-WDTX,Female,0,Yes,No,36,Yes,No,DSL,No,Yes,Yes,No,No,Yes,Two year,Yes,Bank transfer (automatic),71.22,2494.8,No
8806-KRPM,Male,0,Yes,Yes,27,No,No phone service,DSL,Yes,Yes,Yes,Yes,No,Yes,Month-to-month,Yes,Mailed check,65.67,1713.94,No
1967-PAUN,Male,0,No,Yes,40,Yes,No,Fiber optic,Yes,No,Yes,No,No,Yes,One year,Yes,Bank transfer (automatic),92.22,3372.05,No
7349-HZOE,Male,0,No,Yes,62,Yes,No,Fiber optic,Yes,No,No,No,No,Yes,One year,No,Credit card (automatic),75.05,4479.14,No
3221-QUKN,Male,0,Yes,No,16,No,No phone service,DSL,No,No,No,No,No,No,Month-to-month,Yes,Mailed check,34.37,505.14,No
6343-FBLV,Female,0,Yes,Yes,69,Yes,Yes,DSL,Yes,Yes,No,Yes,Yes,Yes,Month-to-month,No,Credit card (automatic),85.36,5592.18,No
6948-DXRE,Female,0,Yes,No,13,Yes,Yes,DSL,No,No,No,No,Yes,No,One year,No,Mailed check,58.4,781.64,No
9101-ERVB,Male,0,No,No,8,No,No phone service,DSL,No,No,No,No,Yes,No,Two year,Yes,Electronic check,44.24,333.59,No
6757-VJLC,Female,0,Yes,No,18,Yes,No,Fiber optic,No,No,Yes,Yes,No,No,Month-to-month,No,Electronic check,80.58,1464.96,Yes
8911-FVUC,Female,0,Yes,No,20,Yes,No,DSL,No,No,Yes,No,No,Yes,Month-to-month,Yes,Credit card (automatic),60.16,1138.92,Yes
4384-KOJC,Female,0,Yes,No,13,Yes,No,Fiber optic,No,No,No,Yes,No,Yes,Two year,Yes,Mailed check,84.55,978.29,No
6742-KVKX,Female,0,No,Yes,19,Yes,Yes,Fiber optic,No,Yes,No,Yes,Yes,No,Month-to-month,Yes,Mailed check,91.79,1692.69,Yes
3522-MWKW,Female,0,Yes,No,9,Yes,No,Fiber optic,Yes,No,No,No,No,Yes,Month-to-month,Yes,Credit card (automatic),82.56,721.7,No
9839-DXYX,Female,1,Yes,Yes,40,Yes,Yes,DSL,No,No,No,No,Yes,No,Two year,No,Electronic check,64.14,2654.31,No
8003-EIBF,Female,0,Yes,No,30,Yes,No,No,No internet service,No internet service,No internet service,No internet service,No internet service,No internet service,Month-to-month,Yes,Electronic check,29.94,847.15,No
8972-WZGR,Male,0,No,No,19,Yes,Yes,No,No internet service,No internet service,No internet service,No internet service,No internet service,No internet service,Month-to-month,No,Bank transfer (automatic),34.48,618.39,No
3033-TLSQ,Male,0,No,Yes,58,Yes,No,DSL,Yes,Yes,Yes,Yes,Yes,Yes,Two year,Yes,Bank transfer (automatic),82.11,4455.04,No
8587-KQTU,Female,1,Yes,Yes,32,Yes,No,Fiber optic,No,Yes,No,Yes,No,No,Month-to-month,No,Mailed check,80.82,2571.87,No
8960-NDCA,Male,0,No,No,27,Yes,Yes,DSL,Yes,Yes,No,No,Yes,No,Month-to-month,Yes,Bank transfer (automatic),69.89,1804.29,No
5382-AHVY,Female,0,Yes,Yes,17,Yes,No,DSL,No,Yes,No,Yes,No,No,One year,Yes,Mailed check,53.07,896.88,Yes
1521-VUGX,Male,0,Yes,No,28,Yes,No,Fiber optic,No,Yes,Yes,No,No,No,Month-to-month,Yes,Credit card (automatic),80.76,2128.46,No
2630-USYL,Female,0,Yes,No,44,Yes,Yes,No,No internet service,No internet service,No internet service,No internet service,No internet service,No internet service,Two year,Yes,Credit card (automatic),23.99,1036.26,No
8370-WFEY,Male,1,No,No,56,Yes,No,Fiber optic,No,No,No,Yes,No,Yes,Month-to-month,No,Electronic check,83.33,4638.68,No
4518-UMLM,Male,0,Yes,Yes,8,Yes,No,Fiber optic,No,Yes,Yes,No,No,No,Month-to-month,No,Electronic check,82.68,592.76,Yes
6649-BPXZ,Female,1,Yes,No,40,Yes,Yes,Fiber optic,No,No,No,Yes,Yes,No,Month-to-month,No,Electronic check,90.45,3244.35,No
5992-JWST,Female,0,No,Yes,8,Yes,Yes,DSL,Yes,Yes,Yes,Yes,Yes,No,One year,Yes,Mailed check,78.99,574.56,No
2094-YAAN,Female,0,Yes,No,61,Yes,No,Fiber optic,Yes,Yes,Yes,Yes,No,No,One year,No,Mailed check,93.07,5370.9,No
7327-UJVW,Female,0,No,Yes,43,Yes,Yes,DSL,No,No,Yes,No,No,No,Two year,Yes,Credit card (automatic),68.72,2782.46,No
4743-IVCE,Male,0,No,No,29,Yes,Yes,Fiber optic,No,No,Yes,No,No,Yes,Two year,Yes,Bank transfer (automatic),85.1,2356.99,No
3962-WXRJ,Male,0,No,No,30,Yes,Yes,Fiber optic,No,Yes,Yes,Yes,Yes,Yes,One year,No,Credit card (automatic),108.88,3030.02,No
2306-UXIM,Male,0,Yes,No,36,Yes,No,Fiber optic,Yes,No,No,Yes,No,Yes,One year,No,Electronic check,92.41,3153.67,No
2449-JMJN,Female,0,No,No,12,No,No phone service,DSL,No,No,No,Yes,No,Yes,Two year,No,Mailed check,57.13,657.07,No
6893-KNIK,Female,0,No,No,56,Yes,Yes,Fiber optic,No,Yes,Yes,Yes,No,No,One year,Yes,Bank transfer (automatic),92.64,5060.69,Yes
5787-ZHBP,Female,0,Yes,No,68,Yes,Yes,No,No internet service,No internet service,No internet service,No internet service,No internet service,No internet service,Month-to-month,Yes,Electronic check,37.35,2525.7,Yes
3598-KTKX,Male,0,No,Yes,31,Yes,Yes,No,No internet service,No internet service,No internet service,No internet service,No internet service,No internet service,Two year,Yes,Bank transfer (automatic),36.38,1096.22,No
9855-HPIF,Male,0,No,No,49,Yes,No,Fiber optic,No,No,Yes,No,No,Yes,Month-to-month,Yes,Bank transfer (automatic),83.94,3823.7,Yes
5770-PBMT,Female,0,Yes,No,17,No,No phone service,DSL,Yes,Yes,No,No,No,Yes,Month-to-month,No,Mailed check,61.6,975.84,Yes
3683-JPKT,Female,0,Yes,No,49,Yes,Yes,DSL,Yes,No,No,No,No,No,Month-to-month,Yes,Electronic check,65.49,3149.47,Yes
9845-XFYV,Female,0,Yes,Yes,39,Yes,No,No,No internet service,No internet service,No internet service,No internet service,No internet service,No internet service,Month-to-month,No,Bank transfer (automatic),20.36,724.92,No
5144-XLMP,Male,0,No,Yes,5,Yes,No,DSL,No,No,Yes,No,Yes,No,Month-to-month,Yes,Credit card (automatic),60.37,276.86,Yes
1747-UUEA,Male,0,Yes,No,64,No,No phone service,Fiber optic,Yes,No,No,No,No,No,One year,Yes,Bank transfer (automatic),64.56,3970.54,No
6125-WPLN,Male,0,No,No,52,Yes,Yes,Fiber optic,Yes,Yes,No,No,Yes,No,Two year,No,Bank transfer (automatic),88.34,4228.94,Yes
5517-CLFE,Male,0,Yes,No,15,Yes,No,Fiber optic,Yes,Yes,No,No,No,No,Month-to-month,Yes,Credit card (automatic),78.49,1173.42,Yes
5535-XBSU,Female,0,No,No,29,Yes,No,No,No internet service,No internet service,No internet service,No internet service,No internet service,No internet service,Two year,No,Mailed check,26.39,673.09,No
8115-CLXN,Female,1,No,No,18,Yes,Yes,Fiber optic,Yes,No,Yes,Yes,No,Yes,One year,Yes,Electronic check,94.81,1588.5,Yes
5311-QOVJ,Female,0,Yes,No,38,Yes,No,Fiber optic,No,No,Yes,No,Yes,No,Two year,Yes,Electronic check,89.53,3391.23,No
8165-JBIK,Female,1,Yes,No,25,Yes,No,Fiber optic,Yes,No,Yes,Yes,No,Yes,Two year,No,Electronic check,90.61,2246.08,No
4848-QBCK,Male,0,No,Yes,40,Yes,No,DSL,Yes,No,No,No,Yes,No,Month-to-month,Yes,Credit card (automatic),62.19,2479.18,No
9100-FRTN,Female,0,No,No,60,Yes,Yes,No,No internet service,No internet service,No internet service,No internet service,No internet service,No internet service,One year,No,Electronic check,32.47,1887.65,No
9065-ODYB,Female,0,Yes,Yes,59,Yes,Yes,Fiber optic,Yes,No,No,No,No,No,Month-to-month,Yes,Electronic check,87.62,4860.7,Yes
8816-XZPT,Male,0,Yes,Yes,2,Yes,Yes,DSL,Yes,No,Yes,Yes,No,Yes,Two year,Yes,Electronic check,77.82,150.62,No
1611-KBHJ,Female,0,Yes,No,60,Yes,No,Fiber optic,Yes,No,No,No,Yes,Yes,Month-to-month,Yes,Credit card (automatic),92.8,5441.83,Yes
2609-YMCV,Male,0,Yes,No,60,Yes,Yes,DSL,No,No,Yes,No,No,No,Month-to-month,Yes,Electronic check,66.25,3961.02,No
4370-EQPP,Male,0,No,No,41,Yes,No,Fiber optic,Yes,Yes,Yes,No,Yes,No,Two year,Yes,Electronic check,90.32,3446.08,No
1410-VLSR,Female,0,No,No,59,Yes,Yes,Fiber optic,No,No,Yes,Yes,No,Yes,One year,Yes,Mailed check,88.04,5048.01,No
5274-SGSA,Male,0,No,Yes,33,Yes,No,DSL,Yes,No,Yes,Yes,Yes,No,Two year,Yes,Electronic check,65.61,1978.43,No
9380-HCGD,Male,0,Yes,Yes,43,Yes,No,Fiber optic,No,Yes,No,No,Yes,Yes,Two year,No,Bank transfer (automatic),89.52,3563.84,No
1588-JDCT,Female,0,No,No,48,Yes,No,Fiber optic,Yes,Yes,No,No,No,No,Month-to-month,Yes,Electronic check,85.32,3699.4,Yes
6259-WQCI,Female,0,No,No,31,Yes,Yes,No,No internet service,No internet service,No internet service,No internet service,No internet service,No internet service,One year,Yes,Bank transfer (automatic),26.13,760.1,No
6448-PPSZ,Female,0,Yes,Yes,57,Yes,Yes,DSL,No,No,Yes,No,No,Yes,Month-to-month,No,Credit card (automatic),70.49,3953.69,No
7303-NPMU,Female,1,Yes,Yes,9,Yes,No,DSL,Yes,No,No,No,Yes,Yes,Month-to-month,Yes,Bank transfer (automatic),64.72,510.83,Yes
4419-BLDO,Male,0,No,Yes,43,Yes,Yes,Fiber optic,No,No,No,Yes,Yes,No,Two year,No,Electronic check,91.9,3807.02,Yes
8557-FLSK,Female,0,Yes,No,22,Yes,Yes,Fiber optic,Yes,No,No,No,Yes,Yes,Two year,Yes,Credit card (automatic),94.93,1957.31,No
2657-QIFL,Male,1,Yes,No,40,Yes,Yes,Fiber optic,Yes,No,No,No,No,Yes,One year,Yes,Bank transfer (automatic),92.07,3633.09,No
8361-DBCJ,Male,0,Yes,No,39,Yes,Yes,No,No internet service,No internet service,No internet service,No internet service,No internet service,No internet service,Month-to-month,Yes,Electronic check,33.64,1307.7,Yes
4275-YEEW,Male,0,Yes,Yes,28,Yes,No,DSL,No,Yes,Yes,No,Yes,Yes,Month-to-month,Yes,Bank transfer (automatic),72.23,2017.03,No
2344-XRSN,Female,0,Yes,No,13,Yes,No,No,No internet service,No internet service,No internet service,No internet service,No internet service,No internet service,Two year,No,Electronic check,28.69,334.63,No
3095-ZQYR,Male,0,No,No,39,Yes,No,DSL,Yes,Yes,Yes,No,No,Yes,Month-to-month,Yes,Credit card (automatic),70.44,2742.81,Yes
8484-OSED,Female,0,Yes,No,23,Yes,Yes,Fiber optic,Yes,No,No,No,Yes,No,Month-to-month,No,Bank transfer (automatic),93.71,2154.11,Yes
6479-LADL,Male,0,No,No,39,Yes,Yes,Fiber optic,No,No,Yes,Yes,No,No,Month-to-month,Yes,Electronic check,87.52,3229.83,Yes
9208-KNMR,Female,0,Yes,No,30,Yes,No,DSL,Yes,No,Yes,Yes,Yes,No,Two year,Yes,Mailed check,74.95,1960.94,No
1373-KQUP,Male,0,Yes,No,27,Yes,No,DSL,Yes,No,No,No,Yes,Yes,Month-to-month,Yes,Credit card (automatic),64.19,1759.23,Yes
4231-MMGI,Male,0,Yes,Yes,22,Yes,Yes,No,No internet service,No internet service,No internet service,No internet service,No internet service,No internet service,Month-to-month,Yes,Bank transfer (automatic),25.63,505.51,No
8183-YIPG,Female,0,No,No,31,Yes,No,No,No internet service,No internet service,No internet service,No internet service,No internet service,No internet service,Two year,Yes,Credit card (automatic),30.36,856.97,No
9457-MRLW,Male,0,No,No,31,Yes,No,DSL,No,No,No,No,No,Yes,One year,Yes,Bank transfer (automatic),62.5,1810.84,No
7846-RFJW,Male,0,Yes,No,22,Yes,Yes,Fiber optic,No,No,No,No,Yes,No,Two year,Yes,Electronic check,81.89,1757.46,No
3333-FIBD,Female,0,No,No,62,Yes,Yes,DSL,Yes,Yes,Yes,No,No,Yes,One year,No,Electronic check,71.99,4243.86,No
4451-KBTB,Male,0,No,No,58,No,No phone service,Fiber optic,No,No,Yes,No,No,No,Two year,Yes,Mailed check,75.2,4232.24,No
9182-GTYN,Female,0,Yes,No,25,Yes,Yes,Fiber optic,Yes,Yes,No,No,No,No,Month-to-month,Yes,Bank transfer (automatic),89.61,2124.92,Yes
3203-JXUW,Female,0,Yes,Yes,20,Yes,Yes,No,No internet service,No internet service,No internet service,No internet service,No internet service,No internet service,Month-to-month,No,Credit card (automatic),30.89,588.61,No
4790-DCUC,Male,0,No,No,63,Yes,Yes,DSL,Yes,Yes,No,No,No,Yes,One year,Yes,Bank transfer (automatic),73.55,4557.03,No
6882-JSQL,Female,0,Yes,Yes,54,Yes,Yes,Fiber optic,Yes,No,Yes,No,No,No,Month-to-month,No,Bank transfer (automatic),92.61,5032.35,No
8095-RITF,Male,0,Yes,No,72,Yes,No,No,No internet service,No internet service,No internet service,No internet service,No internet service,No internet service,Month-to-month,Yes,Electronic check,21.82,1477.57,No
4452-HWMD,Female,0,Yes,Yes,53,No,No phone service,DSL,No,Yes,Yes,Yes,No,Yes,One year,Yes,Mailed check,69.72,3421.58,No
9001-FUGH,Female,0,Yes,No,55,No,No phone service,Fiber optic,Yes,No,Yes,No,Yes,Yes,Month-to-month,Yes,Electronic check,84.97,4582.37,Yes
4189-GBUI,Male,0,Yes,Yes,34,Yes,No,DSL,No,Yes,No,No,Yes,No,Two year,Yes,Electronic check,57.76,1859.23,No
7401-KKLZ,Male,0,No,No,7,Yes,Yes,DSL,Yes,Yes,No,Yes,Yes,Yes,Month-to-month,No,Credit card (automatic),78.22,522.75,No
1743-BYRA,Male,0,No,No,18,Yes,Yes,Fiber optic,Yes,No,Yes,Yes,Yes,Yes,Month-to-month,No,Credit card (automatic),103.01,1860.33,No
4836-FUFN,Female,0,No,Yes,55,Yes,Yes,Fiber optic,Yes,Yes,No,No,Yes,No,Month-to-month,No,Mailed check,97.54,5134.9,Yes
2274-JFGD,Female,0,Yes,No,16,Yes,Yes,No,No internet service,No internet service,No internet service,No internet service,No internet service,No internet service,Month-to-month,Yes,Bank transfer (automatic),23.79,387.17,Yes
8261-TIUQ,Female,1,No,Yes,1,Yes,Yes,DSL,No,No,Yes,Yes,Yes,No,Two year,Yes,Mailed check,71.68,63.81,Yes
8431-KDCN,Female,0,No,No,47,Yes,No,Fiber optic,No,No,No,No,Yes,Yes,One year,Yes,Mailed check,81.84,3688.97,Yes
2527-HGPJ,Female,0,Yes,No,39,Yes,Yes,DSL,No,No,No,No,No,No,One year,No,Mailed check,56.17,1976.97,No
9575-JUPI,Male,1,No,No,10,Yes,No,No,No internet service,No internet service,No internet service,No internet service,No internet service,No internet service,Two year,Yes,Bank transfer (automatic),24.12,212.58,No
7511-WWYS,Female,0,Yes,No,33,Yes,Yes,DSL,No,Yes,No,No,No,Yes,Month-to-month,Yes,Electronic check,69.23,2221.25,No
4959-HTTS,Male,0,Yes,No,34,Yes,Yes,DSL,No,No,Yes,Yes,No,Yes,Month-to-month,No,Bank transfer (automatic),76.69,2752.53,No
4720-ONRT,Male,0,No,No,20,Yes,Yes,DSL,No,No,No,No,No,No,Month-to-month,No,Bank transfer (automatic),49.2,954.12,No
2694-KDVR,Male,0,No,No,21,Yes,Yes,Fiber optic,Yes,Yes,Yes,Yes,Yes,No,Month-to-month,No,Electronic check,105.03,2097.24,Yes
6785-EGNC,Female,0,No,No,57,Yes,No,Fiber optic,No,Yes,Yes,Yes,Yes,No,One year,No,Bank transfer (automatic),97.44,5249.82,No
1423-TGXR,Female,0,No,No,6,Yes,No,No,No internet service,No internet service,No internet service,No internet service,No internet service,No internet service,One year,Yes,Bank transfer (automatic),27.04,154.66,No
6914-IKUP,Female,0,Yes,Yes,17,Yes,Yes,No,No internet service,No internet service,No internet service,No internet service,No internet service,No internet service,Two year,Yes,Credit card (automatic),36.3,599.19,No
6015-OZIH,Male,0,Yes,No,54,Yes,Yes,Fiber optic,Yes,No,Yes,Yes,Yes,Yes,Month-to-month,Yes,Mailed check,107.28,5515.05,Yes
7626-GABN,Female,0,Yes,Yes,35,Yes,No,DSL,No,No,No,Yes,Yes,No,Month-to-month,Yes,Mailed check,66.31,2193.96,No
8397-EOIW,Male,0,Yes,No,49,Yes,No,No,No internet service,No internet service,No internet service,No internet service,No internet service,No internet service,One year,No,Electronic check,28.06,1296.16,No
8036-BUDY,Male,1,Yes,No,18,Yes,Yes,No,No internet service,No internet service,No internet service,No internet service,No internet service,No internet service,Two year,Yes,Bank transfer (automatic),32.42,543.8,No
8324-GZLE,Male,0,Yes,Yes,37,No,No phone service,Fiber optic,No,No,No,Yes,No,Yes,Month-to-month,Yes,Bank transfer (automatic),77.09,2817.93,No
6121-CKDS,Male,0,No,No,67,Yes,Yes,Fiber optic,Yes,No,Yes,No,Yes,Yes,Month-to-month,Yes,Credit card (automatic),92.71,5885.28,No
9613-WZMY,Female,0,No,Yes,44,No,No phone service,Fiber optic,No,Yes,No,Yes,Yes,No,Two year,No,Credit card (automatic),77.67,3600.06,No
5123-STGL,Female,0,No,No,31,Yes,No,DSL,Yes,No,Yes,No,Yes,No,Month-to-month,Yes,Mailed check,66.51,1902.3,No
5855-ZMCP,Male,0,Yes,No,45,Yes,No,No,No internet service,No internet service,No internet service,No internet service,No internet service,No internet service,One year,No,Electronic check,26.62,1178.52,No
2476-JHOT,Male,1,No,No,17,Yes,Yes,DSL,No,No,Yes,Yes,No,Yes,One year,Yes,Credit card (automatic),70.57,1203.96,Yes
3922-VPKM,Male,0,No,No,55,Yes,No,Fiber optic,Yes,No,No,No,No,No,Month-to-month,No,Credit card (automatic),77.81,3841.49,No
3134-BKUJ,Male,0,Yes,No,39,Yes,No,DSL,Yes,No,Yes,Yes,No,No,Month-to-month,Yes,Credit card (automatic),58.68,2101.54,No
8386-CDOA,Female,1,No,No,64,Yes,Yes,Fiber optic,No,No,No,No,Yes,Yes,Month-to-month,Yes,Electronic check,94.35,5748.43,No
3408-HTNO,Female,1,Yes,No,12,Yes,Yes,Fiber optic,No,Yes,Yes,Yes,No,No,Month-to-month,No,Credit card (automatic),90.61,1025.53,Yes
3260-UEVQ,Male,0,No,No,24,Yes,No,Fiber optic,No,Yes,No,Yes,Yes,No,Month-to-month,Yes,Credit card (automatic),87.21,2164.67,Yes
7440-JFWB,Female,0,Yes,Yes,24,No,No phone service,No,No internet service,No internet service,No internet service,No internet service,No internet service,No internet service,Month-to-month,No,Mailed check,18.0,441.7,No
4641-MTLB,Male,0,No,No,10,No,No phone service,DSL,No,Yes,No,Yes,No,No,One year,Yes,Mailed check,46.16,446.54,No
3816-MUCP,Female,0,No,No,3,Yes,No,DSL,No,Yes,Yes,No,No,No,Two year,Yes,Credit card (automatic),59.67,174.19,Yes
4281-QIYY,Female,0,Yes,No,20,Yes,No,Fiber optic,No,No,Yes,Yes,No,No,Two year,No,Bank transfer (automatic),79.74,1579.19,Yes
5498-RSEF,Female,0,Yes,No,38,Yes,Yes,DSL,Yes,Yes,Yes,No,No,No,Month-to-month,No,Credit card (automatic),64.46,2364.15,No
9241-OUSH,Male,1,No,Yes,21,Yes,No,Fiber optic,Yes,No,No,No,No,No,One year,Yes,Bank transfer (automatic),82.53,1677.11,No
7451-NENW,Female,0,No,No,6,Yes,Yes,Fiber optic,No,Yes,No,No,No,No,One year,Yes,Credit card (automatic),78.99,484.27,No
4557-AZQR,Male,0,Yes,Yes,62,Yes,Yes,No,No internet service,No internet service,No internet service,No internet service,No internet service,No internet service,One year,Yes,Mailed check,28.12,1702.28,No
1626-DUIQ,Male,1,Yes,Yes,8,Yes,Yes,DSL,No,Yes,Yes,No,No,Yes,Two year,Yes,Bank transfer (automatic),67.32,524.33,No
7440-IVBY,Female,0,Yes,Yes,21,Yes,Yes,Fiber optic,Yes,No,No,No,No,Yes,Month-to-month,Yes,Electronic check,91.56,1936.29,Yes
3021-QDAA,Male,0,No,No,31,Yes,Yes,DSL,No,No,Yes,Yes,Yes,Yes,Two year,Yes,Electronic check,75.58,2272.44,No
5694-EGGG,Male,0,Yes,No,34,Yes,Yes,No,No internet service,No internet service,No internet service,No internet service,No internet service,No internet service,Month-to-month,No,Bank transfer (automatic),29.9,990.21,No
1017-CCTF,Male,0,No,Yes,24,Yes,No,Fiber optic,Yes,Yes,No,Yes,Yes,Yes,Month-to-month,Yes,Mailed check,106.18,2499.82,No
9596-EAVZ,Female,0,No,Yes,2,Yes,Yes,No,No internet service,No internet service,No internet service,No internet service,No internet service,No internet service,Month-to-month,Yes,Mailed check,35.44,69.25,Yes
5938-BBOI,Female,0,Yes,No,2,Yes,No,Fiber optic,Yes,No,Yes,No,Yes,Yes,Month-to-month,Yes,Electronic check,98.03,188.71,Yes
7258-OAYV,Female,0,No,No,47,Yes,Yes,DSL,No,Yes,No,No,Yes,Yes,One year,Yes,Electronic check,79.06,3648.08,No
1092-PGZZ,Female,0,No,No,55,Yes,Yes,Fiber optic,Yes,No,No,No,No,Yes,One year,Yes,Bank transfer (automatic),86.54,4513.42,Yes
4297-UCAM,Male,0,No,Yes,26,Yes,No,DSL,Yes,Yes,No,Yes,Yes,No,Month-to-month,Yes,Credit card (automatic),65.04,1571.58,No
8180-QLDZ,Female,0,No,No,30,Yes,Yes,DSL,Yes,No,No,Yes,No,No,Month-to-month,No,Bank transfer (automatic),67.65,1950.38,Yes
3132-TAER,Female,0,Yes,No,38,Yes,Yes,DSL,No,Yes,No,Yes,Yes,No,Month-to-month,No,Mailed check,72.49,2591.66,No
9581-BZMN,Male,0,Yes,No,31,Yes,No,No,No internet service,No internet service,No internet service,No internet service,No internet service,No internet service,One year,Yes,Credit card (automatic),23.61,756.32,No
2888-BIYF,Female,1,Yes,No,12,No,No phone service,Fiber optic,No,Yes,No,Yes,No,Yes,Month-to-month,Yes,Mailed check,79.55,932.25,Yes
1122-TACH,Male,1,No,No,38,Yes,Yes,Fiber optic,No,No,No,No,Yes,No,Month-to-month,Yes,Electronic check,88.92,3483.63,Yes
4570-URRS,Male,0,Yes,No,22,Yes,Yes,DSL,No,No,No,Yes,Yes,No,One year,No,Credit card (automatic),60.52,1339.67,No
1699-SYST,Male,1,No,Yes,37,Yes,Yes,No,No internet service,No internet service,No internet service,No internet service,No internet service,No internet service,One year,Yes,Mailed check,29.14,987.34,No
6148-MERJ,Female,0,Yes,No,48,Yes,Yes,No,No internet service,No internet service,No internet service,No internet service,No internet service,No internet service,Month-to-month,Yes,Electronic check,30.2,1476.54,No
4790-PRFV,Male,0,Yes,No,42,Yes,Yes,Fiber optic,Yes,Yes,No,No,No,Yes,Month-to-month,Yes,Electronic check,94.12,3824.71,Yes
5807-ZNPV,Male,0,Yes,No,51,Yes,Yes,Fiber optic,No,Yes,No,No,No,Yes,Month-to-month,No,Electronic check,91.33,4361.17,Yes
4131-QHBZ,Male,0,Yes,No,32,Yes,No,Fiber optic,Yes,No,Yes,Yes,No,Yes,One year,Yes,Electronic check,91.03,2936.49,No
6975-TECK,Female,0,No,No,27,Yes,Yes,Fiber optic,No,No,No,No,No,Yes,Two year,Yes,Electronic check,79.7,2113.64,No
4047-JSGI,Male,0,Yes,No,34,Yes,Yes,DSL,Yes,No,Yes,Yes,No,No,Month-to-month,Yes,Electronic check,71.2,2349.12,No
9167-RLCR,Male,0,Yes,No,37,Yes,Yes,No,No internet service,No internet service,No internet service,No internet service,No internet service,No internet service,Two year,Yes,Electronic check,28.58,966.46,No
5109-AHJO,Female,0,Yes,No,58,Yes,No,Fiber optic,No,No,Yes,No,Yes,No,Two year,No,Credit card (automatic),87.44,4680.66,No
9525-OGTW,Male,0,No,No,49,No,No phone service,No,No internet service,No internet service,No internet service,No internet service,No internet service,No internet service,Month-to-month,Yes,Mailed check,25.75,1126.88,No
8960-AGBG,Male,1,No,No,18,Yes,Yes,Fiber optic,Yes,Yes,Yes,No,No,Yes,Two year,No,Electronic check,99.25,1657.69,No
6975-IJRJ,Male,0,No,No,56,Yes,Yes,Fiber optic,No,No,No,No,No,Yes,Month-to-month,Yes,Credit card (automatic),92.38,4719.99,Yes
7059-ZTEC,Female,0,No,No,37,Yes,No,Fiber optic,Yes,No,No,No,No,Yes,Month-to-month,No,Mailed check,85.87,3054.44,No
5003-GPJE,Female,0,Yes,Yes,16,Yes,No,No,No internet service,No internet service,No internet service,No internet service,No internet service,No internet service,Two year,Yes,Mailed check,24.47,370.53,No
8075-SUUD,Female,0,Yes,No,46,Yes,No,No,No internet service,No internet service,No internet service,No internet service,No internet service,No internet service,Two year,No,Electronic check,29.67,1314.89,No
8089-SVFE,Male,0,No,No,56,Yes,Yes,DSL,No,Yes,No,No,Yes,Yes,Month-to-month,Yes,Electronic check,74.43,3850.11,Yes
4641-OMLU,Female,0,No,No,4,Yes,No,DSL,No,No,No,No,No,Yes,Two year,Yes,Mailed check,57.41,219.93,No
5434-XCCY,Male,0,No,No,14,Yes,No,DSL,Yes,No,No,Yes,Yes,Yes,One year,Yes,Bank transfer (automatic),78.85,1066.17,No
2532-NQLX,Female,0,Yes,No,16,Yes,Yes,No,No internet service,No internet service,No internet service,No internet service,No internet service,No internet service,One year,Yes,Bank transfer (automatic),38.88,626.42,No
5853-ZCNT,Female,0,No,No,7,Yes,No,Fiber optic,Yes,No,No,No,Yes,Yes,Two year,Yes,Electronic check,86.23,566.8,Yes
8601-WQYA,Female,0,Yes,No,10,Yes,Yes,No,No internet service,No internet service,No internet service,No internet service,No internet service,No internet service,Month-to-month,No,Mailed check,31.17,304.45,No
4047-TUOF,Male,0,No,Yes,26,No,No phone service,Fiber optic,Yes,No,No,No,Yes,No,One year,Yes,Bank transfer (automatic),80.93,1843.65,No
8098-TUDF,Female,0,Yes,No,68,Yes,Yes,No,No internet service,No internet service,No internet service,No internet service,No internet service,No internet service,Month-to-month,No,Electronic check,34.48,2173.05,No
9028-JUAZ,Male,0,Yes,No,39,Yes,Yes,Fiber optic,Yes,Yes,No,Yes,Yes,No,Month-to-month,Yes,Credit card (automatic),96.04,3422.8,No
4306-IMLK,Female,0,No,No,67,Yes,No,Fiber optic,No,No,Yes,No,No,No,Month-to-month,Yes,Mailed check,65.9,4269.2,Yes
4421-UEHK,Male,0,No,Yes,61,Yes,Yes,DSL,Yes,Yes,Yes,No,No,Yes,Month-to-month,Yes,Bank transfer (automatic),80.44,4827.29,No
7353-FGEO,Male,0,No,Yes,53,Yes,No,No,No internet service,No internet service,No internet service,No internet service,No internet service,No internet service,Month-to-month,Yes,Bank transfer (automatic),29.15,1493.59,No
2905-BREE,Male,1,Yes,No,61,Yes,Yes,No,No internet service,No internet service,No internet service,No internet service,No internet service,No internet service,Two year,Yes,Bank transfer (automatic),24.68,1420.94,No
4725-EPEB,Female,0,No,Yes,20,Yes,Yes,No,No internet service,No internet service,No internet service,No internet service,No internet service,No internet service,One year,Yes,Bank transfer (automatic),26.67,523.14,No
3552-FGPB,Male,0,No,No,70,No,No phone service,No,No internet service,No internet service,No internet service,No internet service,No internet service,No internet service,Month-to-month,Yes,Electronic check,18.0,1149.48,No
1187-IWYS,Male,0,No,Yes,55,Yes,No,Fiber optic,No,Yes,No,No,No,Yes,Month-to-month,No,Electronic check,88.36,5173.04,Yes
8289-CEGI,Male,0,No,No,41,Yes,No,No,No internet service,No internet service,No internet service,No internet service,No internet service,No internet service,Month-to-month,No,Bank transfer (automatic),29.41,1103.81,No
1672-LGCD,Female,0,No,No,33,Yes,No,DSL,No,Yes,No,No,Yes,No,Two year,No,Electronic check,62.6,2028.17,No
9833-EZTU,Female,0,Yes,No,38,Yes,No,Fiber optic,No,Yes,No,Yes,No,Yes,Month-to-month,Yes,Electronic check,84.55,3042.11,Yes
7261-EBJO,Male,0,No,No,43,Yes,Yes,Fiber optic,Yes,No,No,No,No,Yes,Month-to-month,No,Bank transfer (automatic),98.68,3964.9,No
8982-YXQH,Male,0,No,No,40,Yes,No,DSL,Yes,No,No,No,No,Yes,Month-to-month,Yes,Credit card (automatic),57.63,2205.35,No
2389-NDUN,Male,0,Yes,No,71,Yes,Yes,Fiber optic,No,Yes,Yes,No,No,Yes,Two year,No,Bank transfer (automatic),88.84,5913.93,No
4986-BKMD,Female,0,Yes,No,4,Yes,No,Fiber optic,No,Yes,Yes,Yes,Yes,Yes,Month-to-month,Yes,Bank transfer (automatic),97.76,366.03,No
2910-TUCY,Female,0,Yes,No,12,Yes,No,Fiber optic,No,No,No,No,No,No,One year,Yes,Credit card (automatic),71.17,862.84,Yes
6602-GZOB,Female,1,No,Yes,52,Yes,No,Fiber optic,Yes,Yes,Yes,Yes,Yes,No,Two year,Yes,Mailed check,95.39,4538.42,No
4969-LSVP,Male,0,No,No,12,No,No phone service,Fiber optic,Yes,No,No,No,Yes,Yes,Month-to-month,No,Electronic check,79.21,993.27,Yes
8429-RHDC,Female,0,Yes,No,32,Yes,Yes,Fiber optic,Yes,Yes,No,Yes,Yes,Yes,Month-to-month,No,Electronic check,107.81,3400.56,Yes
9416-AEUV,Male,1,No,No,41,Yes,Yes,Fiber optic,Yes,Yes,Yes,No,No,No,Month-to-month,Yes,Electronic check,98.94,3811.47,Yes
3776-XAZR,Male,0,Yes,No,61,Yes,No,Fiber optic,Yes,No,Yes,No,Yes,No,Month-to-month,Yes,Electronic check,80.99,4671.6,No
7684-DRVM,Female,1,No,No,60,Yes,Yes,DSL,Yes,No,No,No,Yes,Yes,One year,Yes,Credit card (automatic),72.94,4142.57,No
6574-GAAC,Female,0,No,Yes,7,Yes,No,DSL,Yes,No,Yes,No,No,No,Month-to-month,Yes,Credit card (automatic),58.55,403.31,No
1493-VOHP,Female,0,No,Yes,48,Yes,Yes,Fiber optic,Yes,Yes,No,Yes,Yes,No,Two year,No,Electronic check,102.96,4834.93,No
8407-QXTK,Female,0,Yes,Yes,26,Yes,No,Fiber optic,No,Yes,Yes,No,No,No,Month-to-month,Yes,Bank transfer (automatic),78.81,1887.04,No
5887-ZALK,Male,0,Yes,No,35,Yes,Yes,Fiber optic,Yes,Yes,No,Yes,No,No,Month-to-month,Yes,Electronic check,92.45,3124.62,No
2297-GEKP,Female,0,Yes,No,26,Yes,No,Fiber optic,No,No,No,No,No,Yes,Month-to-month,Yes,Electronic check,79.84,1981.92,Yes
3487-WKUY,Female,0,No,Yes,8,Yes,Yes,DSL,No,No,Yes,No,Yes,No,Month-to-month,Yes,Electronic check,61.3,462.61,Yes
9984-DWEX,Male,1,No,No,18,Yes,Yes,No,No internet service,No internet service,No internet service,No internet service,No internet service,No internet service,Month-to-month,Yes,Bank transfer (automatic),29.34,512.4,No
7097-ORPY,Female,0,No,No,35,Yes,No,DSL,Yes,Yes,Yes,Yes,No,No,Month-to-month,No,Bank transfer (automatic),65.42,2179.62,Yes
6681-PPCW,Male,0,No,No,68,Yes,No,No,No internet service,No internet service,No internet service,No internet service,No internet service,No internet service,Month-to-month,Yes,Bank transfer (automatic),23.35,1570.43,No
1970-HTSO,Female,0,Yes,No,36,Yes,No,DSL,No,No,No,Yes,No,No,One year,No,Bank transfer (automatic),58.93,1924.76,No
4161-OSJF,Female,0,Yes,Yes,10,Yes,No,DSL,Yes,No,No,No,No,Yes,One year,Yes,Bank transfer (automatic),67.81,625.18,No
5099-XZXH,Female,0,Yes,No,55,Yes,No,DSL,Yes,No,Yes,No,Yes,Yes,Month-to-month,No,Electronic check,76.03,4139.57,No
8830-CVOI,Male,1,Yes,No,16,Yes,No,Fiber optic,No,Yes,No,No,Yes,Yes,Month-to-month,Yes,Bank transfer (automatic),94.86,1540.99,Yes
7843-LSEZ,Female,0,Yes,No,28,No,No phone service,No,No internet service,No internet service,No internet service,No internet service,No internet service,No internet service,Month-to-month,No,Electronic check,18.0,476.94,No
4960-RQAH,Female,1,No,No,69,Yes,No,Fiber optic,Yes,Yes,Yes,Yes,No,No,Month-to-month,No,Electronic check,96.47,6599.96,No
4039-MUIF,Female,1,Yes,Yes,36,Yes,No,Fiber optic,No,No,Yes,No,No,Yes,Month-to-month,Yes,Bank transfer (automatic),89.97,3134.71,Yes
6157-YJDT,Male,1,No,Yes,71,Yes,Yes,No,No internet service,No internet service,No internet service,No internet service,No internet service,No internet service,Month-to-month,No,Electronic check,27.44,1927.27,No
7818-CDEN,Female,0,Yes,No,58,Yes,No,Fiber optic,Yes,No,Yes,No,Yes,Yes,One year,Yes,Bank transfer (automatic),96.28,5576.25,No
6502-JUBV,Male,0,Yes,No,60,No,No phone service,No,No internet service,No internet service,No internet service,No internet service,No internet service,No internet service,Two year,No,Mailed check,18.23,1085.63,No
3843-IPUP,Male,0,No,No,60,Yes,Yes,Fiber optic,Yes,No,Yes,No,Yes,No,Two year,Yes,Bank transfer (automatic),93.05,5199.06,No
5215-NJXB,Female,0,No,No,13,Yes,No,Fiber optic,Yes,No,No,Yes,No,No,Month-to-month,No,Mailed check,76.95,962.39,No
2131-RKHS,Male,0,Yes,No,23,Yes,Yes,No,No internet service,No internet service,No internet service,No internet service,No internet service,No internet service,Two year,No,Credit card (automatic),30.74,701.97,No
8860-LDYZ,Male,0,Yes,Yes,67,Yes,No,DSL,No,No,No,Yes,Yes,No,Month-to-month,No,Mailed check,55.85,3481.36,No
2788-FHTW,Female,0,No,Yes,13,Yes,Yes,Fiber optic,No,Yes,Yes,No,Yes,No,Two year,Yes,Bank transfer (automatic),91.26,1142.15,No
9606-BRFM,Female,0,No,No,41,Yes,Yes,Fiber optic,No,Yes,No,No,Yes,Yes,Two year,Yes,Mailed check,103.13,3789.92,No
5276-RAIQ,Male,1,No,No,24,Yes,No,Fiber optic,No,Yes,No,No,Yes,Yes,Month-to-month,Yes,Mailed check,94.01,2225.85,No
2559-YJJP,Male,0,No,Yes,42,Yes,Yes,No,No internet service,No internet service,No internet service,No internet service,No internet service,No internet service,Two year,Yes,Credit card (automatic),37.93,1499.17,No
3370-OPPO,Female,0,Yes,No,39,Yes,No,Fiber optic,No,No,Yes,Yes,No,Yes,Month-to-month,Yes,Electronic check,92.4,3584.95,Yes
7641-ZPFP,Female,0,Yes,No,20,Yes,No,No,No internet service,No internet service,No internet service,No internet service,No internet service,No internet service,Two year,No,Bank transfer (automatic),25.45,474.79,No
8437-JQID,Female,0,Yes,No,24,Yes,No,DSL,No,Yes,No,Yes,Yes,No,Two year,Yes,Bank transfer (automatic),62.07,1523.14,No
5951-ZHLZ,Female,0,No,No,56,Yes,Yes,Fiber optic,No,No,No,No,No,No,One year,No,Electronic check,83.19,4395.82,No
4405-BMUR,Male,1,Yes,Yes,34,No,No phone service,Fiber optic,Yes,No,No,No,Yes,No,Two year,No,Bank transfer (automatic),69.27,2184.53,No
6218-CTDU,Female,0,No,No,37,Yes,Yes,Fiber optic,No,No,Yes,No,No,Yes,Month-to-month,No,Credit card (automatic),88.27,3034.08,No
9054-GGCY,Male,1,Yes,No,22,Yes,Yes,Fiber optic,No,No,Yes,Yes,Yes,Yes,One year,Yes,Bank transfer (automatic),102.89,2268.45,Yes
4269-NWES,Female,0,Yes,Yes,33,Yes,No,DSL,No,No,No,No,No,No,Month-to-month,No,Bank transfer (automatic),56.82,1867.03,Yes
1988-BOFY,Male,0,Yes,No,1,Yes,No,Fiber optic,No,Yes,No,No,No,No,Month-to-month,No,Credit card (automatic),71.82,64.43,Yes
6968-KFQI,Female,0,Yes,No,52,Yes,Yes,No,No internet service,No internet service,No internet service,No internet service,No internet service,No internet service,Month-to-month,Yes,Credit card (automatic),30.47,1587.75,No
1368-HHLD,Male,0,Yes,No,37,Yes,No,Fiber optic,No,No,Yes,No,No,Yes,Two year,No,Electronic check,87.59,3130.19,No
1998-LUKT,Female,1,No,No,66,Yes,Yes,Fiber optic,No,No,No,No,Yes,Yes,One year,Yes,Bank transfer (automatic),94.06,6267.84,Yes
2154-HVVQ,Male,0,No,Yes,46,Yes,No,Fiber optic,Yes,Yes,No,No,Yes,Yes,Month-to-month,Yes,Electronic check,93.76,4303.65,No
7423-JVAM,Male,0,Yes,No,28,Yes,No,Fiber optic,No,No,Yes,No,No,Yes,Month-to-month,Yes,Mailed check,88.06,2296.37,No
4453-AJOK,Male,0,No,Yes,24,Yes,No,Fiber optic,Yes,No,No,No,No,No,One year,No,Mailed check,85.06,1885.65,Yes
6412-VMFH,Male,0,Yes,No,33,Yes,No,DSL,Yes,No,No,Yes,No,No,One year,Yes,Electronic check,54.07,1648.27,No
5069-TWOT,Female,0,No,Yes,31,Yes,No,Fiber optic,Yes,No,No,No,No,No,One year,Yes,Electronic check,77.44,2323.55,No
1367-XSMM,Female,1,No,No,9,Yes,Yes,Fiber optic,No,No,No,No,Yes,No,One year,Yes,Electronic check,78.95,674.03,Yes
7908-ZYVG,Male,0,Yes,No,47,Yes,No,No,No internet service,No internet service,No internet service,No internet service,No internet service,No internet service,Two year,Yes,Credit card (automatic),26.54,1224.88,No
4041-PNXB,Male,0,No,Yes,33,Yes,Yes,Fiber optic,No,Yes,Yes,No,Yes,Yes,One year,Yes,Mailed check,103.92,3397.05,Yes
3524-ZHUW,Female,0,Yes,No,50,No,No phone service,DSL,No,Yes,Yes,No,No,Yes,One year,Yes,Mailed check,54.75,2662.74,No
4184-HLVD,Female,1,No,No,34,Yes,No,No,No internet service,No internet service,No internet service,No internet service,No internet service,No internet service,Month-to-month,No,Mailed check,25.0,756.9,No
4176-DMCM,Male,0,No,No,53,Yes,No,Fiber optic,No,No,Yes,Yes,Yes,No,Two year,Yes,Electronic check,92.4,4496.97,No
3896-ZWJN,Male,0,No,No,31,Yes,No,No,No internet service,No internet service,No internet service,No internet service,No internet service,No internet service,Month-to-month,Yes,Electronic check,25.88,735.07,No
6704-ZJGZ,Male,0,Yes,No,5,Yes,No,Fiber optic,No,Yes,No,Yes,No,Yes,Month-to-month,No,Mailed check,84.79,405.19,Yes
5802-MUMS,Male,0,Yes,Yes,26,Yes,No,No,No internet service,No internet service,No internet service,No internet service,No internet service,No internet service,Two year,Yes,Mailed check,27.92,740.69,No
5144-HTDS,Male,0,No,No,4,Yes,Yes,DSL,No,No,Yes,No,Yes,Yes,Month-to-month,Yes,Credit card (automatic),78.29,318.66,Yes
6724-JJMR,Female,0,Yes,No,64,Yes,Yes,Fiber optic,No,No,No,No,No,No,Month-to-month,Yes,Mailed check,79.31,4799.26,Yes
3075-DBQW,Female,0,Yes,Yes,52,Yes,No,DSL,No,No,Yes,No,Yes,No,Two year,Yes,Bank transfer (automatic),54.93,2849.48,No
7504-FTXC,Male,0,Yes,Yes,46,Yes,Yes,Fiber optic,No,No,No,Yes,No,Yes,Month-to-month,No,Mailed check,87.4,3867.67,No
2634-HLSL,Female,0,Yes,No,8,Yes,No,Fiber optic,No,No,No,No,Yes,Yes,Month-to-month,Yes,Mailed check,88.38,662.34,Yes
7357-VQRE,Female,0,No,Yes,22,Yes,Yes,Fiber optic,No,No,No,Yes,No,Yes,Month-to-month,Yes,Credit card (automatic),93.63,2033.36,No
8526-ALXU,Male,0,No,No,62,No,No phone service,Fiber optic,No,No,Yes,No,Yes,No,Month-to-month,No,Mailed check,77.94,4544.04,No
8809-YOKD,Female,0,No,No,51,No,No phone service,Fiber optic,No,Yes,No,Yes,No,No,Month-to-month,Yes,Electronic check,76.83,3575.26,Yes
5297-XKAU,Male,0,No,Yes,15,Yes,No,DSL,Yes,No,No,Yes,Yes,No,Month-to-month,No,Credit card (automatic),62.07,904.7,No
4402-TVNF,Male,1,No,Yes,43,Yes,Yes,Fiber optic,No,No,No,No,Yes,No,Month-to-month,Yes,Bank transfer (automatic),92.67,4100.96,Yes
7665-VVBN,Female,0,No,No,14,Yes,Yes,DSL,No,No,No,No,Yes,No,Month-to-month,Yes,Credit card (automatic),60.05,772.73,No
9187-PRIR,Female,0,No,No,10,No,No phone service,No,No internet service,No internet service,No internet service,No internet service,No internet service,No internet service,Month-to-month,Yes,Electronic check,18.23,178.75,No
8491-ZSTW,Male,0,No,No,18,Yes,No,No,No internet service,No internet service,No internet service,No internet service,No internet service,No internet service,Month-to-month,Yes,Mailed check,25.53,456.82,No
7880-WJWK,Female,0,Yes,Yes,24,Yes,Yes,Fiber optic,Yes,Yes,Yes,Yes,Yes,No,Two year,Yes,Mailed check,101.98,2320.23,No
7697-PKKU,Female,0,Yes,No,46,No,No phone service,DSL,Yes,No,Yes,Yes,No,Yes,One year,No,Bank transfer (automatic),63.95,2776.32,No
1064-IYFT,Male,1,No,No,37,Yes,Yes,Fiber optic,Yes,No,No,Yes,Yes,No,Two year,Yes,Mailed check,94.9,3260.5,No
8205-EBOL,Male,0,Yes,Yes,14,Yes,Yes,Fiber optic,No,Yes,Yes,No,Yes,Yes,Month-to-month,Yes,Mailed check,107.76,1405.55,No
1256-DDDP,Female,0,No,No,69,Yes,Yes,Fiber optic,No,No,No,Yes,No,Yes,Month-to-month,Yes,Bank transfer (automatic),93.25,6348.92,Yes
5545-IXMB,Male,0,No,No,22,Yes,No,Fiber optic,Yes,No,No,Yes,No,No,Two year,Yes,Mailed check,87.35,1893.14,No
1551-DBRB,Female,0,No,Yes,47,No,No phone service,Fiber optic,Yes,Yes,Yes,Yes,No,Yes,One year,Yes,Mailed check,90.78,4258.63,No
8141-RQIO,Male,0,No,No,54,Yes,No,DSL,Yes,Yes,No,No,No,Yes,Two year,Yes,Electronic check,59.89,3512.9,No
5610-XRWU,Male,0,Yes,No,19,Yes,Yes,DSL,No,Yes,No,No,Yes,No,One year,No,Credit card (automatic),72.61,1362.68,No
2574-AAPN,Male,0,No,Yes,51,Yes,No,Fiber optic,No,Yes,Yes,No,No,Yes,Month-to-month,Yes,Electronic check,88.2,4490.6,Yes
3419-ZMOE,Female,1,No,Yes,26,Yes,No,Fiber optic,Yes,Yes,Yes,No,Yes,No,Two year,Yes,Electronic check,93.9,2417.38,No
7557-GYHK,Female,0,No,No,34,Yes,No,Fiber optic,Yes,No,No,No,No,No,One year,No,Bank transfer (automatic),78.32,2690.93,No
5298-YYXT,Male,1,Yes,Yes,20,Yes,Yes,Fiber optic,Yes,Yes,No,No,No,No,Two year,No,Mailed check,87.07,1642.27,No
5884-XACX,Male,0,No,No,64,Yes,No,Fiber optic,No,Yes,No,No,No,Yes,One year,Yes,Mailed check,78.52,4833.76,No
1775-ODFZ,Female,1,No,Yes,37,Yes,No,DSL,Yes,No,Yes,No,No,No,Month-to-month,No,Bank transfer (automatic),58.7,2174.05,No
9499-VGCU,Female,0,No,No,6,Yes,No,DSL,No,Yes,Yes,No,Yes,No,Two year,Yes,Mailed check,66.37,374.47,No
2816-IILV,Male,0,No,No,58,Yes,No,Fiber optic,No,Yes,No,No,Yes,Yes,Month-to-month,Yes,Electronic check,96.45,5450.39,No
5632-NBMD,Male,0,No,No,23,Yes,No,Fiber optic,No,No,Yes,No,No,No,Two year,Yes,Electronic check,75.01,1569.82,No
2425-CTSZ,Female,0,No,No,53,No,No phone service,DSL,Yes,No,Yes,Yes,No,No,Month-to-month,Yes,Credit card (automatic),58.88,3019.72,No
2869-VNEN,Female,0,Yes,No,49,Yes,No,Fiber optic,No,No,No,Yes,No,No,Month-to-month,No,Electronic check,80.39,3759.15,Yes
9212-ZTZP,Female,0,No,No,68,Yes,No,Fiber optic,Yes,No,Yes,Yes,Yes,No,Month-to-month,Yes,Electronic check,88.37,6193.27,No
8607-JIQL,Male,1,Yes,No,6,Yes,No,No,No internet service,No internet service,No internet service,No internet service,No internet service,No internet service,Month-to-month,No,Electronic check,21.0,129.26,No
4411-ZDOJ,Male,1,No,No,65,No,No phone service,DSL,No,No,No,No,Yes,Yes,Month-to-month,No,Credit card (automatic),61.86,3504.07,Yes
9372-OAXD,Male,0,No,Yes,7,Yes,No,Fiber optic,Yes,Yes,Yes,No,No,No,Two year,No,Electronic check,93.07,625.04,Yes
2967-PLNT,Male,0,No,Yes,37,Yes,No,No,No internet service,No internet service,No internet service,No internet service,No internet service,No internet service,One year,No,Electronic check,23.32,794.73,No
9887-ANHL,Female,0,Yes,No,59,Yes,Yes,Fiber optic,No,Yes,No,No,No,Yes,Two year,Yes,Mailed check,85.29,4862.57,No
7191-UOTJ,Female,0,No,No,52,Yes,Yes,DSL,Yes,Yes,No,No,No,No,Month-to-month,Yes,Electronic check,70.63,3532.1,No
9326-JMYU,Male,0,Yes,No,60,Yes,No,No,No internet service,No internet service,No internet service,No internet service,No internet service,No internet service,Two year,No,Electronic check,21.35,1202.82,No
6751-PODS,Male,1,No,Yes,43,Yes,No,Fiber optic,Yes,No,No,No,Yes,Yes,Two year,Yes,Electronic check,89.67,3777.88,No
6312-TDXJ,Female,0,No,No,58,Yes,No,Fiber optic,No,No,No,Yes,No,No,Two year,No,Bank transfer (automatic),83.48,4473.19,No
2981-FLXX,Male,0,No,No,30,Yes,Yes,Fiber optic,No,Yes,No,Yes,Yes,No,One year,Yes,Electronic check,89.09,2606.31,No
7403-KTHP,Male,1,No,Yes,56,Yes,Yes,DSL,Yes,No,Yes,No,No,Yes,Two year,No,Bank transfer (automatic),72.57,4123.78,No
6324-YNPO,Female,0,No,No,12,Yes,Yes,DSL,Yes,Yes,No,No,Yes,Yes,Month-to-month,Yes,Electronic check,73.2,833.72,Yes
1395-DYJC,Male,0,No,Yes,32,Yes,Yes,Fiber optic,Yes,No,Yes,No,Yes,No,Two year,Yes,Mailed check,89.21,2707.44,No
6811-ONKL,Female,0,Yes,No,54,Yes,No,Fiber optic,No,No,Yes,No,Yes,Yes,One year,Yes,Electronic check,101.5,5072.55,No
3216-NACA,Male,0,No,Yes,17,No,No phone service,Fiber optic,No,No,Yes,No,Yes,Yes,Month-to-month,No,Mailed check,84.93,1313.58,Yes
4435-DZVZ,Male,0,No,No,10,Yes,Yes,Fiber optic,Yes,No,Yes,No,Yes,Yes,Two year,No,Bank transfer (automatic),103.0,1044.35,No
3204-IQJG,Male,1,No,Yes,47,Yes,No,No,No internet service,No internet service,No internet service,No internet service,No internet service,No internet service,Month-to-month,Yes,Mailed check,30.74,1430.22,No
5803-DIEA,Male,0,Yes,No,64,Yes,No,DSL,No,Yes,No,No,Yes,Yes,Month-to-month,Yes,Bank transfer (automatic),64.87,3970.0,No
9537-YNSQ,Male,0,No,No,40,No,No phone service,Fiber optic,No,Yes,No,Yes,Yes,Yes,One year,Yes,Electronic check,84.04,3152.66,No
5236-ANHP,Male,0,Yes,No,49,Yes,Yes,DSL,Yes,No,No,Yes,No,No,Two year,No,Bank transfer (automatic),72.1,3462.67,No
8381-QOTB,Female,0,No,No,8,Yes,No,DSL,No,Yes,No,No,No,No,Month-to-month,Yes,Electronic check,51.48,379.49,Yes
8089-RXXU,Male,1,Yes,No,52,Yes,No,Fiber optic,No,No,No,No,Yes,No,One year,Yes,Electronic check,78.47,4343.4,No
3474-ZFDK,Male,0,No,No,28,Yes,No,Fiber optic,Yes,Yes,Yes,No,Yes,No,One year,Yes,Electronic check,89.51,2401.46,No
5299-FKWQ,Male,0,Yes,Yes,20,Yes,Yes,No,No internet service,No internet service,No internet service,No internet service,No internet service,No internet service,One year,No,Credit card (automatic),30.77,561.94,No
5764-RFBJ,Female,0,No,Yes,6,Yes,No,Fiber optic,No,Yes,No,Yes,Yes,Yes,One year,No,Credit card (automatic),91.31,537.17,No
6633-SLUF,Female,0,Yes,No,0,Yes,No,DSL,No,No,Yes,No,Yes,No,Month-to-month,Yes,Credit card (automatic),60.79,,Yes
6825-YNMB,Male,0,Yes,Yes,52,Yes,Yes,No,No internet service,No internet service,No internet service,No internet service,No internet service,No internet service,Month-to-month,Yes,Electronic check,27.09,1334.02,No
2373-OTDB,Male,0,No,Yes,30,Yes,Yes,Fiber optic,Yes,No,No,No,No,No,Month-to-month,Yes,Bank transfer (automatic),84.05,2278.9,No
3539-IPZK,Male,0,Yes,No,38,Yes,No,DSL,No,No,No,No,Yes,No,Month-to-month,Yes,Credit card (automatic),61.62,2255.13,No
1947-IUUA,Female,0,Yes,No,23,Yes,No,DSL,Yes,Yes,No,No,No,No,Month-to-month,No,Electronic check,56.21,1206.84,No
7193-FGDM,Female,0,No,No,2,Yes,Yes,Fiber optic,No,Yes,Yes,No,Yes,Yes,Month-to-month,Yes,Electronic check,100.42,190.52,Yes
8449-ZRSE,Male,1,Yes,Yes,13,Yes,Yes,Fiber optic,Yes,Yes,No,Yes,Yes,No,Month-to-month,Yes,Credit card (automatic),96.74,1329.96,Yes
6091-CGQX,Male,0,Yes,No,39,Yes,No,Fiber optic,No,No,Yes,No,No,No,Month-to-month,No,Mailed check,80.72,2966.2,No
2726-PPLD,Male,0,No,No,7,Yes,Yes,DSL,Yes,Yes,Yes,No,Yes,No,Two year,Yes,Mailed check,79.09,533.31,No
3527-AYPG,Female,0,Yes,Yes,3,Yes,Yes,DSL,No,No,No,No,No,No,Month-to-month,Yes,Bank transfer (automatic),49.16,145.2,No
8002-WNGO,Female,0,Yes,No,46,Yes,No,No,No internet service,No internet service,No internet service,No internet service,No internet service,No internet service,Two year,No,Credit card (automatic),19.21,830.25,No
9804-GXPO,Female,0,Yes,No,4,Yes,Yes,Fiber optic,No,No,No,No,No,Yes,Month-to-month,No,Mailed check,87.74,354.37,No
5836-MHGT,Female,0,Yes,No,38,Yes,Yes,No,No internet service,No internet service,No internet service,No internet service,No internet service,No internet service,Month-to-month,No,Bank transfer (automatic),34.33,1258.02,No
1431-BCFX,Female,0,Yes,Yes,29,Yes,Yes,Fiber optic,No,No,No,No,Yes,No,Month-to-month,Yes,Electronic check,95.74,2668.69,Yes
1550-RDXL,Male,0,No,No,67,Yes,Yes,Fiber optic,No,Yes,No,No,Yes,Yes,Two year,No,Credit card (automatic),99.75,6084.34,No
5463-BIUI,Female,0,Yes,Yes,42,Yes,No,DSL,No,No,Yes,Yes,No,Yes,One year,Yes,Electronic check,63.52,2430.06,No
6756-GNBQ,Male,0,No,Yes,46,No,No phone service,Fiber optic,No,No,Yes,No,No,Yes,Month-to-month,No,Bank transfer (automatic),79.63,3601.94,Yes
8313-BQUC,Female,0,Yes,No,25,Yes,No,DSL,No,No,No,Yes,Yes,Yes,Month-to-month,No,Electronic check,71.1,1762.7,No
4588-ZZTT,Male,1,No,No,24,Yes,No,Fiber optic,Yes,Yes,No,No,No,Yes,Month-to-month,Yes,Electronic check,83.7,1713.62,Yes
2280-GJEY,Male,0,No,Yes,46,Yes,No,Fiber optic,Yes,Yes,No,No,Yes,No,Month-to-month,Yes,Electronic check,87.96,3994.46,Yes
1686-EDQG,Female,0,No,No,12,Yes,Yes,DSL,Yes,No,Yes,No,No,Yes,One year,Yes,Bank transfer (automatic),74.72,853.71,No
2058-ZUNQ,Female,1,Yes,Yes,57,Yes,No,Fiber optic,No,No,Yes,Yes,No,No,One year,No,Bank transfer (automatic),88.84,4798.5,No
1731-CATJ,Female,0,Yes,Yes,49,Yes,Yes,Fiber optic,Yes,No,No,Yes,Yes,Yes,Month-to-month,Yes,Mailed check,107.85,4960.81,No
8397-LHIG,Female,0,Yes,No,28,Yes,Yes,DSL,No,No,Yes,No,Yes,Yes,Month-to-month,Yes,Bank transfer (automatic),77.75,1915.57,No
4171-QMYH,Female,0,No,Yes,44,Yes,Yes,DSL,No,Yes,Yes,No,No,Yes,One year,Yes,Bank transfer (automatic),73.05,3182.61,No
9225-SRQX,Male,0,Yes,No,24,Yes,Yes,DSL,No,Yes,Yes,Yes,Yes,No,Month-to-month,No,Electronic check,81.8,1897.08,No
6695-XMFN,Male,0,Yes,Yes,60,Yes,Yes,No,No internet service,No internet service,No internet service,No internet service,No internet service,No internet service,Month-to-month,Yes,Electronic check,36.18,2035.87,No
3971-KETQ,Female,0,Yes,No,27,Yes,No,DSL,No,Yes,No,No,Yes,No,Two year,Yes,Electronic check,63.5,1582.46,No
2627-SGTM,Female,0,Yes,Yes,11,Yes,Yes,DSL,No,No,Yes,Yes,Yes,Yes,One year,Yes,Mailed check,79.76,850.9,No
4465-BXFI,Male,1,Yes,No,68,No,No phone service,DSL,Yes,No,No,Yes,No,Yes,Month-to-month,Yes,Electronic check,59.28,4158.28,No
3494-BGHX,Male,1,Yes,No,34,Yes,Yes,DSL,No,Yes,Yes,No,Yes,Yes,Month-to-month,Yes,Electronic check,77.28,2526.75,Yes
6868-RYCK,Male,0,No,No,56,Yes,No,Fiber optic,No,No,No,No,No,Yes,Two year,No,Electronic check,74.2,3835.18,No
6533-DXVD,Female,0,No,No,29,Yes,Yes,No,No internet service,No internet service,No internet service,No internet service,No internet service,No internet service,Month-to-month,Yes,Mailed check,29.96,815.55,No
8112-QDRZ,Male,0,Yes,Yes,57,No,No phone service,Fiber optic,Yes,No,Yes,Yes,Yes,Yes,Two year,Yes,Credit card (automatic),97.93,5052.76,No
5307-EGIO,Male,0,No,No,46,Yes,Yes,Fiber optic,No,No,Yes,No,Yes,Yes,Month-to-month,No,Credit card (automatic),93.48,4055.32,No
6985-BRBC,Male,0,Yes,No,70,No,No phone service,DSL,Yes,Yes,Yes,No,Yes,Yes,Month-to-month,Yes,Electronic check,64.04,4285.06,Yes
2550-HJOD,Male,1,Yes,No,50,Yes,No,No,No internet service,No internet service,No internet service,No internet service,No internet service,No internet service,Month-to-month,No,Credit card (automatic),29.84,1482.38,No
5716-KTND,Female,0,No,No,68,Yes,Yes,No,No internet service,No internet service,No internet service,No internet service,No internet service,No internet service,Month-to-month,Yes,Electronic check,33.4,2041.59,No
2228-SHPS,Female,0,No,No,21,Yes,No,No,No internet service,No internet service,No internet service,No internet service,No internet service,No internet service,Month-to-month,Yes,Bank transfer (automatic),27.95,547.12,No
9223-RWEW,Male,0,No,Yes,68,Yes,Yes,No,No internet service,No internet service,No internet service,No internet service,No internet service,No internet service,Two year,No,Bank transfer (automatic),26.88,1805.89,No
9132-NUJS,Female,0,Yes,Yes,62,Yes,Yes,Fiber optic,Yes,No,No,Yes,No,Yes,Month-to-month,Yes,Electronic check,91.79,5484.92,No
2042-PQQX,Female,0,No,No,55,Yes,No,Fiber optic,Yes,Yes,Yes,Yes,No,Yes,Two year,Yes,Credit card (automatic),102.26,5452.08,No
4216-NXYE,Male,1,No,No,32,Yes,No,Fiber optic,Yes,No,Yes,No,No,Yes,Month-to-month,No,Mailed check,86.07,2537.1,Yes
4482-BLOK,Male,0,No,No,67,Yes,No,Fiber optic,Yes,Yes,No,Yes,Yes,No,Two year,Yes,Credit card (automatic),92.7,6136.26,No
5894-PXVV,Male,0,Yes,No,62,Yes,No,DSL,Yes,Yes,Yes,Yes,No,Yes,One year,No,Electronic check,81.54,4793.59,No
3380-HQNR,Female,0,Yes,No,14,Yes,Yes,DSL,Yes,No,No,No,No,Yes,Month-to-month,Yes,Electronic check,74.65,994.13,No
1867-WEJZ,Male,0,No,No,48,Yes,No,Fiber optic,Yes,No,No,Yes,Yes,Yes,Month-to-month,Yes,Electronic check,98.93,4086.29,Yes
3143-NDGJ,Female,0,Yes,No,12,Yes,No,Fiber optic,No,Yes,Yes,No,No,No,Two year,Yes,Mailed check,83.95,969.28,Yes
2480-DWKX,Female,1,Yes,No,3,Yes,No,Fiber optic,No,Yes,No,Yes,No,Yes,One year,No,Mailed check,90.52,260.77,No
9927-MMYZ,Male,0,No,No,70,Yes,Yes,Fiber optic,No,Yes,Yes,No,Yes,No,Month-to-month,No,Bank transfer (automatic),90.34,5888.21,Yes
5761-QCRF,Male,0,No,No,54,Yes,No,Fiber optic,No,No,No,No,Yes,Yes,Month-to-month,No,Credit card (automatic),88.29,4585.3,Yes
3793-TNVU,Female,0,No,No,32,Yes,Yes,No,No internet service,No internet service,No internet service,No internet service,No internet service,No internet service,One year,Yes,Mailed check,34.41,1065.6,No
1193-KEBZ,Female,0,Yes,Yes,33,Yes,Yes,Fiber optic,Yes,Yes,Yes,No,Yes,Yes,Month-to-month,No,Credit card (automatic),102.11,3411.17,No
3637-XRIT,Female,0,Yes,No,40,Yes,Yes,DSL,No,Yes,Yes,No,No,No,Two year,Yes,Mailed check,60.98,2339.98,No
5247-LINU,Male,0,No,Yes,54,Yes,No,No,No internet service,No internet service,No internet service,No internet service,No internet service,No internet service,Month-to-month,Yes,Bank transfer (automatic),29.4,1556.94,No
6003-DSIO,Female,0,No,No,32,Yes,Yes,No,No internet service,No internet service,No internet service,No internet service,No internet service,No internet service,Month-to-month,Yes,Mailed check,32.46,967.97,No
1777-EYEX,Female,0,Yes,No,8,Yes,Yes,Fiber optic,No,No,No,No,No,Yes,Month-to-month,Yes,Mailed check,88.26,698.0,Yes
5178-TTHA,Female,0,Yes,Yes,45,Yes,Yes,Fiber optic,Yes,Yes,No,Yes,No,No,Month-to-month,No,Electronic check,91.49,4274.04,No
6286-JMQE,Male,0,Yes,Yes,12,Yes,No,No,No internet service,No internet service,No internet service,No internet service,No internet service,No internet service,Month-to-month,Yes,Electronic check,28.45,331.51,No
6065-LZAK,Female,0,Yes,No,2,Yes,No,No,No internet service,No internet service,No internet service,No internet service,No internet service,No internet service,Two year,Yes,Credit card (automatic),22.99,46.93,No
2505-LSNV,Male,0,No,No,40,Yes,Yes,Fiber optic,No,Yes,No,Yes,Yes,Yes,One year,Yes,Electronic check,102.73,3874.76,No
3015-VGGF,Female,1,Yes,Yes,21,No,No phone service,No,No internet service,No internet service,No internet service,No internet service,No internet service,No internet service,Two year,Yes,Mailed check,18.0,361.94,No
9252-NPHL,Male,0,No,Yes,26,Yes,No,DSL,No,No,No,Yes,Yes,No,Month-to-month,No,Mailed check,62.96,1656.67,Yes
2473-XUZU,Female,0,No,No,17,No,No phone service,Fiber optic,No,No,No,Yes,Yes,Yes,Month-to-month,Yes,Bank transfer (automatic),87.63,1546.75,Yes
7925-XKDW,Male,0,No,Yes,54,Yes,No,No,No internet service,No internet service,No internet service,No internet service,No internet service,No internet service,Month-to-month,No,Bank transfer (automatic),28.98,1437.25,No
8382-CVLP,Female,1,No,No,13,Yes,No,DSL,Yes,Yes,Yes,Yes,No,Yes,Two year,Yes,Electronic check,70.91,922.39,No
3055-DKPE,Female,0,No,No,70,Yes,No,No,No internet service,No internet service,No internet service,No internet service,No internet service,No internet service,Month-to-month,No,Credit card (automatic),24.86,1649.34,No
2503-JGDB,Male,0,Yes,No,63,Yes,No,Fiber optic,Yes,No,No,No,Yes,Yes,One year,Yes,Electronic check,89.16,5246.05,Yes
3678-RSRE,Female,0,Yes,Yes,42,Yes,No,DSL,No,Yes,Yes,No,Yes,No,One year,Yes,Mailed check,63.56,2513.9,No
6597-HDHJ,Female,0,Yes,Yes,25,Yes,Yes,No,No internet service,No internet service,No internet service,No internet service,No internet service,No internet service,Month-to-month,Yes,Credit card (automatic),24.95,581.68,Yes
5395-UJER,Male,0,No,No,29,Yes,No,Fiber optic,Yes,No,Yes,Yes,No,Yes,One year,No,Bank transfer (automatic),102.73,2866.99,No
4756-DLEH,Male,0,Yes,Yes,21,Yes,Yes,DSL,No,No,Yes,Yes,Yes,Yes,Month-to-month,No,Mailed check,78.77,1592.23,No
7253-DYGX,Female,0,Yes,No,8,Yes,Yes,DSL,No,No,Yes,No,Yes,Yes,Two year,Yes,Bank transfer (automatic),81.4,599.22,No
2681-KVCD,Female,0,Yes,No,29,Yes,No,Fiber optic,Yes,Yes,No,Yes,No,No,One year,No,Electronic check,84.78,2384.87,No
1202-HFPW,Male,1,No,Yes,11,Yes,Yes,DSL,No,No,No,No,Yes,No,Two year,No,Bank transfer (automatic),58.86,633.88,No
2323-CLDJ,Male,0,Yes,No,9,Yes,Yes,Fiber optic,No,No,Yes,No,No,Yes,One year,Yes,Electronic check,93.84,797.87,No
3346-EICM,Male,0,No,Yes,33,No,No phone service,No,No internet service,No internet service,No internet service,No internet service,No internet service,No internet service,Two year,Yes,Bank transfer (automatic),22.2,705.67,No
8747-YIAX,Male,0,No,Yes,25,Yes,Yes,Fiber optic,No,No,Yes,No,No,Yes,One year,Yes,Mailed check,87.91,2127.7,No
7330-RNZX,Female,0,Yes,No,42,Yes,No,Fiber optic,No,No,Yes,No,Yes,Yes,One year,No,Credit card (automatic),92.02,3619.3,No
2496-LSNJ,Female,0,No,Yes,70,Yes,Yes,DSL,Yes,No,Yes,Yes,Yes,No,Month-to-month,Yes,Bank transfer (automatic),84.19,5701.56,No
6809-MSVZ,Male,0,Yes,No,49,Yes,No,DSL,No,Yes,Yes,Yes,Yes,No,Month-to-month,No,Mailed check,71.85,3141.13,Yes
2034-ZLTS,Male,0,No,Yes,68,Yes,No,DSL,No,No,No,No,Yes,No,Month-to-month,No,Electronic check,55.31,3283.94,Yes
8244-CZYL,Female,0,Yes,Yes,18,Yes,No,No,No internet service,No internet service,No internet service,No internet service,No internet service,No internet service,One year,No,Credit card (automatic),26.73,457.11,No
2152-HDEN,Female,0,Yes,No,63,Yes,No,No,No internet service,No internet service,No internet service,No internet service,No internet service,No internet service,One year,Yes,Credit card (automatic),26.95,1695.68,No
6001-JIGS,Male,0,No,No,33,Yes,Yes,DSL,No,Yes,Yes,Yes,Yes,Yes,Month-to-month,No,Bank transfer (automatic),80.6,2703.41,No
5274-UIEE,Male,0,No,No,32,Yes,Yes,Fiber optic,Yes,No,No,Yes,Yes,Yes,Two year,No,Mailed check,104.49,3176.78,No
4259-CJYU,Male,0,No,Yes,34,Yes,No,Fiber optic,No,Yes,No,No,No,No,Month-to-month,Yes,Bank transfer (automatic),77.81,2435.88,No
8697-WGKI,Male,0,No,Yes,60,Yes,No,Fiber optic,Yes,Yes,Yes,Yes,No,No,Month-to-month,Yes,Bank transfer (automatic),96.41,5884.13,No
2429-CXTD,Female,1,Yes,No,54,Yes,Yes,Fiber optic,No,No,No,No,No,No,Month-to-month,Yes,Credit card (automatic),84.79,4359.48,No
3487-XBUM,Female,0,Yes,No,9,Yes,Yes,DSL,Yes,No,Yes,No,Yes,Yes,One year,Yes,Electronic check,91.59,778.14,No
3379-IJHO,Female,0,No,No,19,Yes,Yes,No,No internet service,No internet service,No internet service,No internet service,No internet service,No internet service,Two year,Yes,Electronic check,29.36,501.66,No
8588-ARPH,Female,0,Yes,Yes,43,Yes,No,Fiber optic,No,No,No,No,Yes,No,Two year,Yes,Bank transfer (automatic),84.31,3588.51,No
9026-PPVD,Female,0,No,Yes,61,Yes,Yes,Fiber optic,No,Yes,No,Yes,No,Yes,Two year,Yes,Electronic check,94.35,5668.01,Yes
5568-YFUK,Male,0,No,No,61,Yes,Yes,DSL,No,Yes,Yes,No,No,No,One year,No,Mailed check,61.74,3456.96,No
6900-YPLY,Female,0,No,No,35,Yes,No,DSL,No,Yes,No,Yes,No,Yes,One year,Yes,Electronic check,66.66,2261.69,No
7634-ENDX,Male,0,No,No,34,Yes,Yes,Fiber optic,No,Yes,No,No,Yes,Yes,Month-to-month,No,Mailed check,97.01,3244.62,No
6979-MNMB,Male,0,No,Yes,39,Yes,No,DSL,No,No,Yes,No,Yes,Yes,One year,Yes,Credit card (automatic),70.83,2647.22,No
6414-MWGE,Female,1,Yes,Yes,18,No,No phone service,No,No internet service,No internet service,No internet service,No internet service,No internet service,No internet service,Month-to-month,No,Credit card (automatic),23.78,421.0,No
9881-JOGH,Female,0,Yes,No,39,Yes,Yes,DSL,No,Yes,Yes,Yes,No,Yes,Month-to-month,Yes,Mailed check,77.19,2978.38,No
7415-MEMF,Female,0,Yes,No,24,Yes,Yes,Fiber optic,Yes,Yes,No,No,No,No,Month-to-month,Yes,Bank transfer (automatic),88.63,2026.13,Yes
2032-UWUH,Female,0,No,No,68,Yes,Yes,DSL,No,Yes,No,Yes,Yes,No,Month-to-month,Yes,Bank transfer (automatic),65.73,4298.63,No
2615-GVZX,Male,0,Yes,No,50,Yes,Yes,Fiber optic,Yes,No,No,No,Yes,Yes,One year,Yes,Mailed check,92.5,4534.07,No
9886-XRES,Male,0,No,Yes,52,Yes,Yes,Fiber optic,No,No,Yes,No,No,Yes,Month-to-month,Yes,Mailed check,87.43,4525.66,Yes
2881-ZPXW,Male,1,No,No,33,Yes,Yes,Fiber optic,Yes,No,Yes,No,No,Yes,Two year,No,Mailed check,85.85,2757.02,No
7886-OMJC,Male,0,No,Yes,41,Yes,Yes,Fiber optic,Yes,No,No,Yes,No,Yes,Two year,No,Credit card (automatic),94.07,3802.6,No
9676-ZKBJ,Female,0,No,No,56,Yes,Yes,Fiber optic,No,Yes,Yes,No,Yes,No,Two year,Yes,Mailed check,90.79,4980.84,No
8035-RGAY,Male,0,No,No,30,Yes,No,DSL,No,Yes,No,No,Yes,No,Two year,Yes,Bank transfer (automatic),60.62,1680.24,No
4521-ZQMI,Male,0,No,No,55,Yes,Yes,Fiber optic,Yes,Yes,No,Yes,Yes,Yes,Two year,Yes,Electronic check,100.7,5522.4,No
8185-IOWU,Female,0,No,Yes,35,Yes,No,DSL,Yes,No,No,Yes,No,No,One year,Yes,Mailed check,58.09,1755.93,No
2971-GKMX,Female,0,Yes,No,38,Yes,Yes,Fiber optic,No,Yes,No,No,Yes,Yes,One year,No,Bank transfer (automatic),100.07,3820.7,Yes
5625-CLUT,Female,0,No,No,19,Yes,Yes,No,No internet service,No internet service,No internet service,No internet service,No internet service,No internet service,Two year,No,Bank transfer (automatic),36.9,709.09,Yes
4570-OEVC,Female,0,No,No,18,Yes,Yes,DSL,No,No,No,No,Yes,No,Month-to-month,Yes,Electronic check,57.49,974.99,Yes
9207-HQNU,Male,0,Yes,No,54,Yes,No,No,No internet service,No internet service,No internet service,No internet service,No internet service,No internet service,Month-to-month,No,Mailed check,24.85,1318.05,No
4937-SGNL,Female,1,Yes,No,26,Yes,No,DSL,Yes,No,No,No,Yes,Yes,One year,Yes,Mailed check,59.36,1458.06,No
2143-APTJ,Male,0,Yes,No,48,No,No phone service,No,No internet service,No internet service,No internet service,No internet service,No internet service,No internet service,Two year,Yes,Credit card (automatic),19.16,859.3,No
1904-MWKH,Female,0,Yes,Yes,9,Yes,No,Fiber optic,Yes,No,No,Yes,Yes,No,Month-to-month,No,Credit card (automatic),93.35,898.32,Yes
9793-MLQD,Male,0,No,No,3,Yes,No,DSL,No,No,No,Yes,Yes,Yes,Two year,No,Bank transfer (automatic),67.2,193.6,No
7019-FPTA,Female,0,Yes,No,22,No,No phone service,DSL,No,No,Yes,Yes,No,Yes,One year,No,Mailed check,62.57,1354.66,No
9339-NNJY,Female,0,Yes,Yes,45,Yes,No,DSL,Yes,Yes,No,No,No,Yes,Two year,No,Credit card (automatic),66.58,2788.89,No
2148-KNIM,Female,0,Yes,No,61,Yes,No,Fiber optic,No,No,Yes,No,Yes,Yes,One year,Yes,Electronic check,98.22,5844.17,Yes
2942-RYCT,Male,0,Yes,Yes,62,Yes,Yes,DSL,Yes,Yes,Yes,No,No,No,Month-to-month,Yes,Credit card (automatic),68.49,4028.87,No
4861-UGSG,Female,0,Yes,No,42,Yes,No,DSL,No,No,Yes,Yes,No,No,Month-to-month,Yes,Mailed check,61.21,2404.84,No
2709-AJLK,Female,0,Yes,No,11,No,No phone service,DSL,Yes,Yes,Yes,No,No,No,Month-to-month,No,Electronic check,54.09,578.78,Yes
5511-DYAZ,Female,0,No,Yes,27,Yes,Yes,Fiber optic,No,No,Yes,Yes,No,Yes,Month-to-month,No,Mailed check,97.67,2539.73,Yes
1793-TDGP,Female,1,No,No,20,Yes,Yes,DSL,No,No,No,Yes,Yes,No,One year,Yes,Credit card (automatic),68.53,1365.46,No
5013-RADK,Male,0,Yes,No,10,Yes,Yes,DSL,No,Yes,Yes,Yes,Yes,No,Two year,No,Electronic check,81.5,762.78,No
5491-FZUO,Female,0,No,Yes,35,Yes,Yes,DSL,No,Yes,Yes,Yes,No,Yes,Month-to-month,Yes,Electronic check,83.9,2971.2,No
6812-HFYF,Female,0,Yes,Yes,48,Yes,Yes,No,No internet service,No internet service,No internet service,No internet service,No internet service,No internet service,One year,No,Credit card (automatic),31.07,1396.29,No
8863-NASZ,Female,0,No,Yes,27,Yes,No,No,No internet service,No internet service,No internet service,No internet service,No internet service,No internet service,Two year,Yes,Bank transfer (automatic),18.31,474.2,No
8673-UTQK,Male,0,No,Yes,16,Yes,No,Fiber optic,Yes,Yes,No,No,No,Yes,Month-to-month,Yes,Electronic check,87.77,1305.76,Yes
6908-PCOS,Male,0,No,No,35,Yes,No,Fiber optic,No,Yes,No,No,No,No,Month-to-month,Yes,Mailed check,78.86,2650.14,No
5357-WEJP,Female,1,Yes,Yes,13,Yes,Yes,DSL,No,No,No,No,Yes,No,Two year,No,Bank transfer (automatic),61.16,699.64,No
9490-GCIJ,Male,0,No,No,16,Yes,No,Fiber optic,Yes,No,Yes,Yes,No,No,Month-to-month,No,Electronic check,87.6,1359.76,No
9457-JDYQ,Female,0,No,Yes,50,Yes,No,DSL,No,No,Yes,No,No,Yes,One year,No,Credit card (automatic),61.38,2882.94,No
6364-BFBT,Male,0,Yes,Yes,49,Yes,No,No,No internet service,No internet service,No internet service,No internet service,No internet service,No internet service,Month-to-month,Yes,Credit card (automatic),30.92,1441.55,Yes
4888-ZJFO,Male,1,Yes,No,49,Yes,Yes,DSL,No,No,No,Yes,Yes,Yes,Month-to-month,Yes,Credit card (automatic),72.43,3656.87,No
8302-MZDG,Male,0,Yes,No,42,No,No phone service,Fiber optic,Yes,No,Yes,No,Yes,Yes,Month-to-month,Yes,Credit card (automatic),81.11,3224.3,No
1668-YUXN,Male,0,Yes,Yes,17,Yes,Yes,Fiber optic,No,No,No,No,Yes,Yes,Month-to-month,Yes,Mailed check,94.7,1559.7,Yes
6398-JLDR,Female,0,No,No,35,Yes,Yes,No,No internet service,No internet service,No internet service,No internet service,No internet service,No internet service,Month-to-month,Yes,Electronic check,33.22,1141.57,No
4468-OUFG,Male,0,Yes,No,35,Yes,No,Fiber optic,No,No,Yes,No,No,No,Month-to-month,Yes,Electronic check,76.2,2647.94,Yes
8210-OOMD,Male,0,No,No,69,Yes,Yes,No,No internet service,No internet service,No internet service,No internet service,No internet service,No internet service,Two year,No,Mailed check,31.92,2178.19,No
9893-MQHC,Female,0,Yes,No,38,Yes,No,DSL,Yes,No,Yes,No,No,No,One year,Yes,Bank transfer (automatic),59.2,2250.75,No
1479-JYFF,Female,0,No,No,24,Yes,No,Fiber optic,No,Yes,Yes,No,No,Yes,Month-to-month,Yes,Bank transfer (automatic),90.33,2049.7,No
6685-MNHC,Female,0,No,No,24,Yes,Yes,Fiber optic,Yes,No,No,Yes,No,Yes,One year,Yes,Bank transfer (automatic),79.28,1819.13,No
1325-STGS,Male,0,Yes,No,66,Yes,Yes,Fiber optic,Yes,No,Yes,No,No,No,One year,Yes,Bank transfer (automatic),86.58,5156.46,No
8117-EPOJ,Male,0,Yes,Yes,58,Yes,Yes,DSL,Yes,No,No,No,No,Yes,Two year,No,Mailed check,68.3,3820.14,No
8594-FJJX,Female,0,No,Yes,40,Yes,No,DSL,Yes,Yes,Yes,Yes,Yes,No,One year,No,Electronic check,82.98,3253.57,No
3227-WAHF,Male,0,Yes,Yes,62,Yes,No,DSL,No,Yes,Yes,No,Yes,Yes,Month-to-month,No,Bank transfer (automatic),80.47,4692.71,No
6913-TXTH,Male,0,Yes,No,32,Yes,No,No,No internet service,No internet service,No internet service,No internet service,No internet service,No internet service,Two year,Yes,Credit card (automatic),27.4,785.55,No
7206-ATCE,Female,0,No,No,35,Yes,Yes,DSL,Yes,Yes,Yes,Yes,No,No,Month-to-month,No,Mailed check,81.71,2671.56,No
3333-VVGL,Male,0,No,No,31,Yes,No,DSL,No,No,Yes,No,No,Yes,Two year,Yes,Electronic check,61.96,1836.43,No
6049-OWQI,Female,0,No,Yes,16,Yes,Yes,Fiber optic,No,No,Yes,No,No,No,One year,Yes,Mailed check,80.69,1266.57,No
7220-LSOY,Male,0,No,No,66,Yes,Yes,Fiber optic,No,Yes,Yes,Yes,Yes,Yes,Two year,Yes,Credit card (automatic),108.42,6694.35,No
9952-ZPLF,Female,0,Yes,No,64,Yes,No,No,No internet service,No internet service,No internet service,No internet service,No internet service,No internet service,Month-to-month,No,Bank transfer (automatic),21.27,1316.4,No
7480-QNRX,Female,1,Yes,Yes,21,Yes,Yes,Fiber optic,No,No,No,No,No,No,Month-to-month,Yes,Electronic check,75.41,1466.89,Yes
3969-YUKS,Male,0,No,No,12,Yes,Yes,Fiber optic,Yes,No,No,Yes,No,No,Month-to-month,No,Mailed check,79.94,930.05,No
2041-EBBH,Male,0,No,No,1,Yes,No,DSL,Yes,Yes,No,No,No,Yes,Month-to-month,Yes,Credit card (automatic),64.7,61.1,No
4284-QPEW,Male,0,No,No,20,Yes,Yes,Fiber optic,Yes,No,Yes,No,No,No,Two year,No,Bank transfer (automatic),85.35,1652.78,No
8327-AIDZ,Female,0,No,Yes,42,Yes,Yes,Fiber optic,Yes,No,No,Yes,Yes,No,Two year,Yes,Bank transfer (automatic),98.81,3918.52,No
3214-SSRL,Female,0,Yes,No,6,Yes,No,No,No internet service,No internet service,No internet service,No internet service,No internet service,No internet service,Month-to-month,Yes,Credit card (automatic),26.73,155.36,No
7516-TDIT,Female,0,Yes,No,53,Yes,No,DSL,No,Yes,No,No,No,No,One year,Yes,Credit card (automatic),51.12,2633.45,No
5898-FDNC,Female,1,Yes,Yes,48,Yes,Yes,DSL,Yes,Yes,Yes,No,Yes,No,Two year,Yes,Credit card (automatic),75.54,3194.93,No
2592-AJYX,Male,0,No,Yes,11,Yes,No,No,No internet service,No internet service,No internet service,No internet service,No internet service,No internet service,Month-to-month,Yes,Mailed check,27.21,290.24,Yes
4925-YDRR,Male,0,Yes,No,44,Yes,No,DSL,No,Yes,Yes,No,Yes,No,Month-to-month,Yes,Electronic check,68.13,2693.47,No
5385-SJWO,Female,0,Yes,Yes,34,Yes,Yes,No,No internet service,No internet service,No internet service,No internet service,No internet service,No internet service,Month-to-month,No,Credit card (automatic),39.64,1290.05,No
3497-TSYP,Male,0,Yes,No,18,Yes,No,Fiber optic,No,No,No,No,Yes,Yes,Month-to-month,Yes,Electronic check,94.11,1648.5,No
3582-LWGC,Male,0,Yes,No,2,Yes,No,DSL,No,No,No,No,Yes,No,One year,Yes,Bank transfer (automatic),62.4,126.93,No
5415-LGVU,Male,0,No,Yes,26,Yes,No,Fiber optic,Yes,No,No,No,Yes,Yes,Two year,No,Mailed check,89.53,2273.17,Yes
5966-SJWF,Female,0,No,Yes,44,Yes,No,No,No internet service,No internet service,No internet service,No internet service,No internet service,No internet service,Month-to-month,No,Credit card (automatic),26.04,1102.71,No
3009-IYQG,Male,0,Yes,Yes,21,Yes,No,DSL,Yes,Yes,No,No,Yes,No,One year,Yes,Electronic check,62.01,1242.03,Yes
2440-TWXT,Female,0,Yes,Yes,9,Yes,Yes,No,No internet service,No internet service,No internet service,No internet service,No internet service,No internet service,One year,No,Credit card (automatic),30.87,285.52,No
4843-LRBK,Male,0,No,No,27,Yes,No,Fiber optic,Yes,Yes,No,Yes,No,Yes,Month-to-month,No,Mailed check,95.7,2405.15,Yes
5406-LKOR,Male,0,No,No,50,Yes,No,DSL,Yes,No,Yes,No,No,No,Month-to-month,No,Bank transfer (automatic),57.89,2679.47,No
3664-VIJX,Male,0,No,No,40,Yes,Yes,DSL,Yes,No,No,Yes,No,Yes,Two year,No,Electronic check,71.42,2657.02,Yes
3908-WTJO,Female,1,Yes,No,35,Yes,No,DSL,No,No,Yes,No,Yes,No,Month-to-month,Yes,Bank transfer (automatic),58.64,2042.45,No
9549-EYDP,Female,0,No,No,35,Yes,No,DSL,Yes,Yes,Yes,No,No,No,Two year,No,Bank transfer (automatic),66.31,2226.88,No
6621-JVNW,Female,0,Yes,No,47,Yes,Yes,DSL,No,Yes,Yes,No,Yes,No,Month-to-month,No,Electronic check,72.47,3304.67,No
9860-EKLP,Male,0,Yes,No,69,Yes,No,Fiber optic,No,Yes,No,Yes,Yes,Yes,Month-to-month,No,Electronic check,96.71,6288.68,No
9634-SCTY,Male,0,Yes,No,51,Yes,No,DSL,No,No,Yes,No,Yes,Yes,Month-to-month,No,Mailed check,68.14,3434.99,No
8722-GNHZ,Male,0,Yes,No,14,No,No phone service,DSL,No,No,No,No,Yes,Yes,Two year,No,Credit card (automatic),57.33,754.2,No
9778-ARWP,Male,0,No,No,61,Yes,No,DSL,Yes,No,No,No,Yes,Yes,Two year,Yes,Electronic check,63.51,3630.08,No
7816-AGHH,Female,0,No,Yes,20,Yes,Yes,Fiber optic,Yes,No,No,Yes,Yes,Yes,Month-to-month,No,Electronic check,105.12,2053.12,Yes
2713-VRYO,Male,0,No,No,35,Yes,No,Fiber optic,Yes,Yes,Yes,Yes,Yes,Yes,One year,Yes,Credit card (automatic),110.54,3804.62,Yes
6172-RFHY,Female,0,Yes,No,20,Yes,No,DSL,Yes,No,Yes,No,Yes,No,Month-to-month,No,Electronic check,70.63,1376.03,Yes
3035-RJPQ,Male,0,Yes,No,43,Yes,Yes,Fiber optic,Yes,No,No,Yes,Yes,Yes,Month-to-month,Yes,Bank transfer (automatic),98.91,4257.97,No
7551-TPFI,Female,0,Yes,No,19,Yes,Yes,Fiber optic,Yes,Yes,No,No,Yes,No,One year,No,Bank transfer (automatic),95.66,1728.49,Yes
3064-QZIU,Male,0,No,Yes,44,Yes,No,Fiber optic,No,No,Yes,No,No,Yes,Month-to-month,Yes,Mailed check,82.4,3475.03,No
8213-DDKH,Male,0,No,No,15,Yes,No,DSL,Yes,Yes,Yes,No,Yes,No,Month-to-month,Yes,Mailed check,68.4,985.72,No
5128-ENOK,Female,0,No,Yes,42,Yes,Yes,Fiber optic,Yes,No,Yes,Yes,No,No,Month-to-month,Yes,Bank transfer (automatic),90.23,3726.49,Yes
7041-IFJB,Female,0,No,Yes,36,Yes,No,No,No internet service,No internet service,No internet service,No internet service,No internet service,No internet service,One year,No,Electronic check,23.97,860.1,No
6443-VLMN,Male,0,No,Yes,29,Yes,No,Fiber optic,No,No,Yes,Yes,No,No,Month-to-month,Yes,Mailed check,82.29,2126.77,Yes
2688-IUYF,Female,1,No,No,14,Yes,Yes,No,No internet service,No internet service,No internet service,No internet service,No internet service,No internet service,Two year,Yes,Bank transfer (automatic),27.11,345.96,No
3170-QGYO,Female,0,No,Yes,50,Yes,Yes,Fiber optic,Yes,Yes,No,Yes,Yes,No,Month-to-month,No,Bank transfer (automatic),96.32,4564.94,Yes
5313-GKQU,Male,1,No,No,6,Yes,Yes,No,No internet service,No internet service,No internet service,No internet service,No internet service,No internet service,Month-to-month,Yes,Bank transfer (automatic),25.06,141.32,No
9542-BJRF,Female,1,No,Yes,25,Yes,No,Fiber optic,Yes,Yes,No,Yes,No,No,Two year,Yes,Electronic check,85.32,2010.12,No
7690-UKNM,Male,0,No,No,1,Yes,No,Fiber optic,Yes,No,No,No,Yes,No,Month-to-month,No,Bank transfer (automatic),83.3,75.58,Yes
4627-XYJC,Male,1,Yes,No,44,Yes,Yes,Fiber optic,No,No,No,No,Yes,Yes,One year,Yes,Mailed check,88.24,3760.25,No
4721-MTVR,Female,0,Yes,Yes,28,Yes,No,Fiber optic,Yes,Yes,Yes,No,Yes,Yes,Two year,Yes,Electronic check,102.57,2896.26,No
9658-WYSE,Female,1,No,Yes,44,Yes,No,Fiber optic,No,Yes,No,Yes,Yes,No,Two year,Yes,Bank transfer (automatic),84.81,3529.46,No
5623-URWN,Male,0,Yes,No,29,Yes,No,Fiber optic,No,No,No,Yes,No,No,Two year,No,Bank transfer (automatic),76.21,2144.72,No
4919-SDFN,Female,0,No,Yes,36,Yes,No,Fiber optic,No,No,No,No,No,Yes,Month-to-month,Yes,Mailed check,73.64,2444.96,No
3195-YPMF,Male,0,Yes,No,7,Yes,Yes,Fiber optic,No,No,Yes,Yes,Yes,No,Month-to-month,Yes,Bank transfer (automatic),89.17,644.62,Yes
6759-DWXW,Female,0,No,No,55,No,No phone service,No,No internet service,No internet service,No internet service,No internet service,No internet service,No internet service,One year,Yes,Bank transfer (automatic),18.0,1004.49,No
3987-BZDI,Male,0,No,Yes,52,Yes,Yes,No,No internet service,No internet service,No internet service,No internet service,No internet service,No internet service,Two year,No,Bank transfer (automatic),28.35,1504.2,No
2681-QGJZ,Female,0,No,Yes,28,Yes,No,Fiber optic,No,Yes,Yes,No,Yes,No,Month-to-month,Yes,Mailed check,95.24,2534.98,Yes
1133-PDOD,Male,0,No,No,22,No,No phone service,Fiber optic,Yes,No,Yes,No,Yes,No,Month-to-month,Yes,Electronic check,76.99,1654.4,Yes
3442-EWRT,Male,0,Yes,Yes,30,Yes,No,Fiber optic,Yes,Yes,Yes,Yes,No,No,Two year,Yes,Mailed check,87.8,2440.44,No
9520-PAXI,Female,1,No,Yes,56,Yes,No,DSL,No,Yes,No,No,No,Yes,Month-to-month,No,Bank transfer (automatic),62.58,3279.79,No
2628-XAUP,Male,0,Yes,No,52,Yes,Yes,No,No internet service,No internet service,No internet service,No internet service,No internet service,No internet service,Two year,No,Credit card (automatic),26.9,1367.49,No
7254-PAFX,Female,0,Yes,No,63,Yes,Yes,No,No internet service,No internet service,No internet service,No internet service,No internet service,No internet service,Two year,Yes,Electronic check,29.6,1802.41,No
2787-VOAZ,Male,0,No,Yes,67,Yes,No,DSL,No,Yes,Yes,Yes,No,No,Month-to-month,No,Credit card (automatic),66.51,4156.36,No
3358-YHCW,Female,0,Yes,No,10,Yes,No,DSL,No,Yes,Yes,No,No,No,Two year,Yes,Credit card (automatic),60.08,585.21,No
5436-KMCN,Female,1,Yes,No,44,Yes,No,DSL,No,No,No,Yes,Yes,Yes,Two year,No,Electronic check,66.42,2718.86,No
4806-CZQC,Female,1,No,No,4,Yes,No,Fiber optic,Yes,Yes,No,No,Yes,Yes,Two year,No,Mailed check,90.53,336.04,No
7439-PQVN,Female,0,No,Yes,46,Yes,Yes,No,No internet service,No internet service,No internet service,No internet service,No internet service,No internet service,Two year,Yes,Bank transfer (automatic),27.4,1161.62,No
4676-WWWF,Male,0,Yes,No,25,Yes,Yes,Fiber optic,No,No,No,No,Yes,Yes,One year,No,Electronic check,86.62,2140.69,No
9228-OFNN,Female,0,Yes,Yes,58,Yes,No,No,No internet service,No internet service,No internet service,No internet service,No internet service,No internet service,One year,Yes,Credit card (automatic),24.46,1321.86,No
8188-YRFE,Male,0,No,No,5,Yes,Yes,Fiber optic,Yes,No,Yes,No,Yes,Yes,Month-to-month,Yes,Mailed check,95.4,474.53,Yes
5053-KIMT,Female,0,No,Yes,3,Yes,Yes,No,No internet service,No internet service,No internet service,No internet service,No internet service,No internet service,Month-to-month,Yes,Credit card (automatic),28.39,90.02,Yes
4171-GBAE,Male,0,No,No,27,Yes,No,DSL,No,No,Yes,No,No,Yes,Two year,Yes,Electronic check,65.97,1677.14,No
4324-LJLG,Female,0,No,No,44,Yes,Yes,No,No internet service,No internet service,No internet service,No internet service,No internet service,No internet service,Month-to-month,No,Electronic check,29.1,1272.05,No
7184-YIQQ,Male,0,No,No,5,Yes,No,Fiber optic,Yes,Yes,No,Yes,No,No,One year,Yes,Electronic check,88.2,391.84,Yes
4271-LBOF,Male,0,No,No,31,No,No phone service,No,No internet service,No internet service,No internet service,No internet service,No internet service,No internet service,Month-to-month,No,Credit card (automatic),22.84,651.64,No
6268-XTXZ,Female,0,Yes,Yes,26,Yes,Yes,DSL,No,No,Yes,No,Yes,Yes,Two year,No,Electronic check,82.95,2122.42,No
4222-MAKJ,Male,0,No,No,20,Yes,No,Fiber optic,No,Yes,No,No,Yes,No,One year,Yes,Credit card (automatic),79.68,1492.96,Yes
8945-PPNI,Female,0,Yes,No,25,Yes,No,DSL,Yes,No,No,Yes,Yes,Yes,One year,Yes,Mailed check,76.89,1966.67,No
2811-JCSA,Male,0,Yes,Yes,21,Yes,No,Fiber optic,No,No,No,No,Yes,Yes,Month-to-month,Yes,Bank transfer (automatic),86.09,1630.84,No
8219-QTSC,Male,0,No,No,30,No,No phone service,Fiber optic,Yes,No,No,No,Yes,No,One year,Yes,Electronic check,78.69,2175.91,No
6996-SFYN,Female,0,No,No,30,Yes,Yes,Fiber optic,Yes,No,Yes,No,No,No,Month-to-month,No,Credit card (automatic),85.82,2452.75,Yes
1741-PLXR,Male,0,Yes,No,68,Yes,No,Fiber optic,No,No,Yes,No,Yes,No,Month-to-month,Yes,Electronic check,87.65,5834.35,Yes
4290-CSWK,Male,0,Yes,No,50,Yes,No,DSL,No,No,No,Yes,No,Yes,Month-to-month,Yes,Electronic check,65.48,3140.4,No
4914-KKXR,Male,1,Yes,No,33,Yes,No,DSL,No,Yes,Yes,No,Yes,No,Month-to-month,Yes,Bank transfer (automatic),69.34,2206.87,No
3143-MZHC,Male,0,Yes,No,4,Yes,No,Fiber optic,Yes,Yes,Yes,Yes,Yes,Yes,Month-to-month,Yes,Credit card (automatic),109.48,417.72,Yes
7757-HTYQ,Female,0,Yes,No,14,Yes,Yes,Fiber optic,Yes,Yes,No,Yes,Yes,Yes,Month-to-month,Yes,Electronic check,108.73,1527.67,Yes
7092-EQHB,Female,0,No,No,57,Yes,Yes,DSL,Yes,No,Yes,Yes,Yes,Yes,Two year,No,Credit card (automatic),79.7,3974.7,No
2250-ECXX,Male,0,No,No,12,Yes,Yes,No,No internet service,No internet service,No internet service,No internet service,No internet service,No internet service,Two year,Yes,Mailed check,33.23,373.36,No
9457-GSGZ,Female,0,Yes,No,60,Yes,Yes,No,No internet service,No internet service,No internet service,No internet service,No internet service,No internet service,Month-to-month,Yes,Electronic check,29.66,1508.36,No
7705-TASM,Male,1,Yes,No,14,Yes,Yes,No,No internet service,No internet service,No internet service,No internet service,No internet service,No internet service,Two year,No,Electronic check,28.89,411.64,No
5122-NMZL,Male,0,No,No,54,Yes,Yes,Fiber optic,Yes,Yes,No,No,Yes,No,Two year,No,Electronic check,98.26,5087.15,No
9820-GYEJ,Male,0,No,No,15,Yes,Yes,No,No internet service,No internet service,No internet service,No internet service,No internet service,No internet service,Two year,No,Credit card (automatic),23.94,329.55,No
4005-JQXM,Male,0,Yes,No,47,Yes,Yes,Fiber optic,No,No,Yes,No,Yes,No,One year,No,Mailed check,85.18,3927.92,Yes
7897-MCJA,Male,0,No,No,49,Yes,Yes,Fiber optic,No,Yes,No,No,Yes,Yes,One year,Yes,Bank transfer (automatic),92.31,4419.8,No
7750-YFPN,Female,0,Yes,No,47,Yes,Yes,No,No internet service,No internet service,No internet service,No internet service,No internet service,No internet service,Two year,No,Electronic check,34.89,1594.72,No
8262-RSML,Male,1,Yes,Yes,69,Yes,Yes,DSL,No,Yes,No,No,Yes,No,One year,Yes,Bank transfer (automatic),72.0,4692.44,No
2778-ECDF,Male,0,Yes,No,51,Yes,Yes,DSL,Yes,No,No,No,Yes,Yes,Two year,Yes,Mailed check,80.17,3906.83,No
2183-DLHG,Male,0,No,No,20,Yes,No,Fiber optic,No,Yes,Yes,Yes,No,No,One year,Yes,Electronic check,85.4,1785.61,No
2524-SFCL,Female,0,Yes,No,9,Yes,No,Fiber optic,Yes,Yes,No,No,Yes,Yes,One year,No,Electronic check,96.38,772.88,No
9257-OYMO,Female,0,Yes,No,13,Yes,Yes,Fiber optic,Yes,No,Yes,No,Yes,No,One year,No,Mailed check,93.5,1099.95,Yes
5360-VNUE,Male,0,No,No,3,Yes,Yes,Fiber optic,No,Yes,No,No,Yes,No,One year,No,Electronic check,91.76,287.34,No
3371-UVPU,Female,0,Yes,No,42,Yes,No,Fiber optic,No,No,Yes,No,No,No,Month-to-month,No,Electronic check,80.75,3372.58,No
5377-HGJT,Male,0,Yes,No,23,Yes,No,No,No internet service,No internet service,No internet service,No internet service,No internet service,No internet service,Month-to-month,No,Mailed check,27.56,624.17,No
4998-RPGI,Female,0,Yes,No,2,Yes,Yes,No,No internet service,No internet service,No internet service,No internet service,No internet service,No internet service,Two year,No,Electronic check,29.02,56.74,No
2304-UXYS,Female,0,No,Yes,17,Yes,Yes,Fiber optic,Yes,No,No,No,Yes,Yes,One year,No,Electronic check,99.03,1709.4,Yes
2254-LBQK,Male,0,Yes,Yes,54,Yes,No,Fiber optic,No,Yes,No,Yes,No,No,One year,No,Mailed check,81.8,4525.06,No
4644-HLEE,Male,0,Yes,No,27,Yes,No,Fiber optic,Yes,No,No,Yes,Yes,No,Two year,No,Credit card (automatic),87.45,2285.69,No
5187-LELE,Male,0,No,No,11,Yes,No,Fiber optic,Yes,No,No,No,Yes,No,Month-to-month,Yes,Credit card (automatic),82.57,875.97,No
5971-BASX,Male,0,No,No,46,No,No phone service,DSL,No,Yes,No,Yes,Yes,Yes,One year,Yes,Credit card (automatic),67.51,2970.35,Yes
8384-TRKS,Female,0,No,No,39,Yes,Yes,DSL,No,No,No,No,Yes,Yes,Month-to-month,Yes,Mailed check,74.11,2828.72,Yes
7431-FVLB,Female,0,No,No,63,Yes,Yes,No,No internet service,No internet service,No internet service,No internet service,No internet service,No internet service,Two year,No,Credit card (automatic),24.47,1461.06,No
5866-COAC,Female,0,No,No,59,Yes,Yes,Fiber optic,Yes,Yes,No,Yes,Yes,Yes,Two year,No,Electronic check,94.78,5758.01,No
1874-MEGA,Male,0,Yes,No,37,Yes,Yes,No,No internet service,No internet service,No internet service,No internet service,No internet service,No internet service,Month-to-month,No,Bank transfer (automatic),28.17,1032.19,No
7312-QAKJ,Male,1,Yes,Yes,32,Yes,No,DSL,No,Yes,Yes,No,No,No,Month-to-month,Yes,Electronic check,62.29,1952.0,Yes
5605-BPGW,Female,0,No,Yes,24,No,No phone service,DSL,No,Yes,Yes,Yes,No,Yes,Month-to-month,No,Electronic check,64.36,1578.0,Yes
4169-ZWVA,Female,1,Yes,No,17,Yes,No,No,No internet service,No internet service,No internet service,No internet service,No internet service,No internet service,Month-to-month,No,Mailed check,25.16,405.78,No
9440-LEWX,Female,0,No,No,46,Yes,Yes,No,No internet service,No internet service,No internet service,No internet service,No internet service,No internet service,Month-to-month,Yes,Mailed check,29.29,1297.37,No
1041-ZEOS,Male,0,Yes,No,70,Yes,Yes,DSL,Yes,No,Yes,No,Yes,Yes,One year,Yes,Electronic check,80.27,5465.18,Yes
1680-HRCY,Female,0,Yes,No,62,Yes,No,DSL,Yes,No,No,Yes,Yes,No,Two year,Yes,Bank transfer (automatic),59.77,3986.36,No
6415-SSIM,Female,0,Yes,No,51,Yes,Yes,Fiber optic,Yes,No,No,Yes,No,No,Month-to-month,Yes,Credit card (automatic),80.69,3832.17,Yes
6407-VLXT,Male,0,No,Yes,16,Yes,Yes,No,No internet service,No internet service,No internet service,No internet service,No internet service,No internet service,Month-to-month,No,Electronic check,32.01,462.96,No
8857-WLRJ,Male,0,Yes,No,39,No,No phone service,DSL,No,Yes,No,No,Yes,Yes,Month-to-month,No,Bank transfer (automatic),64.1,2388.15,No
4583-SKPB,Female,0,No,No,25,Yes,No,No,No internet service,No internet service,No internet service,No internet service,No internet service,No internet service,Month-to-month,No,Electronic check,27.17,641.21,No
4825-SCHX,Male,1,No,No,42,No,No phone service,DSL,No,No,Yes,Yes,No,Yes,Two year,No,Electronic check,53.58,2206.36,No
2330-HGSG,Male,0,No,No,34,Yes,No,No,No internet service,No internet service,No internet service,No internet service,No internet service,No internet service,One year,No,Electronic check,32.64,1041.97,No
1943-YMZC,Male,0,No,Yes,40,Yes,Yes,Fiber optic,Yes,No,Yes,No,No,Yes,Month-to-month,Yes,Mailed check,93.9,3636.89,No
8706-BZPL,Male,0,No,No,5,Yes,No,DSL,No,No,Yes,Yes,Yes,Yes,One year,Yes,Electronic check,64.9,314.75,No
5273-VJRU,Female,0,Yes,No,61,Yes,No,No,No internet service,No internet service,No internet service,No internet service,No internet service,No internet service,Month-to-month,No,Electronic check,33.22,1871.95,No
7403-XBBC,Female,0,Yes,Yes,5,Yes,No,DSL,Yes,No,No,Yes,Yes,Yes,Month-to-month,No,Bank transfer (automatic),76.78,368.63,No
8098-KGUY,Female,0,No,No,51,Yes,No,DSL,Yes,Yes,Yes,Yes,No,No,One year,Yes,Electronic check,68.69,3461.93,No
3467-PEPY,Female,1,Yes,No,31,Yes,No,Fiber optic,Yes,No,Yes,No,Yes,No,One year,No,Mailed check,89.31,2579.07,No
8464-BKGZ,Male,0,No,No,61,Yes,Yes,Fiber optic,No,No,No,Yes,No,Yes,Two year,No,Electronic check,90.23,5366.6,No
3520-MKWF,Male,0,Yes,Yes,24,Yes,Yes,Fiber optic,Yes,No,Yes,No,No,No,Month-to-month,No,Mailed check,92.62,2262.08,No
2099-HOAV,Male,1,No,No,2,Yes,Yes,DSL,Yes,Yes,No,Yes,No,No,Month-to-month,Yes,Mailed check,70.77,142.09,No
3251-EIKT,Female,0,Yes,No,0,Yes,No,Fiber optic,Yes,Yes,No,Yes,No,Yes,Month-to-month,No,Mailed check,90.63,,No
3089-WPUO,Female,0,No,Yes,3,Yes,No,Fiber optic,No,No,Yes,No,No,No,Month-to-month,Yes,Credit card (automatic),79.86,243.51,No
7116-YQHT,Male,1,No,No,18,Yes,No,DSL,Yes,Yes,No,No,No,Yes,Month-to-month,Yes,Electronic check,62.22,1064.23,Yes
8311-MBYL,Female,1,Yes,Yes,48,No,No phone service,DSL,No,Yes,Yes,No,No,No,Month-to-month,Yes,Electronic check,51.86,2454.83,No
2735-SPEA,Female,0,No,Yes,22,Yes,No,Fiber optic,No,No,Yes,No,No,Yes,Month-to-month,Yes,Bank transfer (automatic),87.5,1759.62,Yes
4392-TNJZ,Female,0,No,Yes,56,Yes,Yes,Fiber optic,No,Yes,No,Yes,Yes,No,One year,Yes,Bank transfer (automatic),96.43,5227.72,No
8270-CMCW,Male,1,Yes,Yes,18,No,No phone service,Fiber optic,No,No,Yes,No,Yes,Yes,Two year,Yes,Mailed check,79.59,1198.63,No
5173-ZCJJ,Male,0,No,Yes,28,Yes,Yes,No,No internet service,No internet service,No internet service,No internet service,No internet service,No internet service,Month-to-month,Yes,Credit card (automatic),25.64,715.7,No
3097-CMOZ,Female,0,Yes,No,11,Yes,Yes,Fiber optic,Yes,Yes,No,No,Yes,No,Month-to-month,No,Electronic check,94.62,982.82,No
1526-AQGA,Male,0,No,Yes,59,Yes,No,No,No internet service,No internet service,No internet service,No internet service,No internet service,No internet service,One year,Yes,Electronic check,26.1,1373.48,No
8795-PXUC,Male,0,Yes,No,28,No,No phone service,No,No internet service,No internet service,No internet service,No internet service,No internet service,No internet service,One year,Yes,Credit card (automatic),18.0,472.38,No
5574-PTSS,Male,0,No,No,33,Yes,Yes,Fiber optic,No,No,Yes,No,Yes,Yes,Two year,No,Electronic check,97.93,3122.72,No
8521-UHHC,Female,0,No,Yes,56,Yes,No,No,No internet service,No internet service,No internet service,No internet service,No internet service,No internet service,One year,Yes,Credit card (automatic),30.15,1663.64,No
5403-TRNR,Female,1,No,No,35,Yes,No,DSL,Yes,No,No,No,Yes,Yes,Two year,Yes,Credit card (automatic),65.77,2421.46,No
4948-YADD,Male,0,Yes,No,51,Yes,Yes,DSL,No,No,No,No,Yes,No,Two year,Yes,Electronic check,60.02,3093.82,No
4966-OCUC,Female,0,Yes,Yes,10,Yes,Yes,DSL,Yes,No,Yes,No,No,Yes,Month-to-month,Yes,Mailed check,71.51,612.81,No
4993-HXXX,Male,0,Yes,No,39,Yes,No,Fiber optic,Yes,No,No,No,No,No,Two year,Yes,Mailed check,70.44,2898.89,No
4610-OGDF,Male,0,Yes,No,48,Yes,Yes,Fiber optic,No,No,No,No,Yes,Yes,Month-to-month,No,Mailed check,94.06,4455.86,No
3214-KSWT,Female,0,No,Yes,37,Yes,Yes,Fiber optic,No,Yes,No,No,No,No,Month-to-month,Yes,Mailed check,78.44,2829.71,Yes
5381-FFCY,Male,0,Yes,No,13,Yes,Yes,DSL,No,No,No,No,Yes,No,One year,Yes,Credit card (automatic),60.33,739.49,No
4099-YQWQ,Female,0,No,No,46,Yes,No,Fiber optic,No,No,No,Yes,Yes,Yes,One year,Yes,Electronic check,93.36,4025.83,No
2244-OZXL,Male,0,No,No,32,Yes,Yes,Fiber optic,No,Yes,Yes,No,No,Yes,One year,No,Bank transfer (automatic),93.96,2922.92,No
3369-JTBK,Male,1,Yes,No,53,Yes,No,DSL,Yes,No,Yes,No,Yes,No,One year,Yes,Mailed check,71.61,3481.8,No
9701-XHLF,Male,0,No,No,55,Yes,No,DSL,No,No,Yes,No,Yes,No,Month-to-month,Yes,Electronic check,68.67,3635.8,Yes
6472-MZYD,Female,0,Yes,Yes,14,Yes,Yes,Fiber optic,Yes,Yes,No,No,No,Yes,Month-to-month,Yes,Electronic check,99.7,1335.08,Yes
1810-FWHH,Female,0,No,No,57,Yes,No,Fiber optic,No,No,No,Yes,No,Yes,Month-to-month,Yes,Electronic check,83.73,4891.0,No
7764-LYDY,Female,1,Yes,No,49,Yes,No,Fiber optic,Yes,No,No,No,No,Yes,Month-to-month,Yes,Electronic check,85.68,4070.52,Yes
1860-GVEH,Female,1,No,No,69,Yes,Yes,No,No internet service,No internet service,No internet service,No internet service,No internet service,No internet service,Month-to-month,No,Credit card (automatic),34.84,2254.53,No
2058-JIUM,Male,0,No,No,14,Yes,No,Fiber optic,Yes,Yes,No,No,No,No,Month-to-month,Yes,Mailed check,88.58,1223.16,No
1562-AQCO,Male,0,No,No,62,No,No phone service,Fiber optic,No,No,Yes,Yes,Yes,No,Month-to-month,Yes,Electronic check,74.13,4099.85,Yes
1921-GDZO,Male,0,No,No,36,Yes,No,DSL,Yes,Yes,No,No,Yes,No,Month-to-month,Yes,Mailed check,66.99,2316.89,No
6327-HSYD,Male,0,No,No,1,Yes,Yes,Fiber optic,Yes,No,No,No,Yes,No,One year,No,Credit card (automatic),85.06,83.86,Yes
8790-LJFC,Female,0,No,Yes,16,Yes,Yes,Fiber optic,No,Yes,No,No,Yes,No,Month-to-month,Yes,Electronic check,94.32,1520.25,Yes
7390-CDWC,Male,0,No,No,6,Yes,No,Fiber optic,Yes,Yes,No,No,Yes,Yes,Two year,Yes,Mailed check,90.27,535.19,No
8173-OFOQ,Female,0,Yes,No,38,Yes,No,No,No internet service,No internet service,No internet service,No internet service,No internet service,No internet service,Month-to-month,No,Bank transfer (automatic),33.24,1236.14,Yes
6184-GHAT,Male,0,No,No,18,Yes,Yes,Fiber optic,No,No,Yes,Yes,No,Yes,Month-to-month,No,Electronic check,96.94,1760.38,Yes
9331-YSNO,Male,0,No,Yes,8,Yes,Yes,No,No internet service,No internet service,No internet service,No internet service,No internet service,No internet service,Month-to-month,No,Credit card (automatic),27.66,214.62,No
8933-KDMT,Male,1,No,Yes,9,Yes,Yes,No,No internet service,No internet service,No internet service,No internet service,No internet service,No internet service,Month-to-month,Yes,Electronic check,34.65,324.79,Yes
7669-ZELS,Female,0,No,Yes,53,Yes,No,DSL,No,No,No,Yes,Yes,No,Month-to-month,Yes,Credit card (automatic),64.14,3285.74,No
9215-NJYD,Female,0,No,Yes,58,Yes,Yes,Fiber optic,No,No,Yes,Yes,No,Yes,Month-to-month,Yes,Credit card (automatic),90.47,5204.67,No
6115-XSUI,Male,0,No,No,33,Yes,Yes,Fiber optic,Yes,No,No,No,Yes,Yes,One year,No,Bank transfer (automatic),96.98,3103.01,No
5903-EHGR,Female,1,No,Yes,37,Yes,Yes,Fiber optic,Yes,No,Yes,No,Yes,Yes,One year,Yes,Bank transfer (automatic),104.39,3886.03,No
1842-XPEN,Male,0,No,No,41,Yes,No,Fiber optic,Yes,No,Yes,Yes,No,Yes,One year,Yes,Bank transfer (automatic),95.46,3571.94,Yes
9356-LDOU,Male,0,No,Yes,34,Yes,Yes,Fiber optic,Yes,No,Yes,Yes,No,Yes,Two year,Yes,Mailed check,92.3,2942.07,No
6566-YFWR,Female,0,No,Yes,45,Yes,Yes,DSL,No,No,No,No,Yes,No,Month-to-month,Yes,Bank transfer (automatic),63.15,2833.58,No
8344-SOKW,Female,0,Yes,No,67,Yes,Yes,Fiber optic,No,Yes,Yes,Yes,No,No,Month-to-month,Yes,Electronic check,98.43,6680.73,Yes
9712-DTSJ,Female,0,Yes,No,17,Yes,Yes,No,No internet service,No internet service,No internet service,No internet service,No internet service,No internet service,Month-to-month,Yes,Mailed check,31.27,523.27,No
7849-RCUX,Female,1,No,No,30,Yes,Yes,DSL,Yes,Yes,No,Yes,Yes,No,One year,No,Electronic check,72.77,2159.22,No
9064-FKTX,Female,0,No,No,17,Yes,Yes,DSL,No,No,No,No,Yes,No,Month-to-month,Yes,Credit card (automatic),57.34,888.86,Yes
4315-QMVE,Female,0,No,Yes,6,Yes,Yes,No,No internet service,No internet service,No internet service,No internet service,No internet service,No internet service,Month-to-month,Yes,Bank transfer (automatic),37.13,216.94,No
6148-XFOL,Female,0,Yes,No,16,Yes,Yes,No,No internet service,No internet service,No internet service,No internet service,No internet service,No internet service,Two year,No,Electronic check,23.19,335.91,No
1066-HDRM,Female,1,No,No,18,Yes,Yes,Fiber optic,Yes,Yes,Yes,Yes,Yes,No,Two year,Yes,Mailed check,105.32,1848.55,No
5283-ZELF,Male,0,Yes,Yes,21,Yes,No,Fiber optic,Yes,Yes,Yes,No,Yes,No,One year,Yes,Bank transfer (automatic),95.09,1866.54,Yes
5607-BBXR,Male,0,Yes,No,45,Yes,No,DSL,No,No,Yes,No,No,No,Two year,Yes,Mailed check,55.7,2222.84,No
1664-OQED,Male,0,No,No,14,Yes,No,DSL,No,Yes,Yes,No,No,No,One year,Yes,Mailed check,61.39,916.37,No
3008-STYA,Female,0,No,Yes,37,Yes,Yes,Fiber optic,No,No,No,No,No,Yes,Month-to-month,Yes,Mailed check,89.15,2924.49,No
4791-RFAB,Male,0,No,No,32,Yes,No,DSL,No,No,Yes,Yes,Yes,No,Month-to-month,Yes,Mailed check,66.69,2085.62,No
2938-UCGN,Male,0,Yes,No,21,No,No phone service,DSL,Yes,No,No,Yes,Yes,No,Two year,No,Mailed check,61.24,1302.76,No
4540-OFLQ,Male,1,No,No,13,Yes,Yes,DSL,No,Yes,No,Yes,No,No,Month-to-month,Yes,Bank transfer (automatic),63.45,774.55,No
3817-BCMK,Male,1,Yes,No,45,Yes,Yes,Fiber optic,Yes,No,Yes,No,No,Yes,Month-to-month,No,Electronic check,97.56,4022.91,Yes
9853-EVUC,Female,1,No,No,57,Yes,No,No,No internet service,No internet service,No internet service,No internet service,No internet service,No internet service,Two year,No,Electronic check,23.7,1265.81,No
7443-CTKG,Male,1,No,No,10,No,No phone service,DSL,Yes,Yes,No,No,No,Yes,Month-to-month,No,Bank transfer (automatic),60.58,572.91,No
4865-OAGP,Male,0,No,No,48,Yes,Yes,DSL,No,Yes,No,No,No,Yes,Two year,No,Electronic check,68.18,3260.04,No
8644-QKEN,Male,0,No,No,21,Yes,Yes,Fiber optic,No,No,No,No,Yes,Yes,One year,Yes,Credit card (automatic),86.86,1742.54,Yes
1780-KGBE,Female,1,No,No,38,Yes,No,DSL,Yes,Yes,No,Yes,No,Yes,One year,Yes,Bank transfer (automatic),72.66,2830.63,No
5978-PDZL,Male,0,No,Yes,57,Yes,No,Fiber optic,No,No,No,Yes,Yes,No,One year,Yes,Mailed check,80.75,4403.21,No
9960-MODJ,Male,0,No,No,16,Yes,Yes,Fiber optic,Yes,No,Yes,No,No,No,One year,Yes,Mailed check,85.88,1302.67,Yes
7088-OTFC,Male,0,No,Yes,17,No,No phone service,Fiber optic,Yes,No,Yes,No,Yes,Yes,Two year,Yes,Electronic check,87.58,1474.95,Yes
9348-KOSX,Female,0,No,No,55,No,No phone service,DSL,No,No,No,No,No,Yes,Month-to-month,Yes,Electronic check,50.39,2692.65,Yes
9443-EXHS,Male,0,No,Yes,28,Yes,No,Fiber optic,Yes,Yes,No,No,Yes,Yes,Month-to-month,Yes,Credit card (automatic),97.93,2577.14,No
3250-VXVM,Female,0,Yes,No,21,Yes,Yes,DSL,No,No,No,Yes,Yes,No,Month-to-month,No,Mailed check,69.41,1308.74,No
5963-AKGQ,Female,1,No,No,1,Yes,No,Fiber optic,No,No,No,Yes,No,Yes,Month-to-month,No,Electronic check,84.38,81.96,Yes
7028-GWQZ,Male,0,Yes,No,43,Yes,No,Fiber optic,No,No,No,No,Yes,Yes,Month-to-month,Yes,Mailed check,88.37,3522.83,No
7339-CTZI,Female,0,No,Yes,65,Yes,No,DSL,No,No,No,Yes,No,No,Month-to-month,No,Electronic check,54.25,3502.86,No
2996-ELRU,Male,0,No,Yes,15,Yes,No,No,No internet service,No internet service,No internet service,No internet service,No internet service,No internet service,Month-to-month,No,Electronic check,23.2,328.29,Yes
9936-LBIP,Female,0,No,Yes,42,No,No phone service,Fiber optic,Yes,Yes,No,No,Yes,Yes,Month-to-month,Yes,Mailed check,86.53,3508.1,No
1062-CTPD,Male,0,No,No,53,Yes,Yes,Fiber optic,No,No,Yes,Yes,Yes,No,Two year,No,Electronic check,99.23,5248.85,Yes
8491-HAYE,Female,0,No,No,5,Yes,Yes,Fiber optic,No,Yes,No,Yes,No,No,Month-to-month,No,Mailed check,88.89,422.66,Yes
3116-ASBD,Male,1,Yes,Yes,35,Yes,No,DSL,No,Yes,No,Yes,Yes,Yes,One year,Yes,Credit card (automatic),77.34,2669.74,No
4470-ZTMV,Female,0,No,No,70,Yes,Yes,No,No internet service,No internet service,No internet service,No internet service,No internet service,No internet service,One year,No,Credit card (automatic),32.44,2235.72,No
4494-KLKH,Female,0,No,No,61,No,No phone service,Fiber optic,Yes,Yes,No,No,Yes,Yes,Month-to-month,No,Credit card (automatic),96.98,6197.83,Yes
1942-EXLB,Female,0,Yes,No,31,Yes,No,No,No internet service,No internet service,No internet service,No internet service,No internet service,No internet service,Month-to-month,Yes,Credit card (automatic),21.71,616.75,Yes
3422-GQHI,Female,0,No,No,43,Yes,No,Fiber optic,No,Yes,Yes,No,Yes,Yes,One year,Yes,Credit card (automatic),98.1,4256.02,No
9816-UYVJ,Female,0,No,No,61,No,No phone service,DSL,No,No,No,No,No,Yes,One year,No,Mailed check,42.73,2566.38,Yes
1144-JRAU,Female,0,No,Yes,39,Yes,No,No,No internet service,No internet service,No internet service,No internet service,No internet service,No internet service,Month-to-month,Yes,Electronic check,22.69,887.14,No
4480-MUDO,Female,0,No,Yes,18,Yes,Yes,DSL,Yes,No,No,No,Yes,Yes,Month-to-month,No,Electronic check,71.46,1201.94,Yes
3529-QPKS,Male,0,Yes,Yes,57,Yes,No,DSL,No,Yes,No,Yes,No,Yes,Month-to-month,Yes,Electronic check,70.63,3892.87,No
9134-UMFW,Female,0,Yes,No,63,Yes,Yes,DSL,No,Yes,Yes,No,Yes,No,Two year,Yes,Credit card (automatic),67.74,4128.96,No
2979-KLWS,Male,0,Yes,No,16,Yes,Yes,DSL,No,No,No,Yes,Yes,Yes,Month-to-month,No,Credit card (automatic),76.39,1253.89,No
3162-UELD,Male,0,Yes,Yes,61,Yes,No,No,No internet service,No internet service,No internet service,No internet service,No internet service,No internet service,Two year,Yes,Mailed check,26.33,1597.56,No
5442-WSJD,Female,0,No,No,52,Yes,No,Fiber optic,Yes,Yes,Yes,No,No,No,Month-to-month,Yes,Electronic check,98.94,4850.69,Yes
9683-LKXX,Female,0,No,No,69,Yes,No,Fiber optic,No,Yes,No,No,Yes,Yes,Month-to-month,Yes,Electronic check,94.16,6152.38,Yes
4798-PVEX,Female,0,Yes,No,60,Yes,Yes,Fiber optic,No,No,No,Yes,No,Yes,Month-to-month,No,Credit card (automatic),88.41,5598.86,No
6786-LLJE,Female,0,No,No,6,Yes,No,Fiber optic,No,No,Yes,No,No,No,Month-to-month,Yes,Credit card (automatic),77.9,444.56,Yes
1149-WZXE,Male,0,Yes,No,4,No,No phone service,DSL,No,No,No,Yes,Yes,Yes,Two year,No,Electronic check,56.51,232.4,No
5395-ANPK,Female,0,Yes,Yes,34,Yes,Yes,No,No internet service,No internet service,No internet service,No internet service,No internet service,No internet service,Two year,No,Bank transfer (automatic),26.67,858.39,No
4551-OSXL,Male,0,No,Yes,42,Yes,No,DSL,No,Yes,Yes,No,Yes,No,Two year,No,Credit card (automatic),70.6,2891.19,No
5307-FPCZ,Male,0,Yes,No,11,Yes,Yes,No,No internet service,No internet service,No internet service,No internet service,No internet service,No internet service,One year,Yes,Electronic check,30.55,289.95,No
2604-LHHX,Male,0,Yes,No,53,Yes,Yes,No,No internet service,No internet service,No internet service,No internet service,No internet service,No internet service,One year,No,Electronic check,39.04,1898.54,Yes
7208-MVAL,Male,1,Yes,Yes,27,Yes,No,DSL,Yes,No,No,No,No,No,Two year,No,Mailed check,53.84,1422.03,No
8918-DVVK,Male,0,Yes,Yes,51,Yes,No,DSL,No,No,Yes,No,Yes,No,Month-to-month,Yes,Credit card (automatic),60.92,3033.43,Yes
9319-JMWM,Male,0,No,Yes,26,Yes,Yes,DSL,Yes,No,No,Yes,No,No,Month-to-month,Yes,Bank transfer (automatic),71.36,1829.25,No
2797-PUSM,Male,0,Yes,No,69,Yes,Yes,No,No internet service,No internet service,No internet service,No internet service,No internet service,No internet service,Month-to-month,Yes,Electronic check,28.98,1961.4,No
6858-OAAS,Female,0,Yes,No,62,Yes,Yes,Fiber optic,Yes,Yes,Yes,No,Yes,No,One year,Yes,Credit card (automatic),91.68,5273.88,No
8631-ROUV,Male,0,Yes,Yes,26,Yes,Yes,No,No internet service,No internet service,No internet service,No internet service,No internet service,No internet service,One year,No,Mailed check,34.37,800.86,No
5253-HDCO,Female,0,Yes,Yes,53,Yes,No,Fiber optic,Yes,No,No,No,No,No,One year,No,Electronic check,85.85,4571.94,No
2859-MGJL,Male,0,Yes,No,31,Yes,No,DSL,Yes,Yes,Yes,No,Yes,No,Month-to-month,Yes,Bank transfer (automatic),70.99,2053.87,No
7754-LNIV,Male,0,No,Yes,52,Yes,Yes,Fiber optic,No,Yes,No,No,Yes,No,One year,No,Bank transfer (automatic),84.94,3855.39,No
1414-JSUC,Male,0,No,No,24,No,No phone service,Fiber optic,No,Yes,No,Yes,Yes,No,Month-to-month,Yes,Credit card (automatic),80.33,1990.13,Yes
8959-YJPI,Male,0,Yes,No,59,Yes,Yes,DSL,No,No,Yes,No,No,No,One year,Yes,Mailed check,57.28,3210.04,No
5074-PXXU,Male,0,No,No,63,Yes,No,DSL,Yes,Yes,Yes,No,Yes,No,Month-to-month,Yes,Electronic check,65.29,4095.35,No
3360-GKKU,Female,0,No,No,66,Yes,Yes,No,No internet service,No internet service,No internet service,No internet service,No internet service,No internet service,One year,No,Electronic check,26.49,1602.73,No
2744-JNMT,Male,0,No,No,40,Yes,No,Fiber optic,Yes,No,No,Yes,No,Yes,Month-to-month,Yes,Mailed check,93.96,3650.37,No
5101-QNDS,Male,1,No,Yes,19,Yes,No,DSL,No,Yes,No,Yes,No,Yes,Month-to-month,Yes,Mailed check,70.92,1238.79,Yes
8762-AOFU,Male,1,No,No,22,Yes,No,Fiber optic,Yes,No,Yes,No,No,Yes,One year,Yes,Electronic check,96.99,1959.18,Yes
2900-KLJQ,Female,0,No,No,39,Yes,Yes,Fiber optic,No,Yes,No,No,Yes,No,Month-to-month,Yes,Bank transfer (automatic),85.95,3292.11,Yes
9664-WGSA,Female,0,No,No,61,Yes,Yes,DSL,No,No,Yes,No,Yes,No,One year,Yes,Electronic check,63.95,3782.14,No
5157-KIXQ,Female,0,Yes,No,60,Yes,Yes,No,No internet service,No internet service,No internet service,No internet service,No internet service,No internet service,One year,Yes,Credit card (automatic),32.36,1882.49,No
6753-QMKF,Male,0,No,No,24,Yes,No,Fiber optic,Yes,Yes,No,No,Yes,No,Month-to-month,No,Electronic check,82.92,1946.83,Yes
3461-VRRA,Female,0,No,No,3,Yes,No,DSL,Yes,No,No,No,Yes,No,Two year,No,Bank transfer (automatic),59.34,163.36,No
7638-CQSP,Male,0,No,Yes,42,Yes,Yes,DSL,No,No,No,Yes,Yes,No,One year,No,Electronic check,73.71,3029.42,No
7544-KTHM,Female,0,No,No,6,Yes,Yes,No,No internet service,No internet service,No internet service,No internet service,No internet service,No internet service,Month-to-month,Yes,Mailed check,28.47,165.21,No
3535-TQDB,Female,0,Yes,No,34,Yes,Yes,Fiber optic,Yes,No,No,No,Yes,Yes,One year,No,Bank transfer (automatic),96.63,3046.64,Yes
4889-QTTJ,Male,0,Yes,No,63,No,No phone service,DSL,Yes,No,Yes,No,No,No,Two year,No,Credit card (automatic),50.83,3042.01,No
9487-WXMO,Female,0,Yes,No,58,No,No phone service,Fiber optic,No,No,No,Yes,Yes,Yes,Month-to-month,Yes,Bank transfer (automatic),82.44,4695.7,Yes
8768-LATJ,Male,0,No,No,67,Yes,Yes,DSL,No,No,Yes,Yes,No,Yes,Month-to-month,Yes,Mailed check,71.38,4432.15,No
2203-EFVO,Male,0,Yes,Yes,18,Yes,Yes,DSL,No,No,Yes,No,No,No,Two year,Yes,Bank transfer (automatic),61.99,1066.47,No
1653-PGRN,Male,0,No,No,14,Yes,No,No,No internet service,No internet service,No internet service,No internet service,No internet service,No internet service,Two year,Yes,Electronic check,36.14,507.36,No
8437-XSIB,Female,1,No,No,44,Yes,No,DSL,No,No,No,Yes,Yes,Yes,One year,Yes,Electronic check,65.99,2685.48,No
2690-EHLY,Male,0,No,Yes,69,No,No phone service,DSL,No,No,Yes,No,Yes,No,Month-to-month,No,Electronic check,56.83,3687.77,No
3806-AYTO,Female,0,No,No,47,Yes,No,DSL,No,No,No,Yes,Yes,No,One year,No,Bank transfer (automatic),69.85,3160.1,No
7254-VDDR,Male,0,Yes,Yes,37,No,No phone service,DSL,No,Yes,No,No,Yes,Yes,Month-to-month,Yes,Electronic check,61.61,2137.7,Yes
2666-FHGJ,Male,1,No,No,57,Yes,Yes,Fiber optic,Yes,No,Yes,Yes,Yes,No,Month-to-month,Yes,Electronic check,96.97,5238.28,Yes
9107-AKJZ,Male,1,No,Yes,66,Yes,Yes,No,No internet service,No internet service,No internet service,No internet service,No internet service,No internet service,Month-to-month,Yes,Mailed check,29.38,1715.9,No
8684-NGXF,Male,0,No,No,41,Yes,Yes,DSL,Yes,No,No,Yes,No,No,Month-to-month,No,Bank transfer (automatic),69.46,2610.69,No
3576-OJNN,Male,0,No,No,15,Yes,No,No,No internet service,No internet service,No internet service,No internet service,No internet service,No internet service,Two year,Yes,Electronic check,20.04,278.39,No
2967-IENC,Male,0,No,No,71,Yes,Yes,Fiber optic,No,No,Yes,No,Yes,No,Month-to-month,No,Mailed check,90.84,5374.03,No
4522-SCCR,Female,0,No,No,5,No,No phone service,Fiber optic,No,No,No,Yes,Yes,Yes,Month-to-month,Yes,Bank transfer (automatic),76.95,373.07,Yes
9397-XFDG,Female,0,No,No,67,Yes,Yes,Fiber optic,Yes,Yes,Yes,No,Yes,Yes,Two year,Yes,Bank transfer (automatic),113.55,7761.34,No
3507-AUKK,Female,0,Yes,No,39,Yes,No,Fiber optic,Yes,No,No,Yes,Yes,No,Month-to-month,No,Credit card (automatic),89.89,3370.76,Yes
2900-BUVC,Female,1,No,No,45,Yes,No,DSL,No,No,Yes,Yes,Yes,No,Month-to-month,Yes,Credit card (automatic),66.47,2708.23,Yes
4115-WHGU,Male,0,No,No,30,Yes,Yes,Fiber optic,No,No,No,No,No,Yes,Two year,Yes,Electronic check,87.43,2308.42,Yes
7153-DYUQ,Male,0,No,Yes,28,Yes,No,DSL,Yes,No,No,Yes,No,Yes,One year,Yes,Bank transfer (automatic),72.22,1804.55,No
5577-XFRG,Female,0,No,Yes,22,Yes,No,DSL,Yes,No,Yes,Yes,No,Yes,Month-to-month,Yes,Bank transfer (automatic),71.01,1418.62,No
3703-OFYC,Male,0,Yes,No,44,No,No phone service,Fiber optic,Yes,Yes,Yes,No,Yes,Yes,Two year,No,Mailed check,89.44,3850.62,No
2771-AWAV,Male,0,No,Yes,20,Yes,No,Fiber optic,No,Yes,No,No,Yes,Yes,Month-to-month,Yes,Mailed check,88.01,1656.46,Yes
6367-ZYDC,Female,0,No,No,51,Yes,No,No,No internet service,No internet service,No internet service,No internet service,No internet service,No internet service,Month-to-month,Yes,Electronic check,31.28,1483.91,No
5840-VRNI,Female,1,No,Yes,52,Yes,Yes,Fiber optic,No,No,No,Yes,No,Yes,Month-to-month,No,Bank transfer (automatic),82.9,4034.32,Yes
8327-QMJR,Female,0,Yes,No,7,Yes,No,DSL,No,No,No,No,Yes,Yes,One year,No,Electronic check,65.94,419.77,Yes
5356-DLTJ,Male,0,No,No,40,Yes,No,DSL,Yes,No,Yes,No,Yes,No,Two year,No,Electronic check,65.69,2534.28,No
4817-FOBC,Female,0,Yes,No,1,Yes,Yes,Fiber optic,No,No,Yes,Yes,No,No,One year,Yes,Credit card (automatic),89.55,84.16,No
4144-GWGB,Male,1,Yes,Yes,70,Yes,No,No,No internet service,No internet service,No internet service,No internet service,No internet service,No internet service,One year,Yes,Credit card (automatic),20.91,1461.66,No
6408-ZUAQ,Female,0,Yes,No,53,Yes,No,Fiber optic,No,Yes,Yes,No,No,Yes,Month-to-month,No,Electronic check,82.89,4549.05,Yes
3465-STHZ,Female,0,Yes,No,1,Yes,Yes,DSL,Yes,No,Yes,Yes,No,No,Two year,No,Mailed check,67.0,65.89,No
6452-VFWR,Male,0,Yes,No,40,Yes,No,Fiber optic,No,No,Yes,Yes,Yes,No,Month-to-month,No,Electronic check,88.32,3468.0,No
6561-FYXQ,Male,0,No,Yes,27,Yes,Yes,DSL,No,No,No,Yes,Yes,No,Month-to-month,Yes,Electronic check,64.87,1670.58,No
9785-FEAL,Male,1,Yes,Yes,28,No,No phone service,No,No internet service,No internet service,No internet service,No internet service,No internet service,No internet service,One year,No,Electronic check,18.4,487.0,No
2169-PSKY,Female,0,Yes,No,6,Yes,No,DSL,No,No,No,Yes,No,Yes,One year,Yes,Bank transfer (automatic),64.8,405.57,No
6537-EXXU,Female,0,No,No,57,Yes,Yes,Fiber optic,No,Yes,No,No,Yes,Yes,Two year,Yes,Mailed check,96.95,5640.5,No
1463-MFII,Male,0,No,No,49,No,No phone service,DSL,No,Yes,No,No,No,Yes,Month-to-month,No,Electronic check,52.39,2565.02,No
8239-ZCTY,Female,1,No,No,68,Yes,No,No,No internet service,No internet service,No internet service,No internet service,No internet service,No internet service,One year,Yes,Mailed check,25.58,1615.05,No
8440-OLDE,Male,0,No,No,48,Yes,No,DSL,No,Yes,Yes,No,No,Yes,One year,No,Credit card (automatic),69.27,3447.31,No
4967-PHSE,Male,0,No,No,37,Yes,No,Fiber optic,Yes,Yes,Yes,Yes,No,No,Two year,Yes,Mailed check,97.22,3470.21,No
6426-KXFH,Male,1,No,No,46,Yes,Yes,DSL,No,No,Yes,No,No,Yes,Month-to-month,Yes,Electronic check,74.55,3405.92,Yes
3413-OFJW,Male,0,No,Yes,25,Yes,No,DSL,Yes,No,No,Yes,No,No,Two year,No,Electronic check,60.2,1457.71,No
3072-COTZ,Male,1,No,No,54,Yes,No,DSL,Yes,No,No,Yes,Yes,No,Month-to-month,No,Bank transfer (automatic),66.88,3293.2,No
5857-RSQQ,Female,0,Yes,No,30,Yes,No,No,No internet service,No internet service,No internet service,No internet service,No internet service,No internet service,One year,No,Electronic check,24.69,699.72,No
4756-WZOP,Male,1,No,Yes,46,Yes,No,Fiber optic,No,No,No,Yes,Yes,Yes,Month-to-month,No,Bank transfer (automatic),89.57,4128.79,Yes
1868-WLFJ,Female,0,No,No,10,Yes,No,Fiber optic,No,No,No,No,No,No,Two year,No,Bank transfer (automatic),76.4,694.92,No
3706-ZPIP,Female,0,Yes,No,36,No,No phone service,Fiber optic,Yes,Yes,No,Yes,No,No,One year,No,Credit card (automatic),82.65,2968.95,No
1820-SEPM,Male,0,Yes,No,64,Yes,No,No,No internet service,No internet service,No internet service,No internet service,No internet service,No internet service,Month-to-month,No,Bank transfer (automatic),21.45,1338.91,No
1916-KFSO,Male,0,No,No,18,Yes,Yes,No,No internet service,No internet service,No internet service,No internet service,No internet service,No internet service,Two year,No,Credit card (automatic),36.44,646.34,No
9418-DLAD,Female,0,Yes,Yes,17,Yes,Yes,Fiber optic,No,Yes,Yes,No,Yes,No,Month-to-month,Yes,Bank transfer (automatic),94.64,1580.61,Yes
8997-YSTA,Female,0,No,No,54,Yes,No,Fiber optic,No,Yes,Yes,No,Yes,No,Month-to-month,Yes,Bank transfer (automatic),91.23,4876.81,Yes
6923-TSBJ,Male,0,No,No,57,Yes,No,Fiber optic,No,No,Yes,No,Yes,Yes,Month-to-month,No,Electronic check,91.55,5121.21,Yes
5226-KPUG,Female,0,No,No,28,No,No phone service,Fiber optic,No,No,No,Yes,No,No,Month-to-month,No,Mailed check,74.56,1988.95,Yes
1017-NSYS,Male,1,Yes,No,55,Yes,Yes,No,No internet service,No internet service,No internet service,No internet service,No internet service,No internet service,Month-to-month,Yes,Bank transfer (automatic),26.39,1404.24,No
2891-BBAV,Female,0,Yes,No,45,Yes,Yes,No,No internet service,No internet service,No internet service,No internet service,No internet service,No internet service,Two year,Yes,Electronic check,26.57,1136.91,No
4545-TLCV,Female,0,Yes,No,42,Yes,Yes,No,No internet service,No internet service,No internet service,No internet service,No internet service,No internet service,Month-to-month,Yes,Credit card (automatic),35.59,1424.62,No
8435-CCXC,Male,0,Yes,No,47,Yes,Yes,Fiber optic,No,No,Yes,No,No,Yes,Month-to-month,No,Bank transfer (automatic),82.78,3902.12,Yes
2857-YTKL,Male,0,No,No,56,Yes,No,DSL,Yes,Yes,Yes,No,No,No,Two year,Yes,Electronic check,64.55,3270.72,No
6032-HXTU,Female,0,No,No,48,Yes,Yes,Fiber optic,No,No,Yes,No,No,No,One year,Yes,Electronic check,78.23,3412.46,No
8643-AIFL,Female,0,No,No,41,Yes,Yes,DSL,No,Yes,Yes,No,Yes,Yes,Month-to-month,No,Electronic check,79.09,2935.7,No
2315-MXTS,Male,0,Yes,No,39,Yes,Yes,DSL,Yes,No,Yes,No,No,No,One year,No,Electronic check,67.53,2512.84,No
4085-TPEV,Female,1,Yes,No,36,Yes,No,Fiber optic,No,Yes,No,No,No,No,Month-to-month,Yes,Electronic check,78.2,2596.16,No
8338-DFOU,Female,0,No,No,57,Yes,Yes,Fiber optic,No,Yes,No,No,Yes,Yes,Month-to-month,Yes,Credit card (automatic),98.05,5519.3,Yes
2921-DKRV,Female,0,Yes,No,44,Yes,No,Fiber optic,Yes,No,Yes,Yes,No,Yes,Two year,Yes,Electronic check,97.12,4179.34,No
6479-SVBY,Female,0,Yes,No,30,Yes,No,DSL,Yes,Yes,Yes,No,No,No,Two year,No,Electronic check,65.98,1918.12,No
9000-XDJR,Female,0,No,No,19,Yes,Yes,Fiber optic,No,No,Yes,No,Yes,No,Month-to-month,Yes,Mailed check,87.79,1602.86,Yes
3709-JYXI,Female,0,Yes,Yes,3,Yes,Yes,No,No internet service,No internet service,No internet service,No internet service,No internet service,No internet service,One year,Yes,Electronic check,38.98,114.49,No
5491-UWHT,Female,0,Yes,Yes,47,Yes,Yes,DSL,No,No,Yes,Yes,No,No,Month-to-month,Yes,Bank transfer (automatic),70.57,3457.43,No
4593-AJWR,Female,0,Yes,Yes,29,Yes,Yes,No,No internet service,No internet service,No internet service,No internet service,No internet service,No internet service,Month-to-month,Yes,Bank transfer (automatic),30.14,783.1,No
2675-IYWU,Female,0,Yes,Yes,6,Yes,Yes,DSL,Yes,No,No,Yes,No,No,Month-to-month,Yes,Mailed check,69.43,384.74,No
8275-GUOF,Male,0,No,No,63,Yes,No,DSL,No,Yes,Yes,No,No,No,Two year,Yes,Mailed check,60.9,3623.91,No
4987-LFSL,Male,0,Yes,No,54,Yes,Yes,Fiber optic,Yes,Yes,No,No,Yes,Yes,Month-to-month,Yes,Electronic check,102.84,5811.94,No
1020-ZYKM,Male,0,Yes,Yes,52,Yes,Yes,DSL,Yes,No,No,No,No,Yes,One year,Yes,Electronic check,76.55,4023.58,No
3309-VGZV,Female,0,No,No,53,No,No phone service,DSL,No,No,No,Yes,No,Yes,Two year,Yes,Bank transfer (automatic),54.2,2697.54,No
2387-AJHN,Male,1,No,No,56,Yes,Yes,DSL,Yes,No,No,No,Yes,Yes,Month-to-month,Yes,Bank transfer (automatic),65.52,3220.54,No
2785-DCGL,Male,0,No,No,17,Yes,Yes,No,No internet service,No internet service,No internet service,No internet service,No internet service,No internet service,Month-to-month,Yes,Bank transfer (automatic),31.84,488.89,No
4739-MBMZ,Male,0,No,No,25,Yes,No,No,No internet service,No internet service,No internet service,No internet service,No internet service,No internet service,Month-to-month,Yes,Bank transfer (automatic),28.12,652.24,No
7260-JKYF,Male,0,Yes,No,23,Yes,No,Fiber optic,No,Yes,No,Yes,Yes,No,Month-to-month,Yes,Credit card (automatic),96.8,2153.0,Yes
1865-ODZL,Female,0,No,No,60,Yes,Yes,Fiber optic,No,No,No,Yes,Yes,Yes,Month-to-month,Yes,Electronic check,95.26,5787.13,Yes
5792-MLAQ,Female,0,No,No,28,Yes,No,No,No internet service,No internet service,No internet service,No internet service,No internet service,No internet service,Two year,Yes,Electronic check,33.28,890.19,No
6089-NYKK,Female,0,Yes,No,61,Yes,Yes,Fiber optic,Yes,No,Yes,Yes,No,Yes,One year,No,Bank transfer (automatic),104.43,6149.9,No
5278-KGSS,Female,0,No,No,40,Yes,No,DSL,Yes,No,No,No,No,Yes,One year,Yes,Mailed check,64.98,2606.42,No
2979-ZKKK,Female,0,No,No,44,Yes,No,Fiber optic,No,Yes,Yes,No,Yes,No,Month-to-month,No,Credit card (automatic),86.11,3780.27,No
7746-WMET,Male,0,No,No,44,Yes,No,DSL,No,Yes,Yes,Yes,No,No,One year,Yes,Mailed check,69.14,3020.0,No
3939-JZCA,Female,1,No,Yes,14,Yes,Yes,No,No internet service,No internet service,No internet service,No internet service,No internet service,No internet service,One year,No,Electronic check,31.65,451.23,No
7715-PXVL,Male,0,Yes,Yes,68,Yes,Yes,Fiber optic,Yes,Yes,Yes,No,No,No,One year,No,Mailed check,87.96,5839.46,No
5049-OZOC,Female,1,Yes,No,2,No,No phone service,DSL,No,Yes,Yes,Yes,No,Yes,Month-to-month,Yes,Mailed check,62.2,117.87,Yes
4955-YKGX,Male,1,Yes,No,49,Yes,No,Fiber optic,No,Yes,Yes,Yes,No,No,Two year,Yes,Electronic check,88.83,4106.63,No
4568-UDUM,Male,0,No,No,12,Yes,Yes,Fiber optic,Yes,Yes,Yes,Yes,No,No,Month-to-month,Yes,Electronic check,93.56,1058.81,Yes
9873-WYGG,Female,0,Yes,No,23,Yes,Yes,No,No internet service,No internet service,No internet service,No internet service,No internet service,No internet service,One year,No,Electronic check,34.29,720.16,No
1315-GXAS,Female,0,Yes,No,23,Yes,Yes,DSL,No,Yes,No,Yes,No,No,Two year,No,Credit card (automatic),62.78,1435.35,No
9180-RLUK,Female,0,No,No,35,Yes,No,No,No internet service,No internet service,No internet service,No internet service,No internet service,No internet service,Month-to-month,Yes,Credit card (automatic),28.68,919.1,No
1817-VZZJ,Male,0,No,No,51,Yes,No,Fiber optic,No,No,Yes,Yes,Yes,Yes,One year,Yes,Electronic check,92.35,4800.22,No
3090-IMSG,Female,0,No,Yes,44,Yes,No,No,No internet service,No internet service,No internet service,No internet service,No internet service,No internet service,Month-to-month,Yes,Bank transfer (automatic),24.77,1038.53,No
5444-GUDO,Female,0,No,No,46,Yes,No,Fiber optic,Yes,Yes,No,No,No,No,Month-to-month,No,Credit card (automatic),82.66,3524.65,No
4915-LQMZ,Male,0,No,Yes,8,Yes,Yes,Fiber optic,Yes,Yes,Yes,Yes,Yes,No,Month-to-month,No,Electronic check,104.81,823.31,Yes
3634-HLZI,Male,0,Yes,No,39,Yes,Yes,No,No internet service,No internet service,No internet service,No internet service,No internet service,No internet service,One year,No,Mailed check,31.08,1097.89,No
8273-TMVQ,Female,0,No,No,37,Yes,Yes,DSL,No,No,Yes,No,Yes,Yes,Month-to-month,Yes,Bank transfer (automatic),82.0,2912.67,No
7432-HVZI,Female,1,No,No,53,Yes,No,No,No internet service,No internet service,No internet service,No internet service,No internet service,No internet service,Month-to-month,No,Credit card (automatic),25.97,1346.37,No
1900-DDQB,Male,0,No,Yes,26,No,No phone service,Fiber optic,No,Yes,No,Yes,Yes,Yes,Month-to-month,Yes,Electronic check,87.76,2136.65,Yes
2598-AQGV,Male,0,Yes,No,36,No,No phone service,Fiber optic,No,No,No,No,No,No,One year,Yes,Electronic check,69.76,2477.58,No
6049-QFKE,Male,0,No,No,17,Yes,Yes,No,No internet service,No internet service,No internet service,No internet service,No internet service,No internet service,One year,Yes,Electronic check,29.8,505.5,No
1510-XTBJ,Female,0,Yes,No,45,Yes,No,Fiber optic,No,No,Yes,No,No,No,Month-to-month,No,Mailed check,72.83,2876.45,No
8838-AELC,Female,0,Yes,No,29,Yes,No,Fiber optic,Yes,No,Yes,Yes,Yes,Yes,Month-to-month,No,Credit card (automatic),99.41,2699.61,No
4322-IGWU,Male,1,No,No,24,Yes,No,DSL,Yes,Yes,No,Yes,No,Yes,Two year,Yes,Bank transfer (automatic),72.53,1666.45,No
7180-XKED,Male,1,Yes,No,23,Yes,Yes,Fiber optic,No,Yes,Yes,No,No,No,One year,Yes,Electronic check,83.33,1816.43,Yes
7840-JQHF,Male,0,No,Yes,24,Yes,No,No,No internet service,No internet service,No internet service,No internet service,No internet service,No internet service,Month-to-month,Yes,Electronic check,25.66,574.09,No
9132-FQQJ,Male,0,Yes,No,54,Yes,No,DSL,Yes,Yes,No,No,Yes,Yes,Two year,No,Credit card (automatic),75.18,4019.29,No
8947-CEUZ,Male,0,Yes,No,31,Yes,No,Fiber optic,Yes,No,No,No,No,Yes,Two year,Yes,Credit card (automatic),87.11,2770.28,No
8106-SMWN,Male,0,No,No,21,Yes,Yes,Fiber optic,No,Yes,No,No,Yes,Yes,One year,Yes,Electronic check,93.3,1957.61,Yes
7792-DLFZ,Female,0,Yes,No,9,Yes,Yes,Fiber optic,No,Yes,No,No,No,No,Month-to-month,Yes,Mailed check,86.76,758.93,Yes
9951-MKHZ,Female,0,No,No,41,Yes,No,Fiber optic,Yes,No,Yes,No,No,Yes,Two year,No,Mailed check,83.58,3432.52,No
3525-XESS,Male,0,No,No,12,Yes,Yes,Fiber optic,No,No,Yes,No,No,Yes,One year,No,Mailed check,90.87,1093.23,Yes
3251-LHZW,Female,0,No,Yes,66,Yes,Yes,DSL,No,Yes,No,No,Yes,No,Month-to-month,No,Bank transfer (automatic),67.16,4173.81,No
4105-DPQQ,Male,0,Yes,Yes,48,Yes,No,Fiber optic,No,Yes,No,Yes,Yes,No,Two year,No,Credit card (automatic),89.65,4260.19,No
8797-LUHK,Male,1,Yes,Yes,24,Yes,Yes,DSL,Yes,No,No,No,Yes,No,One year,No,Credit card (automatic),63.02,1488.47,No
1728-IOCR,Female,0,No,Yes,32,Yes,No,Fiber optic,Yes,Yes,Yes,Yes,No,Yes,Two year,Yes,Electronic check,101.14,3137.96,No
7899-SCYC,Male,0,Yes,No,53,Yes,No,Fiber optic,Yes,No,No,Yes,No,Yes,Month-to-month,Yes,Electronic check,89.42,4449.2,Yes
8981-RZYR,Female,0,No,Yes,63,Yes,Yes,DSL,No,Yes,Yes,Yes,No,Yes,Month-to-month,No,Credit card (automatic),78.81,5042.46,No
7607-MVVB,Male,0,Yes,Yes,20,Yes,No,Fiber optic,No,No,Yes,Yes,Yes,No,Month-to-month,Yes,Bank transfer (automatic),83.99,1736.34,Yes
2605-GGHQ,Female,0,No,No,63,Yes,No,Fiber optic,No,Yes,No,Yes,Yes,Yes,Month-to-month,Yes,Credit card (automatic),94.6,5876.57,No
9812-WHXX,Female,1,No,No,14,Yes,No,Fiber optic,No,No,No,Yes,No,Yes,One year,Yes,Bank transfer (automatic),84.16,1191.92,No
8604-ZUIS,Female,0,No,Yes,38,Yes,Yes,No,No internet service,No internet service,No internet service,No internet service,No internet service,No internet service,Month-to-month,Yes,Electronic check,31.1,1070.19,No
3337-MEVY,Male,0,No,Yes,33,Yes,No,DSL,No,Yes,No,Yes,Yes,No,Two year,No,Credit card (automatic),66.38,2124.12,No
1573-KZPX,Female,1,No,No,7,Yes,Yes,No,No internet service,No internet service,No internet service,No internet service,No internet service,No internet service,Two year,No,Electronic check,36.8,253.19,No
2444-QZXE,Male,0,No,No,4,Yes,Yes,Fiber optic,No,Yes,No,No,Yes,Yes,One year,Yes,Bank transfer (automatic),94.24,366.43,No
1745-BMXX,Female,0,No,No,21,Yes,No,No,No internet service,No internet service,No internet service,No internet service,No internet service,No internet service,One year,No,Credit card (automatic),22.63,474.06,No
4154-KMLN,Male,0,Yes,No,39,Yes,Yes,DSL,Yes,Yes,Yes,No,Yes,No,Month-to-month,Yes,Mailed check,71.37,2717.92,No
6579-HRLU,Female,1,Yes,No,17,Yes,No,DSL,Yes,Yes,No,Yes,No,Yes,One year,No,Bank transfer (automatic),70.77,1145.62,No
2921-EMEX,Male,0,No,Yes,8,Yes,Yes,Fiber optic,Yes,Yes,No,Yes,No,Yes,Month-to-month,Yes,Credit card (automatic),99.57,726.76,Yes
7639-HNEO,Female,0,Yes,No,10,Yes,Yes,DSL,No,No,No,No,No,Yes,Month-to-month,Yes,Bank transfer (automatic),71.0,700.94,Yes
4068-EOXK,Female,0,Yes,No,16,Yes,Yes,Fiber optic,Yes,Yes,Yes,No,No,Yes,Two year,Yes,Credit card (automatic),100.17,1490.04,No
2016-TOTS,Female,0,Yes,Yes,36,Yes,No,Fiber optic,No,No,No,No,Yes,Yes,Month-to-month,No,Mailed check,86.5,2971.79,Yes
4920-AHGY,Male,1,No,Yes,57,Yes,Yes,DSL,Yes,Yes,No,No,No,Yes,Two year,No,Electronic check,72.71,3865.63,No
7354-CGPA,Female,0,Yes,No,36,Yes,Yes,Fiber optic,Yes,No,Yes,No,No,Yes,Two year,No,Electronic check,93.15,3025.86,No
2981-CXRQ,Male,1,No,No,10,Yes,No,Fiber optic,No,Yes,No,No,Yes,Yes,Month-to-month,Yes,Mailed check,93.57,892.04,Yes
6410-ZPUJ,Male,0,Yes,No,47,Yes,Yes,DSL,Yes,No,No,No,No,Yes,Month-to-month,Yes,Bank transfer (automatic),64.03,2945.25,No
9384-QFAC,Male,0,No,No,50,Yes,No,No,No internet service,No internet service,No internet service,No internet service,No internet service,No internet service,Month-to-month,No,Credit card (automatic),24.43,1078.7,No
7060-MKUJ,Female,0,No,No,38,Yes,No,Fiber optic,No,Yes,No,No,Yes,Yes,Two year,Yes,Bank transfer (automatic),92.89,3347.18,Yes
5721-NCBR,Male,0,No,No,19,Yes,No,Fiber optic,No,No,No,Yes,No,No,Two year,Yes,Electronic check,78.5,1451.34,No
2834-ZZSX,Male,1,Yes,Yes,50,Yes,No,DSL,No,Yes,Yes,Yes,No,Yes,One year,No,Credit card (automatic),70.13,3261.95,No
3754-DQTV,Male,1,Yes,No,35,Yes,No,DSL,No,No,No,No,Yes,Yes,One year,Yes,Electronic check,58.16,1802.41,No
1541-VEZX,Male,0,Yes,No,13,Yes,Yes,Fiber optic,Yes,No,No,Yes,Yes,No,Month-to-month,Yes,Credit card (automatic),90.48,1126.44,No
5990-PRRO,Female,0,Yes,Yes,24,Yes,No,DSL,Yes,No,Yes,No,Yes,Yes,Month-to-month,No,Credit card (automatic),77.35,1689.23,No
6668-VRVW,Female,0,No,Yes,58,Yes,Yes,Fiber optic,Yes,No,Yes,Yes,Yes,No,Month-to-month,No,Electronic check,98.03,5418.96,No
6363-GPDZ,Female,0,Yes,No,6,Yes,Yes,DSL,Yes,No,Yes,No,No,Yes,Month-to-month,Yes,Electronic check,73.45,443.26,Yes
8877-JQMD,Male,0,Yes,No,3,Yes,No,No,No internet service,No internet service,No internet service,No internet service,No internet service,No internet service,Month-to-month,No,Credit card (automatic),20.19,63.36,Yes
2777-OXBR,Female,0,Yes,No,30,No,No phone service,Fiber optic,Yes,Yes,Yes,No,No,No,Month-to-month,Yes,Mailed check,80.78,2308.79,No
1498-XEQN,Female,0,No,No,67,Yes,No,DSL,Yes,No,Yes,Yes,No,Yes,Two year,No,Electronic check,73.19,4717.84,No
5713-NDHP,Male,0,No,No,27,Yes,No,Fiber optic,No,No,Yes,No,Yes,Yes,Month-to-month,Yes,Electronic check,94.35,2415.04,Yes
4506-QITH,Male,0,No,No,34,Yes,No,DSL,No,No,Yes,Yes,No,No,Month-to-month,Yes,Bank transfer (automatic),58.99,1989.04,No
7070-OOII,Male,0,Yes,No,10,No,No phone service,Fiber optic,Yes,No,No,No,No,No,Month-to-month,Yes,Bank transfer (automatic),63.45,576.96,Yes
6658-ANVW,Male,0,No,No,19,Yes,Yes,No,No internet service,No internet service,No internet service,No internet service,No internet service,No internet service,One year,No,Credit card (automatic),34.0,543.85,No
7384-EITM,Female,0,No,No,45,Yes,No,Fiber optic,No,No,No,No,Yes,No,Month-to-month,No,Mailed check,91.05,4069.48,No
4923-ARHR,Female,0,No,No,56,Yes,No,Fiber optic,Yes,No,Yes,Yes,Yes,Yes,One year,No,Credit card (automatic),103.09,5721.5,No
5686-WGPE,Female,0,Yes,Yes,10,Yes,No,DSL,Yes,Yes,No,No,No,No,Month-to-month,Yes,Bank transfer (automatic),63.1,570.86,No
2344-HPTS,Male,0,Yes,No,30,Yes,No,DSL,No,No,Yes,Yes,No,Yes,Month-to-month,No,Mailed check,68.6,2095.34,No
3811-ZOLT,Female,0,No,No,64,Yes,No,No,No internet service,No internet service,No internet service,No internet service,No internet service,No internet service,Month-to-month,No,Electronic check,28.95,1572.21,No
2415-BCJQ,Female,0,No,No,57,Yes,No,No,No internet service,No internet service,No internet service,No internet service,No internet service,No internet service,One year,Yes,Credit card (automatic),23.18,1308.67,No
8204-LAJI,Female,0,No,No,71,Yes,No,Fiber optic,No,Yes,No,No,No,Yes,Month-to-month,Yes,Electronic check,82.56,5503.59,Yes
5699-LTLB,Female,0,Yes,No,49,Yes,No,Fiber optic,Yes,No,No,Yes,No,No,Month-to-month,No,Electronic check,81.05,3799.46,Yes
7780-JZUP,Male,0,No,No,34,Yes,Yes,Fiber optic,No,Yes,Yes,Yes,No,No,One year,Yes,Electronic check,89.68,2906.32,No
6088-SRQK,Female,0,No,Yes,19,Yes,Yes,Fiber optic,Yes,No,No,Yes,Yes,No,Month-to-month,Yes,Electronic check,89.32,1582.31,Yes
3177-CYID,Male,1,No,No,51,Yes,No,Fiber optic,No,Yes,Yes,No,Yes,No,Month-to-month,Yes,Credit card (automatic),90.06,4617.89,Yes
3681-DNMA,Female,0,No,No,32,Yes,No,Fiber optic,Yes,No,Yes,No,Yes,No,Month-to-month,No,Electronic check,84.08,2540.49,No
1813-KZVX,Female,1,Yes,No,49,Yes,No,DSL,No,No,Yes,No,No,Yes,Month-to-month,Yes,Electronic check,61.48,2822.68,No
7560-CEJK,Female,0,Yes,No,69,Yes,No,DSL,Yes,No,Yes,Yes,No,Yes,One year,No,Electronic check,68.72,4771.14,No
6021-FPUD,Female,0,Yes,Yes,14,Yes,Yes,Fiber optic,Yes,Yes,No,No,No,Yes,Two year,Yes,Electronic check,98.57,1183.22,No
9870-UEOJ,Female,0,No,No,16,Yes,No,No,No internet service,No internet service,No internet service,No internet service,No internet service,No internet service,One year,Yes,Bank transfer (automatic),25.18,376.84,No
2027-HLED,Male,0,No,No,59,No,No phone service,Fiber optic,Yes,No,No,No,No,Yes,Month-to-month,No,Credit card (automatic),70.22,4069.52,Yes
9538-BCQW,Female,0,No,Yes,36,Yes,Yes,Fiber optic,No,No,Yes,No,Yes,Yes,Month-to-month,No,Mailed check,94.94,3131.12,Yes
7246-JTFD,Female,0,Yes,No,33,Yes,No,Fiber optic,No,No,Yes,No,No,No,Month-to-month,Yes,Bank transfer (automatic),76.56,2457.42,Yes
8976-WVAP,Male,0,No,No,25,No,No phone service,DSL,No,Yes,No,No,No,No,Month-to-month,Yes,Credit card (automatic),49.37,1085.68,No
6932-WKAZ,Male,0,Yes,No,30,Yes,Yes,Fiber optic,No,No,No,No,No,No,Two year,Yes,Electronic check,73.71,1979.93,Yes
1184-AIRL,Male,0,No,No,43,Yes,Yes,DSL,No,Yes,No,Yes,No,No,Month-to-month,Yes,Electronic check,66.61,2704.17,No
6002-CPBU,Female,0,Yes,Yes,19,Yes,Yes,No,No internet service,No internet service,No internet service,No internet service,No internet service,No internet service,Month-to-month,Yes,Credit card (automatic),25.92,473.77,No
6250-RCYX,Female,0,No,Yes,46,Yes,Yes,No,No internet service,No internet service,No internet service,No internet service,No internet service,No internet service,Two year,No,Mailed check,33.87,1406.2,No
9314-GNHY,Male,0,Yes,No,52,Yes,No,Fiber optic,No,Yes,Yes,No,Yes,No,Month-to-month,No,Credit card (automatic),92.54,4813.58,Yes
1503-OSSA,Female,0,No,No,20,Yes,No,DSL,Yes,Yes,Yes,Yes,Yes,No,Two year,Yes,Bank transfer (automatic),82.44,1621.23,No
2716-SNNQ,Male,1,No,Yes,55,Yes,No,DSL,No,No,No,Yes,Yes,No,Month-to-month,Yes,Electronic check,61.81,3487.11,No
4702-LCQE,Female,0,No,No,42,Yes,Yes,Fiber optic,No,No,No,Yes,Yes,No,Month-to-month,No,Credit card (automatic),82.42,2871.15,No
1270-IDPL,Female,0,No,Yes,2,Yes,Yes,DSL,No,No,No,No,Yes,No,Two year,Yes,Electronic check,64.16,120.97,No
2982-CHRN,Male,0,Yes,Yes,42,Yes,Yes,Fiber optic,No,Yes,Yes,No,No,No,Two year,No,Mailed check,90.08,3561.42,Yes
3855-OFBQ,Female,0,No,Yes,30,Yes,No,Fiber optic,Yes,No,No,Yes,No,No,Month-to-month,Yes,Credit card (automatic),82.48,2302.61,Yes
9212-ZAFC,Female,0,No,No,17,Yes,No,Fiber optic,No,No,Yes,No,Yes,Yes,Two year,Yes,Bank transfer (automatic),95.73,1585.32,Yes
4955-NBEX,Male,0,No,No,14,No,No phone service,DSL,Yes,Yes,Yes,No,No,Yes,Month-to-month,No,Bank transfer (automatic),75.04,997.72,No
3338-CUTB,Female,0,No,No,1,Yes,Yes,Fiber optic,Yes,No,No,Yes,No,No,Two year,Yes,Credit card (automatic),80.96,74.59,Yes
7515-MFPU,Male,1,Yes,Yes,51,Yes,No,No,No internet service,No internet service,No internet service,No internet service,No internet service,No internet service,Month-to-month,Yes,Electronic check,26.57,1286.11,No
9704-WWAY,Female,0,Yes,No,41,Yes,No,DSL,Yes,No,Yes,No,No,No,Month-to-month,No,Credit card (automatic),59.64,2311.46,Yes
3653-AKPJ,Male,0,Yes,Yes,61,Yes,Yes,Fiber optic,No,Yes,Yes,Yes,Yes,No,Two year,No,Mailed check,98.41,5427.36,No
9941-GVBT,Male,0,No,No,41,Yes,Yes,Fiber optic,Yes,No,No,Yes,Yes,No,One year,No,Electronic check,93.94,3549.29,No
9475-KQJW,Male,1,Yes,No,19,Yes,Yes,Fiber optic,No,No,Yes,No,No,Yes,Month-to-month,Yes,Credit card (automatic),92.99,1639.08,Yes
2578-HBDZ,Male,0,No,No,10,No,No phone service,Fiber optic,No,Yes,No,Yes,No,No,Month-to-month,No,Mailed check,76.06,751.15,Yes
9819-CXRR,Male,0,Yes,No,65,Yes,No,DSL,Yes,No,Yes,Yes,No,No,One year,Yes,Electronic check,67.91,4461.53,No
3925-IZXR,Female,0,No,Yes,39,Yes,No,Fiber optic,Yes,Yes,Yes,No,No,No,Month-to-month,Yes,Credit card (automatic),78.72,3030.77,No
9093-FASR,Male,0,No,Yes,25,Yes,No,DSL,Yes,Yes,No,Yes,No,Yes,Month-to-month,Yes,Credit card (automatic),72.77,1718.15,No
2345-KIRA,Female,0,Yes,Yes,71,Yes,No,DSL,No,Yes,No,No,No,No,Month-to-month,Yes,Mailed check,56.38,3841.33,No
2616-JHCK,Male,0,Yes,Yes,42,Yes,No,No,No internet service,No internet service,No internet service,No internet service,No internet service,No internet service,Two year,Yes,Credit card (automatic),25.85,962.96,No
3871-LOVF,Male,0,No,Yes,46,Yes,Yes,DSL,Yes,Yes,No,Yes,Yes,Yes,One year,Yes,Bank transfer (automatic),78.06,3578.6,No
7402-AQYU,Male,1,Yes,No,31,Yes,No,Fiber optic,No,Yes,No,No,Yes,Yes,Month-to-month,No,Electronic check,92.69,2622.92,Yes
9971-DMVY,Female,0,No,No,33,Yes,No,No,No internet service,No internet service,No internet service,No internet service,No internet service,No internet service,One year,Yes,Credit card (automatic),28.35,869.84,No
2097-ZIWG,Female,1,No,No,16,Yes,Yes,Fiber optic,No,No,No,No,No,No,Month-to-month,Yes,Bank transfer (automatic),73.03,1193.57,Yes
1799-HAEI,Female,0,Yes,No,5,Yes,Yes,No,No internet service,No internet service,No internet service,No internet service,No internet service,No internet service,One year,Yes,Mailed check,39.41,191.93,Yes
8200-SMLM,Male,0,Yes,Yes,13,Yes,No,Fiber optic,No,Yes,Yes,No,Yes,No,Month-to-month,No,Credit card (automatic),83.57,1063.3,No
8683-NWQS,Male,0,Yes,No,33,Yes,Yes,Fiber optic,No,No,Yes,Yes,No,No,Month-to-month,No,Bank transfer (automatic),87.27,2603.19,No
9686-XEVA,Female,0,No,Yes,59,Yes,Yes,Fiber optic,Yes,No,No,Yes,Yes,Yes,Month-to-month,Yes,Credit card (automatic),94.05,5158.32,No
9090-LFMX,Female,0,Yes,No,53,No,No phone service,Fiber optic,Yes,Yes,Yes,No,No,Yes,Month-to-month,No,Electronic check,86.22,4266.85,Yes
5859-IMXH,Female,0,No,Yes,10,No,No phone service,DSL,No,No,No,No,Yes,Yes,Month-to-month,Yes,Mailed check,59.29,557.39,Yes
3431-VWTA,Female,1,No,Yes,59,Yes,No,Fiber optic,No,No,No,No,No,Yes,Month-to-month,Yes,Electronic check,87.05,4879.67,Yes
1848-DWEO,Female,0,No,No,11,Yes,Yes,No,No internet service,No internet service,No internet service,No internet service,No internet service,No internet service,One year,No,Bank transfer (automatic),28.05,306.74,No
3852-PARM,Male,0,Yes,Yes,50,Yes,Yes,Fiber optic,No,No,Yes,Yes,Yes,No,Month-to-month,Yes,Electronic check,91.79,4663.53,No
4736-UMYM,Female,0,No,No,9,No,No phone service,Fiber optic,No,No,Yes,No,Yes,No,Month-to-month,Yes,Mailed check,75.66,643.14,No
9576-FNCL,Male,1,Yes,No,52,Yes,No,No,No internet service,No internet service,No internet service,No internet service,No internet service,No internet service,Month-to-month,Yes,Credit card (automatic),24.6,1242.71,No
9989-JYYB,Male,0,Yes,No,11,Yes,No,DSL,Yes,Yes,Yes,No,No,No,One year,No,Credit card (automatic),72.04,735.96,No
8800-EJKA,Male,0,No,Yes,11,Yes,No,Fiber optic,Yes,Yes,No,No,Yes,Yes,Month-to-month,Yes,Electronic check,97.28,1082.16,Yes
7416-EBPZ,Female,1,No,No,14,Yes,Yes,DSL,No,No,No,Yes,No,No,Two year,Yes,Bank transfer (automatic),59.58,799.9,Yes
9174-RIJV,Female,0,Yes,Yes,8,Yes,No,DSL,No,No,Yes,No,Yes,No,Month-to-month,Yes,Bank transfer (automatic),57.88,452.65,Yes
2818-JHWW,Male,0,Yes,Yes,37,Yes,Yes,Fiber optic,No,Yes,No,Yes,No,Yes,Month-to-month,Yes,Mailed check,102.66,3498.05,Yes
3597-ATWW,Male,0,No,No,19,No,No phone service,No,No internet service,No internet service,No internet service,No internet service,No internet service,No internet service,Two year,Yes,Mailed check,20.66,384.66,No
9747-QYIK,Female,0,Yes,Yes,36,Yes,Yes,DSL,Yes,No,Yes,No,Yes,Yes,Two year,Yes,Bank transfer (automatic),82.33,2852.19,Yes
9122-PTQZ,Female,0,Yes,No,10,Yes,No,DSL,Yes,No,No,Yes,No,No,One year,Yes,Credit card (automatic),55.58,564.55,No
3363-SGVA,Male,0,Yes,Yes,31,Yes,Yes,No,No internet service,No internet service,No internet service,No internet service,No internet service,No internet service,Month-to-month,Yes,Credit card (automatic),28.94,882.18,No
8050-BZBC,Male,0,Yes,No,63,No,No phone service,No,No internet service,No internet service,No internet service,No internet service,No internet service,No internet service,Two year,Yes,Electronic check,18.0,1035.48,No
8672-ELAQ,Male,1,Yes,No,31,Yes,Yes,No,No internet service,No internet service,No internet service,No internet service,No internet service,No internet service,Month-to-month,No,Bank transfer (automatic),32.79,909.06,No
9554-ZYRW,Female,0,No,No,15,Yes,Yes,Fiber optic,No,No,Yes,No,No,Yes,One year,Yes,Mailed check,94.69,1390.37,No
3645-URYG,Male,0,No,No,2,Yes,Yes,DSL,No,Yes,No,No,No,Yes,Month-to-month,No,Mailed check,58.63,112.44,No
4532-FKSI,Male,0,No,Yes,0,Yes,No,No,No internet service,No internet service,No internet service,No internet service,No internet service,No internet service,One year,Yes,Bank transfer (automatic),27.46,0.0,No
4911-YJKB,Female,0,No,No,68,Yes,No,DSL,Yes,No,No,Yes,Yes,Yes,Two year,Yes,Electronic check,67.42,4497.4,No
6829-QNCM,Male,0,No,No,21,Yes,Yes,DSL,No,Yes,Yes,Yes,No,Yes,One year,Yes,Mailed check,83.17,1785.5,No
8813-LVGW,Male,0,Yes,No,61,Yes,No,DSL,No,Yes,Yes,No,No,No,Month-to-month,No,Mailed check,54.59,3223.32,No
8515-DWXI,Female,0,Yes,No,5,Yes,No,Fiber optic,No,Yes,Yes,Yes,Yes,Yes,Month-to-month,Yes,Bank transfer (automatic),101.74,540.67,No
5235-BVMF,Male,0,Yes,No,63,Yes,No,Fiber optic,Yes,No,No,Yes,No,No,One year,Yes,Credit card (automatic),81.69,4909.19,Yes
6604-RJXT,Male,0,Yes,Yes,63,No,No phone service,DSL,No,No,Yes,Yes,No,No,Month-to-month,Yes,Electronic check,52.5,3223.91,No
7725-VTRR,Female,0,Yes,No,47,No,No phone service,Fiber optic,Yes,No,Yes,No,No,No,Month-to-month,No,Credit card (automatic),66.57,2980.46,No
7808-EZRF,Male,0,Yes,No,32,Yes,Yes,Fiber optic,No,Yes,No,Yes,No,Yes,Two year,No,Electronic check,95.9,3031.41,No
2667-OFJS,Female,0,No,No,59,Yes,Yes,Fiber optic,No,Yes,Yes,No,No,Yes,Month-to-month,Yes,Electronic check,91.42,5087.39,No
3312-NBCV,Female,1,No,No,0,Yes,No,DSL,No,No,No,Yes,No,No,Month-to-month,Yes,Electronic check,52.47,,No
7021-VJYT,Female,0,Yes,No,30,Yes,Yes,DSL,No,No,No,Yes,Yes,No,Month-to-month,No,Mailed check,70.43,2036.74,No
1772-VYYV,Male,0,No,No,6,Yes,No,Fiber optic,Yes,Yes,Yes,Yes,No,Yes,Month-to-month,Yes,Electronic check,94.73,556.52,Yes
3069-CIZG,Male,1,Yes,No,16,Yes,No,DSL,No,Yes,Yes,Yes,Yes,Yes,Month-to-month,No,Mailed check,80.9,1203.44,Yes
9804-ABFC,Female,0,No,Yes,27,Yes,Yes,No,No internet service,No internet service,No internet service,No internet service,No internet service,No internet service,Month-to-month,Yes,Mailed check,32.71,880.74,No
2941-OCRZ,Female,0,No,Yes,31,Yes,Yes,No,No internet service,No internet service,No internet service,No internet service,No internet service,No internet service,One year,No,Bank transfer (automatic),23.72,718.05,No
5958-QRTD,Female,0,Yes,Yes,38,Yes,Yes,DSL,Yes,No,No,Yes,Yes,Yes,Two year,No,Electronic check,83.2,2932.59,No
6614-GLGT,Male,0,No,No,22,No,No phone service,Fiber optic,No,Yes,Yes,Yes,No,Yes,One year,No,Bank transfer (automatic),91.55,1972.85,No
8330-JLVX,Female,0,No,No,19,Yes,No,No,No internet service,No internet service,No internet service,No internet service,No internet service,No internet service,Two year,Yes,Credit card (automatic),20.2,340.97,No
8848-OBPL,Male,1,No,No,48,Yes,Yes,DSL,No,Yes,Yes,Yes,No,Yes,Month-to-month,No,Electronic check,79.95,3585.88,No
8344-WLNT,Male,0,Yes,Yes,15,Yes,No,DSL,No,Yes,No,No,Yes,No,Two year,No,Mailed check,65.49,910.86,No
6008-XHHI,Male,0,Yes,No,16,Yes,No,Fiber optic,No,Yes,Yes,No,No,Yes,Month-to-month,No,Mailed check,87.33,1321.58,Yes
1049-PUOD,Male,0,No,No,65,Yes,No,No,No internet service,No internet service,No internet service,No internet service,No internet service,No internet service,Month-to-month,Yes,Credit card (automatic),21.77,1344.01,No
7945-SMSN,Female,0,No,No,55,Yes,No,No,No internet service,No internet service,No internet service,No internet service,No internet service,No internet service,Two year,No,Mailed check,24.65,1399.89,No
7068-SZDO,Male,0,No,No,19,Yes,Yes,Fiber optic,No,No,Yes,No,No,No,Month-to-month,No,Mailed check,86.55,1611.1,Yes
7932-LIJD,Female,1,No,Yes,18,Yes,No,DSL,Yes,Yes,Yes,Yes,No,No,Month-to-month,No,Credit card (automatic),76.48,1305.78,No
2497-TREW,Female,1,Yes,No,3,Yes,No,DSL,No,No,Yes,No,No,Yes,One year,Yes,Mailed check,55.54,164.98,No
3697-GJCC,Female,0,Yes,Yes,1,Yes,Yes,DSL,No,Yes,Yes,Yes,Yes,Yes,One year,No,Credit card (automatic),76.58,72.05,No
5529-VKNJ,Female,0,Yes,No,37,Yes,Yes,DSL,Yes,Yes,Yes,No,No,Yes,Two year,No,Mailed check,76.22,2625.14,No
7062-RHDO,Male,0,Yes,No,45,No,No phone service,Fiber optic,Yes,No,Yes,Yes,Yes,Yes,Two year,Yes,Bank transfer (automatic),98.74,4337.85,No
4815-VLSW,Female,0,Yes,No,62,Yes,Yes,Fiber optic,Yes,Yes,No,No,Yes,Yes,One year,Yes,Mailed check,104.15,6029.55,No
6788-LMEO,Female,1,Yes,Yes,59,Yes,No,DSL,Yes,No,No,No,No,No,Month-to-month,No,Electronic check,55.27,3009.28,No
2373-XXLT,Male,0,No,Yes,32,Yes,No,Fiber optic,Yes,No,No,No,No,No,Two year,Yes,Bank transfer (automatic),80.7,2410.73,No
9740-HKVY,Female,1,No,Yes,3,Yes,Yes,Fiber optic,No,Yes,Yes,No,No,No,One year,Yes,Credit card (automatic),84.46,234.29,No
2439-PKKO,Female,0,No,No,25,No,No phone service,DSL,No,No,No,Yes,No,No,Month-to-month,Yes,Mailed check,41.66,962.01,No
3794-LIBY,Male,1,Yes,No,21,Yes,Yes,Fiber optic,Yes,Yes,No,No,No,No,Month-to-month,Yes,Electronic check,86.54,1822.31,Yes
3607-RWPF,Female,0,Yes,No,54,No,No phone service,DSL,No,No,No,No,No,Yes,Month-to-month,Yes,Electronic check,53.04,2836.78,No
5691-HCWN,Female,0,Yes,No,36,Yes,No,DSL,Yes,No,No,No,No,No,Month-to-month,No,Bank transfer (automatic),54.84,1972.1,No
9564-KSNO,Female,1,Yes,No,19,Yes,No,DSL,No,No,Yes,No,Yes,Yes,Month-to-month,Yes,Credit card (automatic),67.67,1247.01,No
8223-IMMB,Male,0,Yes,Yes,24,Yes,Yes,DSL,No,Yes,No,No,Yes,Yes,Month-to-month,Yes,Bank transfer (automatic),77.51,1762.18,Yes
8609-NAMU,Female,0,Yes,No,27,Yes,No,DSL,No,No,Yes,No,No,Yes,Month-to-month,Yes,Credit card (automatic),64.28,1611.34,No
8977-CPGG,Female,0,No,No,34,Yes,Yes,Fiber optic,No,No,No,No,No,Yes,Two year,Yes,Mailed check,83.87,2803.12,No
1362-LAXD,Male,1,Yes,No,21,No,No phone service,Fiber optic,No,Yes,No,No,Yes,Yes,Two year,Yes,Electronic check,81.12,1628.88,No
1878-FSFS,Female,0,Yes,Yes,58,No,No phone service,Fiber optic,No,No,Yes,No,Yes,Yes,One year,No,Electronic check,79.37,4293.71,Yes
4390-CEHP,Female,0,No,No,24,Yes,No,DSL,No,No,No,No,Yes,Yes,Month-to-month,No,Mailed check,66.11,1441.37,Yes
8924-SNTT,Female,0,No,No,68,Yes,No,Fiber optic,Yes,No,Yes,Yes,No,Yes,Two year,No,Bank transfer (automatic),92.4,6074.52,No
5514-ADDB,Female,0,Yes,No,67,Yes,No,DSL,No,No,No,No,Yes,No,Month-to-month,Yes,Mailed check,54.09,3644.94,No
4264-VDMN,Male,0,No,No,44,Yes,No,No,No internet service,No internet service,No internet service,No internet service,No internet service,No internet service,Month-to-month,No,Bank transfer (automatic),22.64,965.25,No
6531-XPJA,Male,0,No,No,14,Yes,No,DSL,Yes,No,No,No,Yes,No,Month-to-month,Yes,Bank transfer (automatic),61.6,821.21,Yes
3050-YLJG,Male,1,Yes,Yes,68,Yes,No,Fiber optic,No,No,Yes,Yes,No,No,Month-to-month,Yes,Electronic check,87.44,5810.53,No
6733-IGKO,Male,0,Yes,Yes,50,Yes,Yes,DSL,No,No,Yes,No,No,No,Month-to-month,No,Electronic check,65.59,3047.75,Yes
8436-RZQE,Female,1,Yes,Yes,66,Yes,No,DSL,No,No,Yes,No,Yes,Yes,Month-to-month,No,Credit card (automatic),70.81,4512.03,No
4095-GQYY,Male,0,No,Yes,32,No,No phone service,DSL,Yes,Yes,No,No,Yes,No,Month-to-month,Yes,Electronic check,57.45,1745.52,No
4551-XLHX,Male,0,No,Yes,37,Yes,No,No,No internet service,No internet service,No internet service,No internet service,No internet service,No internet service,Two year,Yes,Mailed check,20.84,727.38,No
2472-PSOR,Female,0,Yes,No,57,No,No phone service,Fiber optic,Yes,No,Yes,No,No,No,Month-to-month,No,Electronic check,75.8,3983.61,No
4481-NVLS,Female,0,No,No,55,Yes,No,No,No internet service,No internet service,No internet service,No internet service,No internet service,No internet service,Month-to-month,Yes,Bank transfer (automatic),21.11,1097.5,No
3487-FBFK,Male,0,No,Yes,26,Yes,No,DSL,Yes,Yes,No,No,No,Yes,One year,Yes,Mailed check,69.9,1728.06,No
9304-SIGL,Male,0,No,No,22,Yes,No,Fiber optic,Yes,Yes,No,Yes,No,No,One year,Yes,Electronic check,93.37,2073.03,No
4211-NEGQ,Male,0,No,No,5,Yes,No,DSL,No,No,Yes,Yes,Yes,Yes,Month-to-month,Yes,Electronic check,77.51,382.95,No
6039-XRKY,Female,0,Yes,No,49,Yes,Yes,Fiber optic,Yes,No,No,No,Yes,No,Month-to-month,Yes,Credit card (automatic),96.29,4415.67,No
4342-VVPS,Male,1,Yes,Yes,40,Yes,No,No,No internet service,No internet service,No internet service,No internet service,No internet service,No internet service,Two year,Yes,Bank transfer (automatic),18.0,666.95,No
2645-HBZC,Male,0,Yes,No,5,Yes,No,Fiber optic,Yes,Yes,Yes,Yes,Yes,Yes,Two year,No,Electronic check,100.33,498.39,Yes
2590-UPKE,Male,0,Yes,No,64,Yes,No,No,No internet service,No internet service,No internet service,No internet service,No internet service,No internet service,Month-to-month,Yes,Electronic check,29.4,1862.84,Yes
9447-PQPW,Female,1,Yes,No,4,Yes,Yes,Fiber optic,No,Yes,No,Yes,Yes,Yes,Month-to-month,No,Mailed check,101.65,398.93,Yes
2571-OZEH,Female,0,No,No,2,Yes,Yes,DSL,Yes,Yes,Yes,No,No,No,Month-to-month,No,Credit card (automatic),67.51,130.29,No
1036-RVWW,Male,0,Yes,No,1,Yes,Yes,Fiber optic,Yes,Yes,No,No,Yes,No,Two year,Yes,Bank transfer (automatic),99.31,91.45,No
1934-WPGT,Male,0,No,No,49,Yes,Yes,Fiber optic,Yes,Yes,No,No,No,No,Two year,No,Electronic check,96.55,4814.92,No
5388-QXUM,Male,0,No,Yes,40,Yes,No,Fiber optic,No,No,Yes,No,Yes,No,Two year,Yes,Electronic check,80.34,3023.53,Yes
1326-IZGE,Male,0,No,No,49,No,No phone service,DSL,Yes,Yes,No,No,No,Yes,Two year,Yes,Mailed check,63.45,2831.59,No
9568-JAXP,Male,1,Yes,Yes,47,Yes,Yes,DSL,No,No,No,Yes,No,Yes,Month-to-month,No,Bank transfer (automatic),70.73,2999.62,No
6560-BREK,Female,0,No,Yes,44,Yes,No,Fiber optic,No,No,No,Yes,Yes,Yes,Two year,Yes,Bank transfer (automatic),92.32,3922.75,No
5451-CQUM,Male,0,Yes,Yes,49,Yes,Yes,Fiber optic,Yes,No,No,No,No,Yes,Month-to-month,No,Electronic check,88.26,3997.15,Yes
5887-NISB,Male,0,Yes,No,14,Yes,No,Fiber optic,No,No,No,No,No,Yes,Month-to-month,No,Bank transfer (automatic),75.06,1002.04,Yes
8139-XKER,Male,0,No,No,11,Yes,No,Fiber optic,No,No,No,Yes,Yes,Yes,Month-to-month,No,Electronic check,95.92,990.95,Yes
9180-BNVQ,Male,0,Yes,No,57,Yes,Yes,Fiber optic,Yes,No,Yes,No,No,No,Two year,No,Electronic check,85.86,4647.07,No
3358-HHDM,Male,0,No,No,66,Yes,Yes,Fiber optic,Yes,Yes,Yes,No,No,Yes,Month-to-month,No,Mailed check,98.44,5985.21,No
9530-FNBV,Male,0,No,Yes,54,Yes,Yes,DSL,Yes,No,No,No,No,Yes,One year,Yes,Bank transfer (automatic),70.22,3280.27,No
8780-NZXA,Male,0,No,No,58,Yes,Yes,Fiber optic,No,No,Yes,No,No,No,One year,Yes,Credit card (automatic),70.48,3968.64,No
6402-YPMX,Male,0,Yes,No,41,Yes,No,DSL,Yes,Yes,Yes,Yes,Yes,Yes,Month-to-month,Yes,Bank transfer (automatic),83.86,3082.47,Yes
2359-WWMW,Male,0,No,No,5,Yes,No,No,No internet service,No internet service,No internet service,No internet service,No internet service,No internet service,Two year,Yes,Bank transfer (automatic),27.92,145.69,No
8321-UDBG,Male,0,No,Yes,39,Yes,No,No,No internet service,No internet service,No internet service,No internet service,No internet service,No internet service,Month-to-month,Yes,Electronic check,28.87,1143.02,Yes
9330-TTYP,Male,0,No,Yes,37,Yes,No,Fiber optic,No,No,Yes,Yes,No,Yes,Month-to-month,Yes,Electronic check,86.09,2961.99,Yes
1909-LBBY,Male,0,Yes,Yes,23,Yes,No,Fiber optic,Yes,Yes,No,Yes,Yes,No,Two year,Yes,Electronic check,91.39,2108.58,No
3649-JQNT,Male,0,Yes,No,3,Yes,No,DSL,No,Yes,Yes,No,No,No,Two year,Yes,Mailed check,62.97,196.78,Yes
1198-OVTZ,Male,0,Yes,No,55,Yes,No,Fiber optic,Yes,No,No,No,Yes,No,One year,Yes,Electronic check,83.3,4512.97,No
4779-DZHI,Female,0,Yes,No,16,Yes,No,No,No internet service,No internet service,No internet service,No internet service,No internet service,No internet service,Month-to-month,No,Credit card (automatic),26.95,405.1,No
7701-ZTXX,Female,1,No,No,31,Yes,Yes,DSL,Yes,No,No,No,Yes,Yes,One year,No,Electronic check,76.51,2351.46,No
2952-LUBW,Male,0,No,No,49,Yes,Yes,Fiber optic,Yes,Yes,Yes,Yes,No,No,Month-to-month,No,Bank transfer (automatic),94.56,4108.17,No
7150-NSHB,Male,1,Yes,Yes,45,Yes,Yes,DSL,Yes,No,Yes,No,No,No,Month-to-month,No,Electronic check,67.27,3016.08,No
2078-BZCS,Female,0,Yes,No,21,Yes,No,DSL,No,No,Yes,Yes,No,Yes,One year,Yes,Bank transfer (automatic),72.58,1477.78,No
2700-EHCR,Male,0,No,No,23,Yes,No,Fiber optic,Yes,No,Yes,Yes,No,No,Two year,No,Bank transfer (automatic),83.37,1835.36,No
9645-ZHGA,Female,0,No,No,64,Yes,No,Fiber optic,Yes,Yes,No,No,Yes,Yes,Two year,No,Credit card (automatic),89.51,5633.07,No
8569-EKQI,Male,0,No,Yes,16,Yes,No,Fiber optic,No,Yes,Yes,No,Yes,No,One year,No,Mailed check,91.45,1299.96,No
1821-EVRY,Male,1,Yes,Yes,24,Yes,No,Fiber optic,Yes,No,No,Yes,No,Yes,Month-to-month,No,Electronic check,78.85,1908.95,Yes
1137-FMRY,Male,1,Yes,Yes,20,Yes,Yes,Fiber optic,No,Yes,No,Yes,Yes,Yes,Month-to-month,No,Mailed check,103.87,2200.76,Yes
2296-HTEQ,Female,0,No,No,13,Yes,No,DSL,No,No,Yes,Yes,No,No,Two year,No,Bank transfer (automatic),53.41,727.59,No
4047-ETNR,Male,0,Yes,Yes,69,Yes,Yes,DSL,No,No,No,No,Yes,No,Month-to-month,Yes,Electronic check,60.21,4053.39,No
7776-JFWL,Male,0,No,No,42,Yes,Yes,DSL,No,No,Yes,No,Yes,No,Month-to-month,Yes,Electronic check,69.19,2697.36,Yes
7101-STJN,Female,0,No,Yes,31,Yes,Yes,DSL,Yes,Yes,Yes,Yes,No,No,Month-to-month,Yes,Bank transfer (automatic),74.62,2266.31,Yes
3811-JMNS,Male,1,No,No,70,Yes,No,DSL,No,Yes,Yes,Yes,Yes,No,Month-to-month,No,Credit card (automatic),70.88,4933.25,No
5716-NQND,Male,1,No,No,16,Yes,Yes,No,No internet service,No internet service,No internet service,No internet service,No internet service,No internet service,One year,Yes,Bank transfer (automatic),33.6,464.58,No
3449-QSKE,Male,1,Yes,No,37,Yes,No,No,No internet service,No internet service,No internet service,No internet service,No internet service,No internet service,Two year,Yes,Electronic check,26.45,985.07,No
1682-LPSD,Male,0,No,Yes,30,Yes,Yes,No,No internet service,No internet service,No internet service,No internet service,No internet service,No internet service,Month-to-month,No,Bank transfer (automatic),30.89,862.18,No
4906-IBJH,Male,0,No,No,45,Yes,Yes,DSL,No,No,Yes,No,Yes,No,Month-to-month,No,Mailed check,67.38,2794.36,No
2492-FOHW,Female,0,No,No,26,Yes,No,Fiber optic,No,No,No,No,No,Yes,Month-to-month,Yes,Electronic check,80.4,2032.72,No
8358-QVHN,Female,0,No,No,30,Yes,No,No,No internet service,No internet service,No internet service,No internet service,No internet service,No internet service,One year,No,Electronic check,23.98,655.64,No
1326-MHFW,Female,0,No,No,31,Yes,Yes,Fiber optic,Yes,Yes,No,No,No,Yes,Month-to-month,Yes,Electronic check,90.19,2821.07,Yes
6102-DLOT,Male,0,No,Yes,38,Yes,No,No,No internet service,No internet service,No internet service,No internet service,No internet service,No internet service,Two year,No,Electronic check,25.25,850.99,No
1398-ZBMO,Female,0,No,No,46,Yes,Yes,Fiber optic,Yes,Yes,No,Yes,Yes,No,Month-to-month,Yes,Bank transfer (automatic),101.08,4492.13,No
2317-HHWF,Female,0,Yes,No,15,Yes,Yes,DSL,No,No,No,No,No,Yes,One year,Yes,Credit card (automatic),57.07,823.92,No
5206-CLDT,Female,0,Yes,No,21,Yes,No,Fiber optic,No,No,No,No,Yes,No,Month-to-month,No,Electronic check,80.29,1559.84,Yes
1477-NNOE,Male,0,Yes,No,8,Yes,Yes,Fiber optic,No,Yes,No,Yes,No,No,One year,Yes,Bank transfer (automatic),86.69,605.63,Yes
8218-FKOI,Male,1,Yes,Yes,62,Yes,No,Fiber optic,No,No,Yes,No,No,No,Month-to-month,No,Bank transfer (automatic),75.29,4487.91,No
8149-CYOI,Female,0,Yes,No,49,Yes,Yes,Fiber optic,No,Yes,No,No,Yes,Yes,Two year,Yes,Bank transfer (automatic),96.14,4594.08,No
6740-HPVJ,Male,0,No,No,32,Yes,Yes,Fiber optic,Yes,No,No,No,Yes,No,Month-to-month,Yes,Electronic check,90.76,2861.49,Yes
2802-DIIO,Male,0,No,No,49,No,No phone service,Fiber optic,No,Yes,Yes,Yes,Yes,Yes,Two year,Yes,Mailed check,94.34,4517.83,No
2462-UCOQ,Male,0,No,No,55,Yes,Yes,DSL,No,Yes,No,Yes,Yes,No,Two year,Yes,Mailed check,73.27,3925.41,No
9638-CSHQ,Female,0,No,Yes,32,No,No phone service,DSL,No,Yes,No,No,Yes,Yes,Two year,No,Bank transfer (automatic),53.27,1780.93,Yes
5766-LURH,Male,0,No,Yes,18,Yes,No,Fiber optic,Yes,Yes,Yes,Yes,Yes,No,One year,No,Electronic check,98.32,1730.81,No
3388-YSGV,Male,0,Yes,No,14,Yes,No,DSL,No,No,Yes,No,No,No,Month-to-month,Yes,Bank transfer (automatic),47.87,629.34,Yes
1226-UHSI,Male,0,Yes,No,48,Yes,Yes,No,No internet service,No internet service,No internet service,No internet service,No internet service,No internet service,Two year,Yes,Electronic check,32.6,1547.49,No
9391-MUNU,Female,0,Yes,Yes,58,Yes,Yes,Fiber optic,Yes,No,No,No,No,No,Two year,Yes,Mailed check,83.49,4891.01,No
7565-ODFJ,Male,0,No,Yes,63,Yes,Yes,DSL,Yes,No,Yes,No,No,No,Two year,Yes,Bank transfer (automatic),72.38,4318.85,No
9029-LXGK,Female,0,Yes,No,21,Yes,No,No,No internet service,No internet service,No internet service,No internet service,No internet service,No internet service,One year,No,Mailed check,28.52,561.5,No
7955-NQGV,Female,0,Yes,Yes,62,Yes,Yes,Fiber optic,Yes,No,No,No,Yes,No,Month-to-month,No,Mailed check,91.82,5429.27,No
3148-GSIV,Male,0,No,No,66,Yes,No,No,No internet service,No internet service,No internet service,No internet service,No internet service,No internet service,Month-to-month,Yes,Electronic check,25.8,1572.48,No
7049-RBYP,Male,0,Yes,No,32,Yes,Yes,DSL,No,No,No,No,No,Yes,Two year,Yes,Electronic check,63.18,1946.94,No
4027-JYMS,Male,0,Yes,No,18,Yes,Yes,Fiber optic,Yes,Yes,No,Yes,No,No,Month-to-month,Yes,Electronic check,90.96,1537.31,Yes
2320-VZQK,Male,0,Yes,No,53,Yes,No,Fiber optic,Yes,Yes,No,Yes,Yes,No,Month-to-month,Yes,Electronic check,86.09,4045.81,No
4297-USKW,Female,0,No,No,16,No,No phone service,No,No internet service,No internet service,No internet service,No internet service,No internet service,No internet service,One year,Yes,Electronic check,23.02,353.71,No
7901-PAIW,Female,0,No,Yes,51,Yes,No,Fiber optic,No,No,Yes,Yes,No,Yes,One year,No,Bank transfer (automatic),82.78,4254.34,No
7289-XXSJ,Male,0,Yes,No,23,Yes,Yes,Fiber optic,No,Yes,No,Yes,No,No,Month-to-month,Yes,Electronic check,88.69,2089.17,Yes
3145-JNKL,Male,0,No,No,10,Yes,Yes,Fiber optic,No,No,Yes,No,Yes,No,One year,No,Electronic check,92.62,992.21,No
3018-CPPO,Male,0,No,No,45,Yes,Yes,DSL,No,Yes,No,No,Yes,Yes,Month-to-month,Yes,Electronic check,77.01,3465.3,Yes
4134-GGDL,Male,0,No,No,33,Yes,Yes,DSL,No,Yes,No,Yes,Yes,Yes,Two year,No,Credit card (automatic),74.34,2358.31,No
6108-OCPR,Female,0,Yes,No,16,Yes,Yes,Fiber optic,No,Yes,Yes,No,No,No,Month-to-month,No,Electronic check,82.23,1247.36,Yes
9029-EUZS,Female,1,No,Yes,41,Yes,No,DSL,No,No,No,No,Yes,Yes,Two year,Yes,Bank transfer (automatic),65.89,2582.15,No
9203-QNYH,Male,0,Yes,Yes,49,Yes,No,Fiber optic,Yes,No,Yes,Yes,No,No,Month-to-month,Yes,Mailed check,83.77,4008.88,No
6396-HWRQ,Female,0,No,Yes,38,Yes,No,Fiber optic,Yes,Yes,Yes,Yes,Yes,No,Two year,Yes,Bank transfer (automatic),104.95,3654.27,No
7579-PAKR,Female,0,Yes,Yes,28,Yes,Yes,Fiber optic,Yes,No,Yes,No,No,No,Month-to-month,Yes,Electronic check,83.42,2343.25,No
5461-LSRJ,Female,0,Yes,No,28,Yes,Yes,DSL,Yes,No,Yes,Yes,No,Yes,Month-to-month,Yes,Bank transfer (automatic),75.41,2046.91,No
8876-ZFWX,Female,0,No,Yes,53,Yes,Yes,No,No internet service,No internet service,No internet service,No internet service,No internet service,No internet service,Month-to-month,Yes,Credit card (automatic),30.11,1623.62,No
5041-WVDD,Male,0,Yes,No,29,Yes,No,DSL,No,No,Yes,No,No,Yes,Month-to-month,Yes,Bank transfer (automatic),57.88,1534.22,Yes
3802-JODY,Male,1,Yes,No,30,Yes,No,Fiber optic,No,No,Yes,No,No,Yes,One year,No,Credit card (automatic),79.68,2336.24,No
9792-KYNB,Male,0,No,No,38,Yes,Yes,DSL,Yes,No,Yes,No,Yes,No,Month-to-month,No,Electronic check,72.41,2626.68,No
2639-UAIL,Female,0,Yes,No,41,Yes,Yes,DSL,Yes,No,Yes,Yes,Yes,Yes,Month-to-month,Yes,Bank transfer (automatic),80.83,3371.88,No
3033-RYWE,Male,1,Yes,Yes,41,Yes,Yes,DSL,No,Yes,No,No,Yes,No,Month-to-month,No,Electronic check,69.76,2945.2,Yes
6164-GBFL,Male,0,Yes,No,7,Yes,No,Fiber optic,No,Yes,No,No,No,No,One year,No,Electronic check,75.55,516.93,Yes
4813-ACFL,Female,0,No,Yes,61,Yes,Yes,Fiber optic,Yes,No,No,No,Yes,Yes,Month-to-month,No,Bank transfer (automatic),97.84,5776.51,No
4931-UTEX,Female,0,Yes,Yes,31,Yes,No,Fiber optic,No,Yes,No,Yes,Yes,Yes,Two year,Yes,Electronic check,98.01,3033.97,No
7622-TDIU,Male,0,Yes,No,48,Yes,Yes,Fiber optic,No,No,Yes,No,No,No,Two year,Yes,Bank transfer (automatic),88.04,3962.41,No
1331-RZPP,Male,0,Yes,Yes,44,No,No phone service,DSL,No,No,Yes,Yes,No,Yes,Month-to-month,Yes,Electronic check,59.89,2556.69,Yes
9243-PBUI,Male,0,No,No,38,Yes,No,Fiber optic,No,Yes,No,Yes,Yes,No,Month-to-month,Yes,Credit card (automatic),86.37,3223.27,Yes
2479-OJNB,Male,0,Yes,No,19,Yes,No,Fiber optic,No,Yes,Yes,Yes,No,Yes,Two year,Yes,Mailed check,90.11,1607.96,No
4293-IPSF,Female,1,Yes,No,11,Yes,Yes,No,No internet service,No internet service,No internet service,No internet service,No internet service,No internet service,One year,Yes,Bank transfer (automatic),35.25,362.65,No
2177-RSFL,Female,1,No,No,44,Yes,Yes,DSL,No,No,No,No,Yes,No,One year,No,Mailed check,61.13,2614.97,No
5384-WBNW,Female,0,No,No,32,Yes,No,Fiber optic,Yes,Yes,Yes,Yes,No,Yes,Month-to-month,Yes,Electronic check,93.96,2883.52,Yes
9612-PEPS,Female,0,No,No,41,Yes,Yes,DSL,No,No,Yes,Yes,Yes,Yes,One year,No,Credit card (automatic),82.06,3306.11,No
1300-ZKEA,Female,0,Yes,No,2,Yes,No,No,No internet service,No internet service,No internet service,No internet service,No internet service,No internet service,Month-to-month,Yes,Mailed check,19.04,39.91,No
9768-UBIK,Female,0,No,No,41,Yes,No,DSL,No,No,Yes,Yes,Yes,Yes,Month-to-month,Yes,Bank transfer (automatic),72.14,2823.12,No
1041-GGDD,Female,0,Yes,No,37,Yes,Yes,DSL,Yes,Yes,No,No,Yes,Yes,Month-to-month,Yes,Electronic check,80.29,3027.55,Yes
8053-MZRP,Female,0,Yes,No,52,Yes,No,DSL,No,No,Yes,Yes,Yes,Yes,Month-to-month,No,Electronic check,70.54,3650.1,No
7116-HITB,Male,1,Yes,No,13,Yes,Yes,No,No internet service,No internet service,No internet service,No internet service,No internet service,No internet service,Month-to-month,No,Bank transfer (automatic),30.78,366.87,Yes
9952-ZONF,Male,0,Yes,No,33,Yes,Yes,DSL,Yes,Yes,Yes,Yes,No,Yes,Month-to-month,Yes,Electronic check,82.29,2770.21,No
7411-KYFF,Male,0,Yes,No,38,Yes,No,No,No internet service,No internet service,No internet service,No internet service,No internet service,No internet service,Month-to-month,Yes,Electronic check,33.31,1132.6,Yes
7647-MJBR,Female,0,Yes,Yes,23,Yes,Yes,Fiber optic,No,Yes,Yes,No,No,Yes,Month-to-month,Yes,Mailed check,91.0,2061.13,Yes
3992-VSTN,Female,1,Yes,No,10,Yes,No,DSL,Yes,Yes,Yes,No,Yes,No,Month-to-month,Yes,Mailed check,70.14,689.9,No
4471-HNJD,Male,0,No,No,40,Yes,Yes,DSL,No,No,No,No,No,Yes,Two year,No,Electronic check,63.27,2511.37,No
8061-VUEK,Female,1,No,No,58,No,No phone service,No,No internet service,No internet service,No internet service,No internet service,No internet service,No internet service,Month-to-month,Yes,Credit card (automatic),21.91,1230.79,No
1803-MQIE,Female,0,No,No,62,Yes,No,No,No internet service,No internet service,No internet service,No internet service,No internet service,No internet service,One year,Yes,Mailed check,28.61,1819.11,No
8850-LGPW,Male,0,Yes,Yes,9,Yes,No,No,No internet service,No internet service,No internet service,No internet service,No internet service,No internet service,Month-to-month,Yes,Bank transfer (automatic),22.72,213.08,Yes
1179-YWVP,Female,1,Yes,No,23,Yes,No,No,No internet service,No internet service,No internet service,No internet service,No internet service,No internet service,Month-to-month,No,Electronic check,20.81,458.68,Yes
4987-RTFH,Male,0,No,No,39,Yes,Yes,No,No internet service,No internet service,No internet service,No internet service,No internet service,No internet service,Two year,Yes,Bank transfer (automatic),31.83,1236.09,No
2844-TVHV,Female,0,Yes,No,24,Yes,Yes,DSL,Yes,No,Yes,Yes,No,No,One year,Yes,Electronic check,73.7,1762.93,No
6567-JQYJ,Male,0,Yes,No,22,Yes,No,No,No internet service,No internet service,No internet service,No internet service,No internet service,No internet service,Two year,Yes,Credit card (automatic),27.25,509.2,No
3874-ZLVO,Male,0,No,No,33,Yes,No,Fiber optic,Yes,Yes,Yes,No,No,Yes,One year,No,Credit card (automatic),85.34,2680.4,Yes
7153-ZYMN,Male,0,No,No,8,Yes,Yes,Fiber optic,No,Yes,Yes,No,No,Yes,Two year,Yes,Electronic check,89.49,707.32,Yes
8543-KACI,Male,0,No,No,2,Yes,Yes,Fiber optic,No,No,No,No,Yes,No,One year,No,Mailed check,91.2,167.42,No
3588-CILP,Female,0,No,No,7,Yes,Yes,No,No internet service,No internet service,No internet service,No internet service,No internet service,No internet service,One year,Yes,Credit card (automatic),29.66,191.23,No
9335-XBGU,Male,1,No,No,70,Yes,No,No,No internet service,No internet service,No internet service,No internet service,No internet service,No internet service,Month-to-month,Yes,Bank transfer (automatic),20.38,1436.38,No
4046-KLFJ,Male,1,Yes,No,39,Yes,No,DSL,Yes,No,No,Yes,Yes,No,Month-to-month,Yes,Bank transfer (automatic),66.17,2542.66,No
7598-YMRU,Male,0,Yes,No,30,Yes,Yes,Fiber optic,No,No,No,Yes,Yes,Yes,Month-to-month,Yes,Bank transfer (automatic),93.95,2572.65,Yes
5996-ZYQP,Male,1,No,No,31,Yes,No,No,No internet service,No internet service,No internet service,No internet service,No internet service,No internet service,Two year,No,Electronic check,22.52,647.69,No
5608-MNXY,Male,0,Yes,No,20,Yes,Yes,DSL,Yes,No,No,Yes,No,Yes,Two year,Yes,Bank transfer (automatic),73.13,1486.73,No
3426-REOB,Male,0,Yes,Yes,56,Yes,Yes,Fiber optic,No,Yes,No,No,No,No,Month-to-month,Yes,Bank transfer (automatic),76.94,4105.56,Yes
9311-DQUZ,Male,0,Yes,Yes,21,Yes,No,DSL,No,Yes,Yes,Yes,Yes,Yes,Month-to-month,Yes,Mailed check,83.49,1659.74,No
6673-UMFF,Female,0,No,No,50,Yes,No,No,No internet service,No internet service,No internet service,No internet service,No internet service,No internet service,Two year,Yes,Credit card (automatic),19.36,952.85,No
4815-UAMK,Male,0,Yes,No,2,Yes,No,Fiber optic,No,No,Yes,Yes,Yes,No,Two year,Yes,Credit card (automatic),89.51,173.4,No
4806-XNKY,Female,0,Yes,No,45,Yes,No,Fiber optic,No,Yes,No,Yes,Yes,Yes,Month-to-month,Yes,Credit card (automatic),92.6,3901.75,No
8090-PHQF,Female,0,No,No,68,Yes,No,DSL,Yes,Yes,No,No,No,No,Month-to-month,No,Mailed check,62.97,3873.36,Yes
2092-QARA,Female,0,Yes,No,9,Yes,No,No,No internet service,No internet service,No internet service,No internet service,No internet service,No internet service,Two year,Yes,Bank transfer (automatic),19.3,170.91,No
3631-OIRO,Female,0,No,No,34,Yes,No,Fiber optic,Yes,No,Yes,No,Yes,No,Two year,No,Electronic check,80.68,2724.18,No
9440-FJLI,Male,0,No,No,43,Yes,No,DSL,No,No,Yes,No,No,No,Month-to-month,Yes,Bank transfer (automatic),58.18,2528.21,No
2861-TSLA,Male,0,Yes,No,5,Yes,Yes,No,No internet service,No internet service,No internet service,No internet service,No internet service,No internet service,One year,No,Credit card (automatic),28.1,135.48,No
3165-AXTB,Female,0,No,Yes,2,Yes,Yes,No,No internet service,No internet service,No internet service,No internet service,No internet service,No internet service,Two year,No,Mailed check,22.43,40.55,No
3664-NVTQ,Female,0,Yes,Yes,9,Yes,Yes,Fiber optic,Yes,Yes,Yes,No,Yes,Yes,Month-to-month,Yes,Credit card (automatic),103.58,927.43,Yes
2538-PUMP,Male,0,No,Yes,32,Yes,Yes,Fiber optic,Yes,No,No,No,Yes,Yes,One year,No,Mailed check,92.07,2813.02,Yes
7020-BKXZ,Male,0,No,Yes,7,No,No phone service,DSL,No,No,Yes,No,No,No,Two year,Yes,Mailed check,42.0,272.74,No
1436-TPHF,Male,0,No,No,11,Yes,Yes,Fiber optic,Yes,Yes,Yes,Yes,Yes,No,Two year,Yes,Mailed check,102.83,1195.9,No
3005-ODKB,Male,0,No,No,39,Yes,No,DSL,Yes,Yes,Yes,No,Yes,Yes,Month-to-month,No,Bank transfer (automatic),80.46,2923.53,Yes
9458-NXIK,Male,0,Yes,Yes,55,Yes,No,No,No internet service,No internet service,No internet service,No internet service,No internet service,No internet service,Two year,Yes,Electronic check,23.47,1323.48,No
2506-MAXS,Female,1,No,Yes,19,Yes,No,No,No internet service,No internet service,No internet service,No internet service,No internet service,No internet service,Two year,No,Bank transfer (automatic),35.77,667.36,No
4325-YAPC,Male,0,No,No,8,No,No phone service,DSL,No,Yes,No,Yes,Yes,Yes,Two year,Yes,Mailed check,62.7,502.3,No
2669-YOXF,Male,0,Yes,No,52,Yes,Yes,No,No internet service,No internet service,No internet service,No internet service,No internet service,No internet service,Month-to-month,Yes,Electronic check,21.21,1051.55,No
9725-ZRCB,Female,0,Yes,No,17,Yes,No,Fiber optic,Yes,No,No,Yes,Yes,No,Two year,Yes,Electronic check,87.28,1488.28,No
3909-XXCK,Male,0,No,Yes,28,Yes,Yes,No,No internet service,No internet service,No internet service,No internet service,No internet service,No internet service,One year,Yes,Mailed check,36.68,1070.95,No
1752-VEKT,Female,0,Yes,No,25,Yes,Yes,Fiber optic,No,No,Yes,No,No,Yes,One year,Yes,Bank transfer (automatic),89.87,2177.32,No
7530-IIAH,Female,1,No,No,68,Yes,Yes,DSL,Yes,No,No,Yes,Yes,No,Month-to-month,No,Bank transfer (automatic),71.44,5013.27,No
1106-YDBT,Female,0,No,No,7,Yes,No,Fiber optic,No,Yes,Yes,No,No,No,One year,No,Bank transfer (automatic),83.35,551.79,Yes
3240-TRKK,Male,0,Yes,No,8,Yes,Yes,Fiber optic,No,No,Yes,Yes,Yes,Yes,Month-to-month,Yes,Electronic check,106.81,782.0,Yes
3694-GQWN,Male,1,Yes,No,16,Yes,Yes,Fiber optic,Yes,Yes,No,Yes,Yes,Yes,Month-to-month,Yes,Mailed check,98.62,1500.26,Yes
5775-MUME,Male,0,No,No,70,Yes,Yes,Fiber optic,Yes,No,No,No,No,Yes,Month-to-month,Yes,Bank transfer (automatic),82.87,5781.57,No
9913-SKUJ,Male,0,No,No,23,Yes,No,DSL,Yes,No,Yes,Yes,No,No,Month-to-month,No,Electronic check,68.29,1469.69,No
6238-QPPE,Female,1,No,No,55,Yes,Yes,Fiber optic,Yes,Yes,Yes,Yes,No,No,Month-to-month,Yes,Electronic check,95.59,5214.8,Yes
2587-NHLX,Female,0,Yes,Yes,16,Yes,No,DSL,No,No,Yes,No,Yes,Yes,Month-to-month,No,Bank transfer (automatic),70.22,1080.64,Yes
6662-JHXK,Male,0,No,No,21,Yes,No,DSL,No,Yes,Yes,Yes,Yes,Yes,Month-to-month,Yes,Mailed check,82.85,1702.34,No
4179-WMMF,Female,0,No,No,48,Yes,Yes,Fiber optic,Yes,No,No,No,No,No,Month-to-month,Yes,Credit card (automatic),84.9,4034.54,Yes
5090-IBWN,Male,0,Yes,No,29,Yes,Yes,DSL,No,No,Yes,No,No,Yes,Two year,No,Electronic check,65.04,1834.48,No
9208-LKDN,Female,0,No,No,25,Yes,Yes,Fiber optic,No,Yes,Yes,Yes,No,Yes,Two year,No,Credit card (automatic),101.49,2352.04,No
7317-IBXU,Male,0,No,No,69,Yes,Yes,DSL,No,Yes,Yes,No,Yes,Yes,Month-to-month,No,Electronic check,76.76,5192.62,No
1374-MFHV,Male,0,No,Yes,58,Yes,No,No,No internet service,No internet service,No internet service,No internet service,No internet service,No internet service,Two year,No,Bank transfer (automatic),20.56,1126.98,No
4975-ZFES,Male,0,No,Yes,23,Yes,No,No,No internet service,No internet service,No internet service,No internet service,No internet service,No internet service,Month-to-month,Yes,Credit card (automatic),27.4,592.92,No
9587-IKIB,Male,0,Yes,No,6,No,No phone service,Fiber optic,Yes,No,No,Yes,No,No,Two year,No,Bank transfer (automatic),79.43,424.22,No
2258-SLCC,Male,0,Yes,No,17,Yes,Yes,DSL,No,Yes,No,No,No,Yes,Month-to-month,Yes,Credit card (automatic),64.85,1090.2,No
5295-SQUB,Female,0,Yes,No,43,No,No phone service,DSL,No,Yes,No,Yes,No,Yes,Month-to-month,No,Mailed check,50.3,2219.6,No
5010-KNFF,Female,0,Yes,Yes,60,No,No phone service,No,No internet service,No internet service,No internet service,No internet service,No internet service,No internet service,One year,Yes,Credit card (automatic),18.93,1104.27,No
2541-USZA,Female,1,No,No,13,Yes,No,Fiber optic,Yes,Yes,Yes,No,Yes,Yes,One year,No,Mailed check,107.1,1332.91,No
2713-MWFH,Female,0,No,No,60,No,No phone service,DSL,No,Yes,Yes,Yes,No,Yes,Month-to-month,No,Credit card (automatic),58.51,3584.75,No
8832-DNQN,Male,1,Yes,No,49,Yes,No,DSL,Yes,No,Yes,No,No,No,Month-to-month,Yes,Electronic check,60.4,2904.92,No
1746-ZUOT,Female,0,No,No,43,Yes,Yes,No,No internet service,No internet service,No internet service,No internet service,No internet service,No internet service,One year,No,Credit card (automatic),28.69,1161.21,No
7127-BBUT,Male,0,No,No,7,Yes,No,Fiber optic,No,No,Yes,No,Yes,Yes,Month-to-month,No,Bank transfer (automatic),95.26,638.88,Yes
5386-OHGE,Female,0,Yes,Yes,36,Yes,Yes,Fiber optic,Yes,Yes,Yes,No,Yes,No,Month-to-month,Yes,Credit card (automatic),100.21,3570.31,No
8398-WMFA,Female,0,No,Yes,29,Yes,Yes,Fiber optic,Yes,No,Yes,No,No,Yes,Month-to-month,Yes,Electronic check,94.58,2628.68,Yes
2852-VAQZ,Female,0,No,Yes,10,Yes,No,No,No internet service,No internet service,No internet service,No internet service,No internet service,No internet service,Two year,Yes,Mailed check,31.28,294.07,No
6143-BWDG,Female,0,No,No,34,Yes,No,No,No internet service,No internet service,No internet service,No internet service,No internet service,No internet service,Month-to-month,Yes,Mailed check,30.94,1005.3,No
9373-VDHL,Female,0,No,No,34,Yes,No,No,No internet service,No internet service,No internet service,No internet service,No internet service,No internet service,Month-to-month,No,Mailed check,22.27,771.31,No
3047-MQMS,Male,0,No,No,10,Yes,No,Fiber optic,Yes,Yes,No,No,No,No,Month-to-month,Yes,Mailed check,85.61,799.52,Yes
1509-IFQR,Female,1,Yes,No,39,Yes,Yes,DSL,No,No,No,Yes,Yes,No,Month-to-month,Yes,Credit card (automatic),66.15,2449.41,No
6069-BVTM,Male,0,No,No,66,Yes,Yes,Fiber optic,No,No,No,No,No,Yes,One year,Yes,Electronic check,91.4,5607.29,Yes
9094-ARCL,Female,0,Yes,No,61,Yes,No,Fiber optic,No,Yes,No,No,Yes,Yes,Two year,Yes,Electronic check,91.58,5592.65,No
2999-VLFD,Female,0,No,No,6,Yes,No,No,No internet service,No internet service,No internet service,No internet service,No internet service,No internet service,Two year,Yes,Electronic check,25.03,146.46,No
4342-VXKU,Male,0,Yes,No,13,Yes,No,Fiber optic,Yes,Yes,Yes,No,No,No,Month-to-month,Yes,Mailed check,86.56,1060.65,No
1975-UVKC,Female,0,No,No,64,Yes,Yes,Fiber optic,No,No,Yes,No,No,No,Month-to-month,No,Bank transfer (automatic),76.38,4577.02,No
1195-KYLR,Male,0,No,No,57,Yes,No,DSL,Yes,Yes,No,No,No,No,Month-to-month,No,Mailed check,55.88,3176.53,No
4862-TPUL,Female,0,Yes,No,50,Yes,No,DSL,Yes,Yes,No,No,Yes,Yes,One year,No,Mailed check,69.48,3445.86,No
7962-SSCB,Female,0,Yes,No,11,Yes,No,Fiber optic,Yes,No,No,Yes,No,Yes,One year,No,Bank transfer (automatic),87.84,915.82,No
2836-JAJV,Male,0,Yes,No,55,Yes,Yes,Fiber optic,No,No,No,No,No,Yes,Month-to-month,Yes,Electronic check,83.52,4650.67,Yes
9309-PDRX,Male,0,Yes,No,53,Yes,Yes,Fiber optic,Yes,Yes,No,No,No,Yes,Month-to-month,No,Credit card (automatic),86.81,4411.13,Yes
3890-TDWS,Male,0,Yes,No,37,Yes,Yes,Fiber optic,Yes,Yes,No,Yes,No,Yes,Month-to-month,No,Mailed check,99.67,3520.2,No
6226-LVZJ,Female,0,Yes,No,30,Yes,No,DSL,Yes,Yes,No,Yes,Yes,Yes,Month-to-month,Yes,Electronic check,77.68,2142.99,No
4268-IZSZ,Female,0,No,No,10,Yes,Yes,DSL,No,No,No,Yes,No,No,Two year,Yes,Credit card (automatic),60.01,611.18,Yes
8657-JSTV,Female,0,Yes,Yes,46,Yes,No,No,No internet service,No internet service,No internet service,No internet service,No internet service,No internet service,Month-to-month,Yes,Bank transfer (automatic),18.99,870.13,No
1917-KDBO,Female,0,No,No,12,Yes,No,DSL,No,No,No,No,No,Yes,One year,Yes,Electronic check,57.83,689.72,No
3023-GHSC,Male,0,Yes,Yes,3,Yes,Yes,Fiber optic,Yes,Yes,Yes,Yes,No,Yes,Month-to-month,Yes,Electronic check,106.28,319.38,Yes
8426-QFOI,Male,0,No,Yes,35,Yes,No,Fiber optic,No,No,Yes,Yes,No,No,One year,Yes,Bank transfer (automatic),85.71,2922.48,Yes
7373-NCSP,Female,0,Yes,No,42,Yes,Yes,DSL,Yes,Yes,No,No,Yes,Yes,Month-to-month,No,Electronic check,81.48,3362.05,Yes
8651-EPOK,Female,0,Yes,No,26,Yes,No,No,No internet service,No internet service,No internet service,No internet service,No internet service,No internet service,Month-to-month,Yes,Mailed check,22.36,575.42,No
9366-HDGL,Male,0,Yes,Yes,50,Yes,No,No,No internet service,No internet service,No internet service,No internet service,No internet service,No internet service,One year,Yes,Bank transfer (automatic),23.77,1196.92,No
7515-VCAB,Female,0,No,No,54,Yes,Yes,DSL,No,Yes,Yes,No,No,Yes,Month-to-month,No,Bank transfer (automatic),75.6,4085.45,Yes
1176-FUEX,Male,1,No,No,29,Yes,Yes,DSL,No,Yes,No,Yes,No,No,Two year,No,Electronic check,63.06,1710.6,No
1889-XCUM,Female,0,No,No,21,Yes,Yes,Fiber optic,Yes,Yes,No,Yes,Yes,Yes,Month-to-month,No,Credit card (automatic),111.65,2188.88,Yes
8199-STDD,Female,0,No,No,36,Yes,Yes,DSL,Yes,No,No,Yes,Yes,Yes,Month-to-month,Yes,Mailed check,80.89,2817.65,Yes
7642-IZKP,Female,1,Yes,No,64,Yes,Yes,Fiber optic,Yes,No,No,No,Yes,Yes,Month-to-month,Yes,Bank transfer (automatic),106.0,6637.73,No
9868-YDNN,Female,0,Yes,No,28,No,No phone service,Fiber optic,Yes,Yes,No,Yes,Yes,No,Month-to-month,Yes,Mailed check,80.58,2342.07,Yes
8505-XBZR,Male,1,Yes,No,16,Yes,Yes,DSL,No,Yes,No,Yes,No,No,One year,Yes,Electronic check,66.81,1004.2,No
4093-FXFY,Male,0,Yes,No,36,Yes,No,No,No internet service,No internet service,No internet service,No internet service,No internet service,No internet service,Month-to-month,No,Electronic check,26.37,919.09,No
9589-PTPG,Male,0,No,Yes,64,Yes,No,Fiber optic,No,Yes,Yes,No,Yes,Yes,Month-to-month,No,Electronic check,90.24,5428.61,No
5494-YING,Male,0,Yes,No,31,Yes,No,DSL,No,No,Yes,No,No,No,Two year,Yes,Mailed check,56.02,1676.84,No
2819-SUOW,Male,1,Yes,Yes,13,Yes,Yes,Fiber optic,No,Yes,Yes,Yes,No,Yes,Month-to-month,Yes,Electronic check,97.07,1295.65,Yes
1149-DQXC,Female,0,No,No,52,Yes,No,Fiber optic,No,Yes,Yes,Yes,Yes,Yes,Month-to-month,Yes,Credit card (automatic),96.34,4832.05,No
8320-YHIN,Male,0,No,No,65,Yes,Yes,DSL,No,No,Yes,No,No,No,Month-to-month,Yes,Electronic check,60.8,3422.87,No
6158-GFMF,Male,0,Yes,No,48,Yes,No,DSL,No,Yes,No,No,Yes,No,Month-to-month,No,Mailed check,56.54,2661.42,No
2527-COVK,Male,0,No,Yes,69,Yes,No,DSL,No,No,No,Yes,No,Yes,Two year,Yes,Credit card (automatic),66.2,4476.73,No
4093-STNQ,Female,0,No,No,45,Yes,No,Fiber optic,Yes,No,No,No,Yes,Yes,Month-to-month,Yes,Electronic check,91.87,4088.05,No
5129-ECLB,Male,0,No,Yes,28,Yes,Yes,Fiber optic,Yes,Yes,Yes,No,No,Yes,Two year,Yes,Bank transfer (automatic),99.23,2763.58,No
9044-MNDG,Female,0,No,No,46,Yes,No,DSL,Yes,No,No,No,Yes,Yes,Month-to-month,Yes,Credit card (automatic),72.79,3135.82,Yes
9321-DGKW,Male,1,No,Yes,68,No,No phone service,Fiber optic,No,No,No,No,Yes,No,Two year,Yes,Electronic check,70.49,4566.65,No
8146-IBMG,Female,0,Yes,Yes,50,Yes,No,DSL,No,No,Yes,No,No,Yes,Two year,No,Bank transfer (automatic),59.15,3159.03,No
8326-WLQE,Female,0,No,Yes,19,No,No phone service,Fiber optic,No,Yes,No,Yes,No,No,Two year,No,Bank transfer (automatic),71.47,1407.22,No
6932-BWQZ,Male,0,No,No,6,No,No phone service,Fiber optic,No,Yes,Yes,Yes,Yes,No,Month-to-month,Yes,Mailed check,87.62,495.63,Yes
6097-ODUB,Female,0,No,Yes,28,Yes,No,No,No internet service,No internet service,No internet service,No internet service,No internet service,No internet service,Month-to-month,Yes,Credit card (automatic),22.46,593.82,No
7052-GPQE,Male,0,No,No,51,Yes,Yes,DSL,No,Yes,Yes,No,No,No,Month-to-month,Yes,Electronic check,62.76,3165.66,No
8533-SMAN,Male,0,Yes,No,66,Yes,Yes,Fiber optic,No,Yes,No,Yes,Yes,No,One year,Yes,Mailed check,94.87,5922.88,No
7543-EJQO,Female,0,Yes,Yes,44,Yes,No,DSL,Yes,Yes,No,No,Yes,Yes,Month-to-month,Yes,Electronic check,71.26,3054.91,No
4366-MCVH,Male,0,No,No,56,Yes,No,DSL,No,No,Yes,No,No,No,Month-to-month,Yes,Electronic check,60.55,3125.57,No
3766-FWZK,Female,0,No,No,55,Yes,Yes,No,No internet service,No internet service,No internet service,No internet service,No internet service,No internet service,Two year,No,Credit card (automatic),34.16,1781.76,No
8739-HJMA,Male,1,No,No,31,Yes,Yes,No,No internet service,No internet service,No internet service,No internet service,No internet service,No internet service,One year,Yes,Mailed check,28.82,878.2,No
2122-FHGZ,Female,0,Yes,No,60,Yes,No,No,No internet service,No internet service,No internet service,No internet service,No internet service,No internet service,Two year,Yes,Electronic check,27.08,1547.53,No
5780-UTLH,Female,1,No,No,20,Yes,Yes,No,No internet service,No internet service,No internet service,No internet service,No internet service,No internet service,Two year,Yes,Electronic check,32.31,619.56,No
9823-QDNT,Female,1,No,Yes,53,Yes,No,No,No internet service,No internet service,No internet service,No internet service,No internet service,No internet service,Month-to-month,Yes,Credit card (automatic),19.57,986.19,No
6479-YLRU,Female,0,No,No,3,Yes,No,Fiber optic,No,No,No,Yes,No,No,Month-to-month,Yes,Electronic check,76.04,209.69,Yes
4591-FYMQ,Female,0,No,No,37,Yes,No,DSL,Yes,No,Yes,Yes,Yes,Yes,One year,No,Mailed check,78.59,2829.34,No
5138-QRZL,Male,0,Yes,No,60,Yes,Yes,DSL,No,No,No,Yes,Yes,Yes,One year,No,Mailed check,72.91,4239.68,No
3608-ANOS,Female,0,Yes,Yes,8,No,No phone service,Fiber optic,No,Yes,No,No,Yes,No,One year,Yes,Credit card (automatic),84.38,636.87,No
1438-YBSX,Male,0,Yes,No,46,Yes,No,DSL,No,Yes,No,Yes,No,No,Month-to-month,No,Credit card (automatic),61.34,2717.19,No
1739-ASNR,Male,1,No,Yes,47,Yes,Yes,DSL,Yes,Yes,No,No,No,No,Month-to-month,No,Mailed check,66.65,3024.28,Yes
7123-KDEN,Male,0,No,Yes,50,Yes,Yes,No,No internet service,No internet service,No internet service,No internet service,No internet service,No internet service,Month-to-month,Yes,Bank transfer (automatic),26.69,1299.72,No
8074-OMCY,Female,0,No,Yes,39,Yes,Yes,Fiber optic,Yes,Yes,Yes,No,No,Yes,Two year,Yes,Bank transfer (automatic),107.44,3951.68,No
4451-KDQR,Female,0,Yes,Yes,28,Yes,No,No,No internet service,No internet service,No internet service,No internet service,No internet service,No internet service,Month-to-month,No,Mailed check,22.21,589.7,No
4720-NRZN,Male,0,Yes,No,14,Yes,Yes,No,No internet service,No internet service,No internet service,No internet service,No internet service,No internet service,Month-to-month,Yes,Electronic check,31.04,428.08,No
4444-VBWB,Female,0,No,No,38,Yes,No,Fiber optic,No,Yes,No,No,No,Yes,One year,Yes,Credit card (automatic),84.59,3145.32,No
8589-ZHVJ,Male,0,No,No,62,Yes,No,Fiber optic,No,Yes,No,Yes,No,No,Month-to-month,Yes,Electronic check,85.25,5106.66,Yes
6897-NVSF,Male,0,No,No,22,Yes,No,Fiber optic,Yes,Yes,No,Yes,No,Yes,One year,No,Mailed check,92.26,2116.27,Yes
3316-EXKG,Male,0,No,No,55,Yes,No,No,No internet service,No internet service,No internet service,No internet service,No internet service,No internet service,Month-to-month,No,Electronic check,21.5,1105.78,No
8190-YIBS,Male,0,No,No,10,No,No phone service,No,No internet service,No internet service,No internet service,No internet service,No internet service,No internet service,Month-to-month,Yes,Electronic check,19.29,195.03,No
9832-RWWI,Male,1,Yes,No,39,Yes,Yes,Fiber optic,No,No,Yes,No,No,Yes,One year,No,Electronic check,85.58,3141.11,No
9944-SUMJ,Female,0,No,No,69,Yes,Yes,Fiber optic,No,Yes,No,No,Yes,Yes,Two year,Yes,Electronic check,95.86,6182.89,No
7167-BPYC,Female,0,No,Yes,69,No,No phone service,Fiber optic,No,Yes,Yes,Yes,No,No,Two year,No,Electronic check,73.66,4639.11,No
6874-KYWX,Female,0,Yes,No,15,Yes,No,DSL,No,No,No,Yes,No,Yes,One year,Yes,Mailed check,64.93,934.32,No
5636-VQQY,Male,0,Yes,No,22,Yes,No,DSL,No,No,No,No,Yes,No,One year,No,Credit card (automatic),56.0,1203.57,Yes
8497-AHKN,Male,0,No,No,2,Yes,No,No,No internet service,No internet service,No internet service,No internet service,No internet service,No internet service,Month-to-month,Yes,Electronic check,23.17,40.87,Yes
8902-QNZB,Male,0,Yes,Yes,4,Yes,No,Fiber optic,No,No,No,No,Yes,No,Two year,Yes,Credit card (automatic),75.55,280.57,No
9742-TGDQ,Male,0,No,No,59,Yes,Yes,DSL,No,Yes,Yes,No,No,No,Month-to-month,Yes,Bank transfer (automatic),72.15,4327.34,No
9593-AYXZ,Female,0,Yes,No,56,Yes,No,No,No internet service,No internet service,No internet service,No internet service,No internet service,No internet service,Month-to-month,No,Mailed check,24.45,1320.96,No
6195-IPYD,Female,0,Yes,No,67,Yes,No,Fiber optic,Yes,No,No,Yes,No,No,One year,Yes,Bank transfer (automatic),80.68,5280.34,No
4175-TDTY,Male,0,No,No,64,Yes,No,Fiber optic,No,No,Yes,No,Yes,Yes,Month-to-month,Yes,Bank transfer (automatic),89.09,5386.51,Yes
8818-DVIA,Male,0,Yes,No,60,Yes,No,Fiber optic,No,Yes,No,Yes,No,Yes,One year,No,Electronic check,83.18,4814.0,No
4504-BBLF,Female,1,No,No,46,Yes,Yes,Fiber optic,Yes,Yes,Yes,No,Yes,Yes,Two year,Yes,Credit card (automatic),109.95,4472.42,No
6514-IEML,Female,0,Yes,No,27,Yes,No,DSL,Yes,Yes,Yes,Yes,No,Yes,Month-to-month,Yes,Electronic check,78.67,2109.25,No
2247-NIEN,Male,0,Yes,Yes,53,Yes,No,Fiber optic,No,Yes,No,Yes,Yes,Yes,One year,Yes,Credit card (automatic),99.26,4868.99,No
8750-CGXM,Male,0,Yes,Yes,37,Yes,No,DSL,No,Yes,Yes,No,No,No,One year,Yes,Bank transfer (automatic),62.76,2136.99,No
5111-FBQE,Male,0,Yes,Yes,43,Yes,No,No,No internet service,No internet service,No internet service,No internet service,No internet service,No internet service,Month-to-month,Yes,Electronic check,32.87,1397.13,No
4882-LADE,Female,0,No,Yes,45,Yes,Yes,DSL,No,No,No,Yes,No,Yes,Month-to-month,Yes,Mailed check,63.68,2878.69,No
7361-OKTX,Female,0,Yes,Yes,66,Yes,No,Fiber optic,No,Yes,Yes,No,No,No,Month-to-month,No,Electronic check,81.35,5420.96,Yes
2096-CHNM,Female,0,No,No,19,Yes,Yes,DSL,Yes,Yes,No,No,Yes,No,Month-to-month,No,Mailed check,64.09,1166.48,Yes
2527-IEYG,Male,0,No,Yes,28,Yes,Yes,DSL,Yes,No,Yes,No,No,Yes,Month-to-month,No,Electronic check,74.79,2078.88,Yes
9302-EHUU,Female,0,Yes,Yes,59,Yes,Yes,Fiber optic,No,No,No,Yes,No,No,Month-to-month,Yes,Credit card (automatic),79.21,4591.16,No
3804-DLXB,Female,0,No,No,38,Yes,No,No,No internet service,No internet service,No internet service,No internet service,No internet service,No internet service,One year,No,Credit card (automatic),27.73,944.41,No
9802-SMJD,Male,0,Yes,No,19,Yes,Yes,DSL,No,No,No,No,No,Yes,Month-to-month,Yes,Mailed check,67.46,1190.9,No
7821-EWRQ,Female,0,No,No,19,No,No phone service,Fiber optic,No,Yes,Yes,No,Yes,No,Month-to-month,Yes,Credit card (automatic),84.7,1483.05,Yes
6467-LQUX,Female,0,No,Yes,51,Yes,No,DSL,No,No,No,No,Yes,No,One year,Yes,Bank transfer (automatic),58.35,2784.53,No
5922-NKND,Male,0,Yes,Yes,52,Yes,No,DSL,No,No,No,Yes,No,Yes,Month-to-month,No,Electronic check,68.42,3365.29,No
2300-UVNI,Male,0,No,No,35,Yes,No,Fiber optic,Yes,Yes,No,No,No,No,Two year,No,Electronic check,85.62,2843.11,No
9288-JMZE,Female,0,No,No,9,Yes,Yes,DSL,No,Yes,Yes,No,No,No,Month-to-month,Yes,Electronic check,69.5,561.37,Yes
2064-IIYC,Female,1,No,Yes,54,No,No phone service,Fiber optic,Yes,No,No,No,No,No,Two year,Yes,Electronic check,69.92,3571.2,No
5822-NDBV,Female,1,No,No,6,No,No phone service,Fiber optic,No,No,No,No,No,Yes,Two year,Yes,Electronic check,73.87,413.96,No
8990-VIOX,Female,0,No,Yes,39,Yes,No,No,No internet service,No internet service,No internet service,No internet service,No internet service,No internet service,Month-to-month,No,Mailed check,25.38,967.16,No
8910-ENLX,Male,0,No,No,28,Yes,No,Fiber optic,Yes,Yes,No,No,Yes,Yes,Month-to-month,Yes,Mailed check,97.03,2511.38,No
6807-OHZB,Male,0,Yes,No,33,Yes,No,No,No internet service,No internet service,No internet service,No internet service,No internet service,No internet service,Month-to-month,Yes,Electronic check,29.5,926.78,No
2574-IMJX,Male,0,Yes,No,60,Yes,Yes,No,No internet service,No internet service,No internet service,No internet service,No internet service,No internet service,Month-to-month,No,Electronic check,27.14,1573.5,No
2646-VAYG,Male,0,No,Yes,67,Yes,No,No,No internet service,No internet service,No internet service,No internet service,No internet service,No internet service,One year,Yes,Electronic check,32.7,2122.56,No
5388-NVHJ,Female,0,No,No,38,Yes,No,Fiber optic,No,Yes,Yes,Yes,No,No,Month-to-month,Yes,Mailed check,81.04,2842.4,No
7073-TBFE,Male,0,Yes,No,48,Yes,No,No,No internet service,No internet service,No internet service,No internet service,No internet service,No internet service,Month-to-month,Yes,Bank transfer (automatic),27.5,1171.41,No
3696-GHNN,Female,0,No,No,25,Yes,No,DSL,Yes,Yes,No,Yes,No,No,Month-to-month,Yes,Electronic check,66.9,1669.67,Yes
2612-PIAJ,Female,0,Yes,No,31,Yes,No,Fiber optic,No,Yes,No,No,Yes,No,Month-to-month,Yes,Credit card (automatic),90.18,2596.25,Yes
4512-SKYG,Female,0,Yes,Yes,55,Yes,No,Fiber optic,Yes,No,Yes,Yes,No,Yes,One year,No,Credit card (automatic),96.2,5303.78,No
9177-DUZN,Female,0,No,No,23,Yes,No,Fiber optic,No,No,No,No,Yes,No,Month-to-month,No,Electronic check,86.96,1758.04,No
3115-VYHO,Female,0,No,No,56,Yes,No,No,No internet service,No internet service,No internet service,No internet service,No internet service,No internet service,Month-to-month,No,Mailed check,26.9,1520.04,No
7312-AAUU,Female,0,Yes,No,10,Yes,No,No,No internet service,No internet service,No internet service,No internet service,No internet service,No internet service,One year,Yes,Electronic check,31.55,327.95,Yes
7530-UZJU,Female,0,No,No,58,Yes,Yes,Fiber optic,Yes,Yes,No,No,No,No,Month-to-month,Yes,Credit card (automatic),90.32,5348.54,No
1537-HEZR,Female,1,Yes,No,59,Yes,Yes,DSL,No,No,Yes,Yes,Yes,Yes,Month-to-month,Yes,Bank transfer (automatic),68.3,3801.31,No
1247-OQBQ,Male,0,No,No,34,Yes,No,Fiber optic,Yes,No,Yes,Yes,Yes,No,Month-to-month,No,Mailed check,91.64,3120.0,Yes
1099-SXXH,Male,0,Yes,No,29,Yes,Yes,No,No internet service,No internet service,No internet service,No internet service,No internet service,No internet service,Two year,Yes,Bank transfer (automatic),32.17,941.99,No
5054-VYFK,Male,0,Yes,No,5,Yes,No,DSL,Yes,No,No,No,No,Yes,Two year,No,Electronic check,57.51,257.99,No
4846-YJKS,Male,1,No,No,38,No,No phone service,Fiber optic,No,No,No,Yes,Yes,No,One year,No,Credit card (automatic),82.32,3137.98,Yes
6057-YHVK,Female,0,No,No,40,Yes,Yes,DSL,Yes,Yes,Yes,No,Yes,Yes,Month-to-month,Yes,Bank transfer (automatic),83.88,3255.75,No
1965-HOAE,Female,0,Yes,No,45,Yes,Yes,Fiber optic,No,Yes,Yes,No,Yes,No,Month-to-month,Yes,Bank transfer (automatic),93.59,4141.19,Yes
1410-WLLN,Female,0,Yes,No,59,No,No phone service,Fiber optic,Yes,No,Yes,No,Yes,No,Month-to-month,Yes,Credit card (automatic),80.96,4166.71,No
3768-WBST,Female,0,No,No,62,Yes,Yes,DSL,Yes,No,Yes,No,Yes,No,Month-to-month,No,Mailed check,74.33,4416.09,Yes
3364-SCQE,Female,0,Yes,No,50,Yes,No,DSL,Yes,No,No,Yes,Yes,No,Month-to-month,Yes,Bank transfer (automatic),62.66,3051.84,No
7341-JZMC,Male,0,Yes,No,27,Yes,No,No,No internet service,No internet service,No internet service,No internet service,No internet service,No internet service,One year,No,Mailed check,21.97,577.43,No
1031-NUVF,Female,1,No,No,70,Yes,No,No,No internet service,No internet service,No internet service,No internet service,No internet service,No internet service,Month-to-month,Yes,Mailed check,27.76,1880.78,No
8759-OQJO,Male,0,No,No,43,Yes,Yes,DSL,Yes,Yes,Yes,No,Yes,Yes,Month-to-month,No,Electronic check,83.06,3529.67,No
9885-QBFV,Male,1,No,No,6,Yes,No,Fiber optic,No,No,No,No,Yes,No,Month-to-month,No,Bank transfer (automatic),77.74,463.27,Yes
5653-TWIS,Female,0,No,No,45,No,No phone service,Fiber optic,No,Yes,Yes,Yes,No,Yes,Month-to-month,No,Bank transfer (automatic),82.83,3618.26,Yes
8793-MVXA,Female,0,Yes,Yes,4,No,No phone service,Fiber optic,No,No,Yes,No,No,No,One year,No,Bank transfer (automatic),77.31,268.34,No
3866-OONK,Male,0,No,No,9,Yes,Yes,DSL,No,No,No,Yes,No,No,Month-to-month,No,Electronic check,63.45,544.42,Yes
7074-GJLZ,Female,0,Yes,Yes,36,Yes,No,Fiber optic,Yes,Yes,No,No,No,Yes,Month-to-month,Yes,Mailed check,92.02,3162.94,Yes
8790-ZYIE,Female,0,No,Yes,55,Yes,Yes,DSL,No,Yes,No,No,Yes,No,Two year,Yes,Mailed check,73.16,3656.97,No
3661-GTEQ,Female,0,No,No,24,Yes,No,Fiber optic,Yes,No,No,No,Yes,Yes,Month-to-month,No,Electronic check,91.66,2112.74,Yes
8428-JEOX,Female,0,Yes,No,31,Yes,Yes,Fiber optic,No,No,Yes,Yes,No,No,Two year,Yes,Bank transfer (automatic),83.16,2496.81,No
2831-YOEP,Male,1,No,No,7,No,No phone service,No,No internet service,No internet service,No internet service,No internet service,No internet service,No internet service,Two year,No,Electronic check,18.0,122.56,No
9684-JALK,Female,0,Yes,No,38,Yes,Yes,Fiber optic,No,Yes,Yes,No,No,Yes,Month-to-month,No,Bank transfer (automatic),92.64,3461.72,No
4894-HAHJ,Male,0,No,No,13,Yes,No,No,No internet service,No internet service,No internet service,No internet service,No internet service,No internet service,Month-to-month,No,Mailed check,24.84,304.06,No
5573-GFUR,Male,0,No,No,13,Yes,No,Fiber optic,Yes,No,Yes,No,Yes,No,One year,Yes,Mailed check,91.69,1153.25,Yes
9159-LKUN,Female,0,No,No,56,Yes,No,Fiber optic,Yes,Yes,No,Yes,Yes,No,Month-to-month,Yes,Mailed check,97.44,5013.25,No
1795-LDYG,Female,0,Yes,Yes,2,Yes,Yes,Fiber optic,No,No,Yes,No,Yes,No,Month-to-month,No,Mailed check,82.32,158.68,No
7503-RTBD,Female,0,Yes,No,15,Yes,Yes,Fiber optic,No,No,Yes,No,Yes,No,Month-to-month,Yes,Electronic check,90.31,1373.47,Yes
9532-MZUQ,Male,0,No,No,63,Yes,Yes,No,No internet service,No internet service,No internet service,No internet service,No internet service,No internet service,Two year,No,Electronic check,32.74,1889.58,No
3275-RKXQ,Female,0,No,Yes,8,Yes,No,DSL,Yes,Yes,No,Yes,Yes,Yes,Two year,Yes,Bank transfer (automatic),74.94,556.14,No
5341-JTCS,Female,1,Yes,Yes,22,Yes,Yes,Fiber optic,Yes,No,Yes,Yes,No,No,Month-to-month,Yes,Credit card (automatic),89.11,1823.66,No
5196-IJNV,Male,0,No,No,22,Yes,No,DSL,No,No,No,No,No,No,Two year,Yes,Mailed check,48.68,1045.89,No
4174-AAMV,Male,0,No,Yes,24,Yes,Yes,No,No internet service,No internet service,No internet service,No internet service,No internet service,No internet service,Month-to-month,No,Electronic check,29.9,705.69,No
4130-YKON,Male,0,No,No,58,Yes,No,DSL,No,No,Yes,No,Yes,No,Two year,Yes,Credit card (automatic),61.8,3361.94,No
6487-UELK,Male,0,Yes,Yes,67,Yes,Yes,Fiber optic,No,No,Yes,Yes,No,No,Month-to-month,Yes,Credit card (automatic),84.91,5703.23,No
8858-QVSC,Male,0,Yes,No,52,No,No phone service,DSL,Yes,No,Yes,Yes,No,No,Two year,No,Credit card (automatic),52.98,2480.42,No
5629-ODBK,Male,0,No,No,65,Yes,Yes,Fiber optic,Yes,No,Yes,Yes,No,Yes,One year,No,Mailed check,99.72,6474.0,No
4564-IWLJ,Female,0,Yes,Yes,67,Yes,No,Fiber optic,No,No,Yes,Yes,Yes,Yes,One year,No,Electronic check,91.47,6108.52,No
1374-CBJI,Male,1,No,Yes,34,Yes,No,Fiber optic,Yes,No,No,No,Yes,Yes,One year,No,Bank transfer (automatic),92.38,3022.55,No
2205-BJNO,Female,0,Yes,No,28,Yes,No,Fiber optic,Yes,No,No,No,Yes,Yes,Two year,No,Electronic check,102.2,2660.87,No
4862-DKWQ,Male,0,No,No,24,No,No phone service,Fiber optic,Yes,Yes,Yes,No,No,No,Month-to-month,Yes,Electronic check,74.92,1763.76,Yes
9932-CWDC,Female,0,No,No,62,Yes,No,Fiber optic,Yes,Yes,Yes,No,Yes,Yes,Month-to-month,Yes,Electronic check,97.94,6167.16,No
4812-YXYW,Male,1,No,No,16,Yes,Yes,No,No internet service,No internet service,No internet service,No internet service,No internet service,No internet service,Month-to-month,Yes,Electronic check,30.55,455.92,No
8946-CNMM,Male,0,No,No,7,Yes,No,Fiber optic,No,Yes,No,Yes,Yes,No,Month-to-month,Yes,Electronic check,83.51,569.94,Yes
3047-CHWL,Male,0,Yes,Yes,26,Yes,No,No,No internet service,No internet service,No internet service,No internet service,No internet service,No internet service,Month-to-month,No,Credit card (automatic),25.63,636.35,No
9363-DECJ,Female,0,No,Yes,11,Yes,No,DSL,No,No,No,Yes,No,Yes,One year,Yes,Mailed check,63.19,657.61,No
1571-TWTN,Male,0,Yes,No,38,Yes,Yes,DSL,No,Yes,No,Yes,Yes,Yes,One year,No,Bank transfer (automatic),80.08,3018.34,Yes
9195-CYSQ,Female,1,No,No,7,Yes,No,No,No internet service,No internet service,No internet service,No internet service,No internet service,No internet service,Two year,No,Credit card (automatic),18.0,121.57,No
1240-TRKT,Female,0,Yes,No,55,Yes,Yes,DSL,No,Yes,Yes,Yes,Yes,Yes,One year,No,Mailed check,83.52,4229.16,No
5505-OSUI,Female,0,Yes,Yes,28,Yes,No,DSL,No,Yes,No,No,Yes,No,Two year,Yes,Bank transfer (automatic),61.34,1668.34,No
2837-TADK,Female,0,Yes,Yes,26,Yes,No,DSL,No,Yes,Yes,No,Yes,No,Two year,No,Mailed check,67.5,1687.6,No
4613-GUXA,Male,0,No,No,17,Yes,No,No,No internet service,No internet service,No internet service,No internet service,No internet service,No internet service,Two year,Yes,Bank transfer (automatic),26.87,449.12,No
8363-VGCP,Male,0,Yes,No,4,Yes,Yes,Fiber optic,Yes,No,No,No,Yes,Yes,Two year,Yes,Bank transfer (automatic),98.33,352.89,No
1909-ZNGH,Male,1,No,Yes,59,Yes,No,DSL,Yes,No,Yes,Yes,Yes,No,Month-to-month,Yes,Mailed check,63.83,3594.64,No
1083-SQFR,Female,0,No,No,71,Yes,No,No,No internet service,No internet service,No internet service,No internet service,No internet service,No internet service,Month-to-month,Yes,Bank transfer (automatic),27.13,1905.66,No
8504-CGZO,Female,0,Yes,No,22,Yes,No,DSL,Yes,Yes,Yes,No,Yes,No,Month-to-month,Yes,Credit card (automatic),69.25,1469.89,No
7372-VNLK,Female,0,No,Yes,38,Yes,Yes,Fiber optic,Yes,No,No,No,Yes,Yes,Month-to-month,No,Bank transfer (automatic),97.34,3625.2,No
7805-THLB,Male,0,Yes,No,18,Yes,Yes,DSL,No,Yes,No,Yes,Yes,No,Two year,Yes,Electronic check,72.69,1201.5,No
5547-QEFX,Male,0,No,No,67,Yes,No,No,No internet service,No internet service,No internet service,No internet service,No internet service,No internet service,Month-to-month,No,Mailed check,18.0,1212.32,No
4676-BJRC,Female,0,No,Yes,29,Yes,Yes,Fiber optic,No,No,No,No,No,Yes,Two year,Yes,Electronic check,86.88,2341.79,Yes
5470-TSUG,Male,1,No,Yes,9,Yes,No,DSL,Yes,No,No,Yes,No,No,Month-to-month,Yes,Electronic check,58.84,507.43,No
2203-JBCG,Male,0,No,Yes,67,Yes,Yes,Fiber optic,Yes,No,Yes,No,No,Yes,Month-to-month,Yes,Electronic check,100.23,6322.09,Yes
7052-JTAA,Male,0,No,No,61,Yes,Yes,Fiber optic,No,No,Yes,No,No,Yes,Two year,Yes,Bank transfer (automatic),86.45,5598.51,No
4491-UYJH,Female,0,Yes,No,13,Yes,Yes,Fiber optic,No,No,Yes,No,Yes,Yes,Month-to-month,No,Bank transfer (automatic),97.3,1244.63,Yes
3268-SGBO,Male,0,Yes,No,10,Yes,No,Fiber optic,No,No,Yes,Yes,Yes,No,Month-to-month,Yes,Electronic check,85.29,810.58,Yes
4556-CBON,Female,1,No,No,66,Yes,No,Fiber optic,No,Yes,Yes,No,Yes,No,One year,Yes,Bank transfer (automatic),87.31,5664.73,No
8774-DOEF,Female,0,No,No,42,Yes,Yes,DSL,No,Yes,No,No,Yes,Yes,One year,No,Mailed check,73.86,2799.22,Yes
7759-HHDH,Female,0,Yes,No,25,Yes,No,DSL,No,No,No,No,Yes,Yes,Month-to-month,Yes,Bank transfer (automatic),72.67,1701.42,No
6222-ZECG,Male,1,No,Yes,61,Yes,No,DSL,Yes,No,No,No,Yes,Yes,Month-to-month,Yes,Mailed check,71.39,3889.55,No
7427-UKOW,Male,0,No,No,65,Yes,No,Fiber optic,No,Yes,No,Yes,No,No,Month-to-month,No,Electronic check,86.38,5070.23,Yes
2028-UOEO,Male,0,No,No,48,Yes,Yes,DSL,Yes,No,No,Yes,Yes,No,Two year,Yes,Electronic check,73.48,3519.26,No
3224-JSEE,Male,1,Yes,No,52,Yes,No,Fiber optic,Yes,Yes,Yes,No,Yes,No,Month-to-month,Yes,Electronic check,93.81,4679.13,No
3805-VCVU,Female,0,Yes,Yes,33,Yes,No,Fiber optic,No,No,No,No,Yes,Yes,One year,No,Mailed check,87.11,2872.87,No
1769-YXXA,Male,0,Yes,No,34,Yes,Yes,No,No internet service,No internet service,No internet service,No internet service,No internet service,No internet service,Month-to-month,No,Credit card (automatic),29.21,935.95,No
1990-EICZ,Male,0,Yes,No,11,Yes,No,Fiber optic,Yes,Yes,Yes,Yes,Yes,No,Month-to-month,No,Credit card (automatic),106.9,1153.28,Yes
9543-XAOU,Male,0,No,Yes,22,No,No phone service,Fiber optic,Yes,Yes,No,No,Yes,Yes,Two year,Yes,Credit card (automatic),84.6,1790.77,Yes
7944-XZUR,Male,0,No,No,16,Yes,No,Fiber optic,No,Yes,No,No,Yes,No,Two year,Yes,Credit card (automatic),83.95,1206.8,No
2795-UXDG,Male,0,No,No,67,Yes,No,No,No internet service,No internet service,No internet service,No internet service,No internet service,No internet service,Month-to-month,No,Bank transfer (automatic),30.37,1810.43,No
1089-VQSB,Female,0,No,No,18,Yes,Yes,DSL,No,No,Yes,Yes,No,Yes,Month-to-month,Yes,Mailed check,78.42,1410.92,No
5072-RAUJ,Female,0,Yes,Yes,13,Yes,Yes,Fiber optic,No,No,No,No,Yes,Yes,Two year,Yes,Credit card (automatic),92.45,1193.33,Yes
6900-PHVS,Female,0,No,No,57,Yes,No,Fiber optic,No,No,Yes,No,No,No,Month-to-month,Yes,Electronic check,77.47,4398.11,Yes
8449-REUM,Male,0,Yes,Yes,38,Yes,No,Fiber optic,Yes,No,No,Yes,Yes,No,Month-to-month,Yes,Electronic check,82.1,3176.8,Yes
6164-NSFE,Male,0,Yes,No,20,Yes,Yes,DSL,No,No,No,Yes,Yes,No,Month-to-month,Yes,Credit card (automatic),60.92,1160.02,Yes
9573-KIFG,Female,0,No,No,22,Yes,No,Fiber optic,Yes,Yes,Yes,No,Yes,No,Month-to-month,No,Electronic check,94.69,1974.72,No
3977-YNYL,Female,0,No,No,33,Yes,No,Fiber optic,No,Yes,Yes,No,Yes,No,One year,No,Bank transfer (automatic),87.54,2666.47,No
1961-HDTJ,Female,0,Yes,Yes,41,Yes,Yes,DSL,No,No,Yes,No,Yes,Yes,One year,No,Credit card (automatic),70.5,2745.62,No
3243-HZYM,Female,0,Yes,No,52,Yes,No,Fiber optic,Yes,Yes,No,Yes,Yes,Yes,Two year,Yes,Bank transfer (automatic),110.39,5611.39,No
5783-JLYR,Female,0,Yes,No,47,Yes,No,No,No internet service,No internet service,No internet service,No internet service,No internet service,No internet service,Two year,No,Credit card (automatic),21.75,988.47,No
1188-KVEN,Female,1,No,No,45,Yes,Yes,Fiber optic,No,Yes,Yes,Yes,Yes,No,Month-to-month,Yes,Credit card (automatic),96.3,4087.36,Yes
6388-SRIX,Male,1,No,No,23,Yes,No,DSL,No,Yes,Yes,No,No,No,Two year,Yes,Mailed check,59.99,1261.31,Yes
6715-PALX,Female,0,Yes,No,14,Yes,Yes,Fiber optic,No,No,No,No,Yes,No,Month-to-month,Yes,Electronic check,84.65,1018.94,Yes
5582-TTRA,Male,0,Yes,No,41,Yes,Yes,Fiber optic,Yes,Yes,Yes,No,Yes,No,Month-to-month,Yes,Mailed check,95.19,3610.87,Yes
3855-NOFO,Female,0,No,No,44,Yes,No,DSL,No,Yes,No,No,Yes,Yes,Month-to-month,No,Bank transfer (automatic),64.94,2946.86,No
7385-KIOK,Female,1,No,No,59,Yes,Yes,DSL,Yes,Yes,No,No,Yes,No,Two year,Yes,Mailed check,70.74,3871.49,No
1889-QTZP,Female,0,Yes,No,60,Yes,No,Fiber optic,No,Yes,Yes,Yes,No,Yes,Month-to-month,No,Credit card (automatic),90.28,5325.33,No
2375-TRVF,Female,0,Yes,No,9,Yes,Yes,DSL,Yes,Yes,No,No,Yes,No,Month-to-month,Yes,Electronic check,66.22,581.29,No
9615-CWGJ,Male,1,No,No,71,Yes,Yes,Fiber optic,No,Yes,No,Yes,No,Yes,Month-to-month,Yes,Electronic check,95.09,6700.27,No
4245-UBMC,Male,0,No,Yes,14,Yes,Yes,Fiber optic,No,No,No,No,No,No,Two year,No,Credit card (automatic),79.93,1090.11,No
9085-FBHS,Male,0,No,No,44,Yes,Yes,Fiber optic,Yes,Yes,No,Yes,Yes,No,Two year,No,Electronic check,101.77,4493.18,No
9800-BEXI,Female,0,Yes,No,52,Yes,No,DSL,No,Yes,No,Yes,No,Yes,One year,Yes,Bank transfer (automatic),66.73,3252.26,No
2842-ACYY,Male,0,Yes,No,65,Yes,Yes,Fiber optic,No,No,Yes,Yes,Yes,Yes,Two year,Yes,Bank transfer (automatic),109.64,7307.27,No
9068-LJVZ,Male,0,Yes,No,32,Yes,No,Fiber optic,No,No,Yes,Yes,Yes,Yes,Month-to-month,Yes,Mailed check,99.65,3001.01,No
3999-YAGI,Male,0,Yes,No,53,Yes,No,DSL,Yes,No,No,Yes,No,Yes,Month-to-month,No,Credit card (automatic),65.69,3109.82,No
2091-TEHG,Male,0,Yes,No,33,Yes,No,Fiber optic,No,Yes,No,No,Yes,No,Month-to-month,Yes,Electronic check,84.26,2696.82,Yes
3916-MKBZ,Male,0,No,Yes,61,Yes,No,Fiber optic,Yes,Yes,Yes,Yes,Yes,No,Month-to-month,Yes,Electronic check,99.71,5843.45,No
6877-EDAL,Male,0,No,Yes,31,Yes,Yes,DSL,Yes,No,No,No,No,Yes,Two year,No,Bank transfer (automatic),70.0,2028.6,No
5592-MUNV,Female,0,No,No,32,Yes,Yes,No,No internet service,No internet service,No internet service,No internet service,No internet service,No internet service,Month-to-month,No,Electronic check,28.74,872.79,No
1141-CARM,Male,0,Yes,No,64,Yes,Yes,Fiber optic,No,Yes,Yes,No,No,No,Two year,Yes,Credit card (automatic),90.07,5753.55,No
9983-LJSY,Female,0,Yes,No,44,Yes,Yes,Fiber optic,No,Yes,Yes,Yes,No,No,Two year,No,Mailed check,86.64,3593.17,No
2345-QHOQ,Male,0,No,No,56,Yes,Yes,Fiber optic,Yes,Yes,No,No,Yes,Yes,One year,Yes,Mailed check,103.04,5149.99,Yes
8771-XZQB,Female,0,Yes,No,28,Yes,No,DSL,Yes,No,No,Yes,No,Yes,Two year,Yes,Electronic check,69.04,1918.62,No
2008-CWFJ,Female,0,No,No,4,Yes,Yes,DSL,No,No,Yes,Yes,No,No,One year,Yes,Bank transfer (automatic),62.0,227.27,No
5202-LVNC,Female,0,Yes,Yes,44,Yes,No,Fiber optic,No,No,Yes,No,Yes,Yes,One year,Yes,Electronic check,90.32,3566.84,No
7551-XYUG,Male,0,Yes,Yes,35,Yes,Yes,Fiber optic,Yes,Yes,No,No,No,Yes,Two year,Yes,Mailed check,98.14,3292.42,No
6048-DQEO,Male,0,Yes,Yes,56,Yes,No,No,No internet service,No internet service,No internet service,No internet service,No internet service,No internet service,Two year,No,Electronic check,26.03,1340.26,No
4909-LUTT,Female,0,Yes,Yes,33,Yes,Yes,Fiber optic,Yes,No,Yes,Yes,Yes,Yes,Month-to-month,No,Credit card (automatic),105.07,3356.02,No
8217-ZMBF,Male,1,Yes,No,15,Yes,Yes,Fiber optic,Yes,Yes,Yes,No,No,No,Two year,No,Electronic check,92.02,1447.69,No
4839-GKRH,Female,0,No,No,27,Yes,No,DSL,Yes,Yes,No,No,No,Yes,Month-to-month,Yes,Mailed check,71.74,1889.96,Yes
2495-MCEN,Male,0,No,No,6,Yes,No,DSL,Yes,Yes,Yes,No,Yes,No,Month-to-month,Yes,Credit card (automatic),68.38,401.77,Yes
9656-IKZE,Female,0,No,No,21,Yes,No,Fiber optic,No,Yes,Yes,Yes,Yes,No,Month-to-month,Yes,Electronic check,98.32,1940.79,Yes
3772-TASP,Male,1,No,No,31,Yes,No,Fiber optic,No,No,No,No,Yes,No,Two year,No,Credit card (automatic),76.27,2334.93,No
3458-QTIE,Female,0,Yes,Yes,44,Yes,Yes,Fiber optic,Yes,Yes,Yes,Yes,No,No,Month-to-month,No,Mailed check,98.76,3832.28,No
6448-CMLP,Male,0,No,No,67,Yes,No,Fiber optic,Yes,Yes,No,Yes,Yes,Yes,Two year,Yes,Mailed check,91.05,5900.61,No
2117-WZLZ,Female,0,Yes,No,13,No,No phone service,Fiber optic,No,No,Yes,No,Yes,No,One year,No,Credit card (automatic),79.14,980.2,No
8717-BKOQ,Male,1,Yes,No,52,Yes,No,Fiber optic,No,Yes,No,No,Yes,Yes,Two year,No,Electronic check,97.58,5025.37,Yes
6788-LBVI,Female,1,No,Yes,7,Yes,Yes,Fiber optic,No,Yes,No,No,Yes,No,Month-to-month,No,Bank transfer (automatic),88.62,567.81,No
1560-SUUN,Female,1,No,No,31,Yes,No,Fiber optic,Yes,No,No,Yes,Yes,No,Month-to-month,Yes,Bank transfer (automatic),89.86,2631.16,Yes
4245-TFRB,Female,0,No,No,53,Yes,No,DSL,No,No,No,No,Yes,Yes,Month-to-month,No,Electronic check,65.52,3593.1,No
8158-VJRJ,Male,1,Yes,No,27,Yes,Yes,Fiber optic,No,No,No,No,Yes,Yes,Month-to-month,No,Credit card (automatic),92.5,2415.78,Yes
9569-QOPB,Female,0,No,No,44,Yes,Yes,DSL,No,No,Yes,No,Yes,Yes,One year,Yes,Electronic check,70.58,2891.92,No
7862-XJLP,Female,1,No,No,52,Yes,Yes,Fiber optic,No,Yes,Yes,No,Yes,Yes,Month-to-month,No,Mailed check,99.86,5299.72,No
6010-JLXD,Male,0,No,No,9,Yes,Yes,Fiber optic,No,No,Yes,No,No,No,Month-to-month,Yes,Electronic check,75.85,625.78,Yes
4432-QLHN,Female,0,Yes,No,27,Yes,No,Fiber optic,No,No,No,No,Yes,No,Two year,No,Mailed check,87.26,2082.39,Yes
4657-SZMF,Female,0,No,No,32,Yes,Yes,DSL,Yes,No,No,No,No,No,One year,Yes,Mailed check,56.82,1796.83,No
6557-YKGW,Male,0,No,No,42,Yes,No,DSL,No,Yes,No,No,Yes,Yes,One year,Yes,Electronic check,67.56,2590.02,No
6157-EVRI,Female,0,Yes,Yes,14,Yes,No,DSL,Yes,Yes,Yes,No,Yes,No,Month-to-month,Yes,Credit card (automatic),71.38,941.64,Yes
8910-XZJK,Female,0,Yes,No,21,Yes,Yes,Fiber optic,No,Yes,Yes,No,Yes,Yes,Two year,Yes,Credit card (automatic),107.38,2126.2,No
1710-UHWG,Female,0,No,No,8,No,No phone service,DSL,Yes,Yes,Yes,Yes,No,No,Month-to-month,Yes,Mailed check,56.16,436.52,Yes
8681-HZAI,Female,0,Yes,No,69,Yes,No,DSL,Yes,Yes,Yes,No,Yes,No,Month-to-month,No,Credit card (automatic),76.07,4840.02,No
5661-HMHE,Female,0,No,Yes,53,Yes,No,DSL,No,Yes,No,Yes,Yes,Yes,Month-to-month,Yes,Bank transfer (automatic),69.4,3378.32,No
1758-EZBN,Male,0,Yes,Yes,63,Yes,No,Fiber optic,Yes,Yes,No,No,Yes,Yes,Month-to-month,Yes,Bank transfer (automatic),96.03,5909.64,No
8264-FXKM,Male,0,Yes,No,17,Yes,Yes,DSL,No,No,Yes,No,No,Yes,Month-to-month,No,Mailed check,66.24,1029.12,No
7095-NCBS,Male,0,Yes,No,48,Yes,No,DSL,Yes,No,Yes,No,Yes,No,Month-to-month,Yes,Credit card (automatic),65.82,3253.75,Yes
5158-KESF,Male,0,Yes,Yes,41,No,No phone service,Fiber optic,No,No,No,No,Yes,No,Month-to-month,No,Electronic check,71.93,2802.22,Yes
9206-OBZO,Male,0,Yes,No,24,Yes,Yes,No,No internet service,No internet service,No internet service,No internet service,No internet service,No internet service,Two year,Yes,Credit card (automatic),23.63,559.72,No
2879-UVQT,Female,0,No,No,56,Yes,No,DSL,No,Yes,No,No,No,No,Month-to-month,Yes,Electronic check,54.79,3055.98,Yes
9375-LOFO,Male,0,No,No,38,Yes,Yes,No,No internet service,No internet service,No internet service,No internet service,No internet service,No internet service,Month-to-month,No,Mailed check,29.86,1059.3,No
9186-KYEQ,Male,0,No,No,15,Yes,Yes,DSL,No,No,No,No,No,No,One year,Yes,Credit card (automatic),54.03,773.41,No
9924-TWCF,Female,0,Yes,No,14,Yes,Yes,No,No internet service,No internet service,No internet service,No internet service,No internet service,No internet service,Two year,Yes,Bank transfer (automatic),27.86,366.89,No
2910-EEXD,Male,1,No,No,33,Yes,Yes,DSL,Yes,No,No,No,Yes,No,One year,No,Mailed check,63.36,1864.74,No
4618-ZVNX,Male,0,No,Yes,64,Yes,Yes,Fiber optic,Yes,No,No,No,No,Yes,Month-to-month,Yes,Electronic check,91.14,5369.44,No
3624-BZXD,Male,0,Yes,No,34,Yes,Yes,Fiber optic,Yes,Yes,No,No,Yes,No,Month-to-month,Yes,Bank transfer (automatic),88.72,2797.51,Yes
5706-KNEZ,Female,0,Yes,No,45,Yes,No,No,No internet service,No internet service,No internet service,No internet service,No internet service,No internet service,Month-to-month,No,Bank transfer (automatic),25.4,1111.85,Yes
3537-BWTN,Male,0,No,No,64,Yes,Yes,DSL,Yes,No,No,Yes,No,Yes,Month-to-month,No,Credit card (automatic),71.86,4164.41,No
5056-BXOR,Female,0,Yes,No,25,Yes,Yes,No,No internet service,No internet service,No internet service,No internet service,No internet service,No internet service,Month-to-month,Yes,Credit card (automatic),28.94,650.45,No
4545-HVGZ,Male,0,No,Yes,11,Yes,No,Fiber optic,No,No,No,Yes,Yes,No,One year,Yes,Bank transfer (automatic),82.47,890.67,No
7449-QAPA,Male,1,No,Yes,25,Yes,No,No,No internet service,No internet service,No internet service,No internet service,No internet service,No internet service,Two year,No,Electronic check,30.71,698.06,No
9259-TSBL,Male,0,Yes,Yes,50,Yes,No,Fiber optic,Yes,No,No,Yes,No,Yes,Two year,Yes,Credit card (automatic),93.1,4546.37,No
6871-TBKD,Male,1,Yes,No,4,Yes,No,No,No internet service,No internet service,No internet service,No internet service,No internet service,No internet service,Month-to-month,No,Mailed check,18.0,69.69,No
7468-WJZL,Male,0,No,No,36,Yes,No,DSL,No,Yes,Yes,Yes,No,No,Month-to-month,No,Bank transfer (automatic),63.25,2212.34,No
8157-AMQN,Female,0,No,No,44,Yes,Yes,DSL,No,Yes,Yes,No,Yes,Yes,Month-to-month,No,Mailed check,79.52,3478.78,Yes
5034-FOGN,Female,0,Yes,No,38,Yes,Yes,No,No internet service,No internet service,No internet service,No internet service,No internet service,No internet service,Two year,Yes,Electronic check,29.65,1059.64,No
6737-FUWI,Female,0,No,Yes,7,Yes,No,Fiber optic,No,No,No,No,No,Yes,One year,No,Electronic check,81.47,554.07,No
4023-MOMU,Male,1,No,No,49,Yes,Yes,Fiber optic,No,No,No,No,No,Yes,One year,Yes,Bank transfer (automatic),84.22,4094.09,No
6162-LBYB,Female,0,No,Yes,1,Yes,Yes,Fiber optic,Yes,No,No,Yes,No,No,Month-to-month,Yes,Mailed check,79.03,73.19,No
4037-VKUB,Male,1,Yes,No,71,No,No phone service,Fiber optic,Yes,No,No,No,No,Yes,One year,Yes,Bank transfer (automatic),81.92,5831.86,No
8806-GRGC,Male,0,Yes,No,16,Yes,No,DSL,Yes,Yes,Yes,No,No,No,Month-to-month,No,Credit card (automatic),75.17,1162.24,Yes
7653-BMFT,Female,0,Yes,No,22,No,No phone service,Fiber optic,Yes,Yes,No,No,No,Yes,Month-to-month,Yes,Electronic check,83.49,1640.35,Yes
6889-YFVJ,Female,0,No,No,38,Yes,Yes,DSL,No,Yes,No,Yes,No,No,Month-to-month,Yes,Electronic check,72.32,2736.72,Yes
9121-UFZA,Female,0,No,No,42,Yes,Yes,Fiber optic,No,Yes,Yes,No,No,No,Two year,No,Credit card (automatic),81.75,3388.0,No
6216-JLRU,Male,0,Yes,Yes,31,Yes,Yes,No,No internet service,No internet service,No internet service,No internet service,No internet service,No internet service,Month-to-month,Yes,Bank transfer (automatic),37.71,1072.46,No
6173-EUHA,Female,0,No,Yes,8,Yes,Yes,Fiber optic,No,No,No,No,No,No,Month-to-month,No,Credit card (automatic),73.23,518.03,Yes
8722-RUUY,Female,0,No,Yes,48,Yes,No,No,No internet service,No internet service,No internet service,No internet service,No internet service,No internet service,Two year,Yes,Electronic check,28.14,1246.37,No
5827-PZYS,Male,0,Yes,No,54,Yes,Yes,No,No internet service,No internet service,No internet service,No internet service,No internet service,No internet service,Two year,No,Bank transfer (automatic),35.23,1777.4,No
4458-EWGA,Female,1,Yes,Yes,16,No,No phone service,DSL,No,Yes,No,No,No,No,Two year,No,Bank transfer (automatic),51.35,803.07,No
2141-GDMU,Male,0,Yes,No,19,Yes,Yes,No,No internet service,No internet service,No internet service,No internet service,No internet service,No internet service,Month-to-month,No,Mailed check,37.54,696.98,No
5589-CHMF,Male,0,No,Yes,40,Yes,Yes,DSL,No,Yes,No,Yes,No,Yes,Month-to-month,No,Electronic check,74.09,3085.43,No
1343-MZVN,Male,0,Yes,No,39,Yes,Yes,Fiber optic,Yes,Yes,Yes,Yes,No,Yes,Month-to-month,Yes,Bank transfer (automatic),102.92,3627.71,No
5540-TTEP,Male,1,Yes,Yes,43,Yes,No,Fiber optic,No,No,Yes,No,Yes,Yes,One year,Yes,Credit card (automatic),88.86,3803.13,No
2345-HCLD,Female,0,No,No,53,Yes,No,No,No internet service,No internet service,No internet service,No internet service,No internet service,No internet service,One year,Yes,Electronic check,19.49,1021.18,No
1970-FSPO,Male,0,Yes,Yes,19,Yes,No,No,No internet service,No internet service,No internet service,No internet service,No internet service,No internet service,One year,No,Bank transfer (automatic),28.53,544.67,No
8848-XONX,Female,0,No,Yes,69,Yes,Yes,Fiber optic,No,Yes,Yes,No,Yes,No,One year,Yes,Electronic check,94.13,6266.14,Yes
5205-MBMI,Female,0,Yes,Yes,56,Yes,No,Fiber optic,No,No,No,No,No,No,Month-to-month,No,Credit card (automatic),72.85,3893.83,No
3078-CQRB,Male,0,No,Yes,46,Yes,Yes,DSL,No,Yes,Yes,No,Yes,Yes,Month-to-month,No,Electronic check,80.3,3456.15,No
6876-XULY,Female,0,Yes,No,60,Yes,Yes,No,No internet service,No internet service,No internet service,No internet service,No internet service,No internet service,Month-to-month,Yes,Electronic check,27.07,1507.33,No
7360-ANIO,Male,0,No,Yes,44,Yes,No,Fiber optic,Yes,No,No,No,No,No,Month-to-month,Yes,Credit card (automatic),73.5,3032.86,No
3694-GOOH,Male,1,No,No,48,Yes,Yes,Fiber optic,Yes,No,No,No,No,Yes,Two year,Yes,Credit card (automatic),80.29,3718.17,No
1182-DWWN,Female,0,Yes,No,10,Yes,No,DSL,No,Yes,No,Yes,Yes,No,Month-to-month,Yes,Electronic check,67.56,666.89,No
5649-CYQY,Female,0,No,No,66,Yes,No,Fiber optic,No,No,No,Yes,No,No,Month-to-month,Yes,Credit card (automatic),73.77,5066.59,No
2531-CZNX,Female,0,Yes,No,60,Yes,No,DSL,No,Yes,No,Yes,Yes,Yes,Two year,Yes,Bank transfer (automatic),74.73,3941.2,No
8857-PPJC,Female,0,Yes,Yes,32,Yes,Yes,DSL,Yes,Yes,No,Yes,No,Yes,Month-to-month,No,Mailed check,75.58,2211.19,No
8037-CHPB,Male,0,Yes,Yes,25,Yes,No,DSL,Yes,No,No,Yes,No,No,Two year,Yes,Credit card (automatic),64.33,1534.25,No
6748-LETD,Male,0,No,No,68,Yes,Yes,Fiber optic,No,No,No,No,Yes,No,One year,Yes,Credit card (automatic),79.22,5221.77,No
2358-JGWF,Male,0,Yes,No,34,Yes,Yes,Fiber optic,No,Yes,Yes,No,No,Yes,Month-to-month,Yes,Bank transfer (automatic),94.72,3307.46,Yes
3598-LCOB,Female,0,Yes,No,46,Yes,No,Fiber optic,No,Yes,No,No,No,No,Month-to-month,Yes,Bank transfer (automatic),76.66,3206.24,No
3213-CDRL,Male,0,No,No,36,Yes,No,No,No internet service,No internet service,No internet service,No internet service,No internet service,No internet service,One year,Yes,Mailed check,23.36,798.81,No
7345-FGLO,Male,0,No,No,24,Yes,No,Fiber optic,No,No,Yes,Yes,No,Yes,Two year,Yes,Electronic check,88.61,2051.28,No
5787-QFGX,Female,0,Yes,No,26,Yes,Yes,DSL,Yes,No,No,No,Yes,Yes,Two year,No,Credit card (automatic),65.86,1690.97,No
3587-AIYE,Male,0,Yes,No,23,Yes,Yes,Fiber optic,Yes,Yes,No,Yes,No,No,Month-to-month,Yes,Credit card (automatic),92.69,2031.52,Yes
2708-ACHS,Male,0,No,No,9,Yes,No,Fiber optic,No,Yes,No,No,No,No,Month-to-month,No,Credit card (automatic),76.38,649.69,Yes
9220-QTDA,Male,0,No,No,59,Yes,No,No,No internet service,No internet service,No internet service,No internet service,No internet service,No internet service,Month-to-month,Yes,Mailed check,28.58,1636.9,No
8006-WPTX,Female,0,No,No,37,Yes,Yes,Fiber optic,Yes,No,Yes,Yes,Yes,No,One year,No,Bank transfer (automatic),98.6,3205.11,No
5150-AXZT,Male,0,Yes,No,61,Yes,No,Fiber optic,Yes,No,No,Yes,No,No,Month-to-month,No,Mailed check,82.57,4763.26,No
5639-MUKG,Male,0,Yes,No,41,Yes,Yes,Fiber optic,No,No,Yes,No,Yes,No,One year,No,Bank transfer (automatic),87.89,3642.97,Yes
4842-DKET,Female,0,Yes,No,28,Yes,No,No,No internet service,No internet service,No internet service,No internet service,No internet service,No internet service,Month-to-month,Yes,Electronic check,25.97,694.48,No
5755-UFTS,Male,0,Yes,No,43,Yes,Yes,DSL,Yes,No,No,No,Yes,Yes,Month-to-month,Yes,Mailed check,72.3,3120.16,No
8463-WLJE,Female,0,No,Yes,13,Yes,Yes,No,No internet service,No internet service,No internet service,No internet service,No internet service,No internet service,Month-to-month,No,Bank transfer (automatic),42.22,508.37,No
4551-LPXB,Female,0,Yes,Yes,46,Yes,No,Fiber optic,No,No,Yes,No,Yes,Yes,One year,No,Electronic check,89.03,3836.64,No
5501-PMBO,Female,0,Yes,No,25,Yes,No,Fiber optic,Yes,No,No,No,Yes,No,Two year,Yes,Mailed check,85.96,2197.15,Yes
9404-EGJD,Male,0,No,No,41,Yes,Yes,No,No internet service,No internet service,No internet service,No internet service,No internet service,No internet service,One year,No,Bank transfer (automatic),33.59,1329.96,No
8897-LFLL,Male,1,No,No,58,Yes,No,No,No internet service,No internet service,No internet service,No internet service,No internet service,No internet service,Month-to-month,Yes,Credit card (automatic),25.59,1391.62,No
9454-MMWA,Male,0,Yes,No,3,Yes,Yes,Fiber optic,No,No,No,No,No,Yes,Two year,Yes,Electronic check,85.5,238.0,Yes
6505-GBRR,Female,0,No,No,64,Yes,Yes,Fiber optic,No,No,No,No,Yes,No,Month-to-month,Yes,Electronic check,84.63,5249.78,Yes
7658-SHQO,Female,1,No,No,10,Yes,No,Fiber optic,Yes,No,No,Yes,Yes,No,Month-to-month,Yes,Electronic check,91.93,861.38,No
4354-LUIF,Male,0,No,No,16,No,No phone service,DSL,Yes,Yes,No,Yes,Yes,No,One year,Yes,Mailed check,65.56,1022.78,No
2987-HMYK,Male,1,Yes,No,39,Yes,No,No,No internet service,No internet service,No internet service,No internet service,No internet service,No internet service,Month-to-month,No,Electronic check,28.94,1084.4,No
3839-HYYX,Female,1,No,No,46,Yes,No,Fiber optic,No,Yes,No,No,No,No,Month-to-month,No,Credit card (automatic),81.32,3593.93,No
8727-XLEF,Female,1,Yes,No,9,Yes,No,No,No internet service,No internet service,No internet service,No internet service,No internet service,No internet service,Two year,Yes,Mailed check,28.26,245.59,No
6982-FQRQ,Male,0,No,Yes,26,Yes,No,DSL,No,No,Yes,Yes,Yes,Yes,One year,Yes,Electronic check,74.21,1849.75,No
7663-VMPU,Male,0,Yes,No,11,Yes,No,DSL,Yes,No,No,No,No,No,Month-to-month,Yes,Bank transfer (automatic),53.2,572.02,No
9731-NKJF,Male,0,No,No,46,Yes,Yes,DSL,No,No,Yes,Yes,No,No,One year,No,Mailed check,61.28,2612.39,No
9521-TMJT,Female,0,Yes,No,48,No,No phone service,Fiber optic,No,Yes,No,No,Yes,No,One year,Yes,Credit card (automatic),74.75,3372.71,No
7877-YNAE,Female,0,No,Yes,66,Yes,No,Fiber optic,No,Yes,No,No,No,Yes,Month-to-month,No,Bank transfer (automatic),85.78,5390.68,No
4640-BNME,Female,0,Yes,Yes,7,Yes,Yes,DSL,Yes,Yes,No,Yes,No,Yes,Month-to-month,No,Electronic check,71.56,450.37,No
4494-PPWA,Female,1,Yes,No,12,Yes,Yes,Fiber optic,Yes,No,No,Yes,Yes,No,Month-to-month,Yes,Bank transfer (automatic),97.67,1142.13,No
2766-OYDA,Male,0,No,No,5,No,No phone service,Fiber optic,Yes,Yes,Yes,No,Yes,No,One year,No,Bank transfer (automatic),86.15,420.56,Yes
4108-YFMA,Male,0,No,Yes,49,Yes,No,Fiber optic,No,No,No,No,Yes,Yes,Month-to-month,Yes,Electronic check,100.47,4864.96,Yes
5266-QVBN,Male,0,No,No,63,Yes,No,DSL,Yes,No,Yes,No,No,No,Month-to-month,Yes,Credit card (automatic),61.55,3787.71,Yes
4399-YSDL,Male,1,No,Yes,2,Yes,No,Fiber optic,Yes,Yes,Yes,No,No,Yes,Month-to-month,Yes,Electronic check,90.79,180.46,Yes
7099-UUIE,Female,0,No,No,17,Yes,No,Fiber optic,No,No,No,No,No,No,Two year,Yes,Bank transfer (automatic),66.97,1144.97,No
6932-BVGP,Male,0,Yes,No,14,Yes,No,Fiber optic,No,Yes,Yes,Yes,Yes,Yes,Two year,No,Electronic check,95.61,1323.32,No
7254-XLBC,Male,0,No,No,56,Yes,No,DSL,Yes,No,No,No,No,No,One year,Yes,Electronic check,58.78,3301.96,No
3280-EGMR,Male,0,Yes,No,25,Yes,Yes,Fiber optic,No,Yes,Yes,No,No,No,Month-to-month,No,Bank transfer (automatic),86.16,2166.33,Yes
7403-YXWP,Female,1,No,No,45,Yes,Yes,Fiber optic,No,No,No,No,No,No,Two year,No,Electronic check,76.3,3291.85,Yes
9251-FNXH,Female,0,No,No,2,Yes,No,DSL,No,Yes,Yes,Yes,No,No,Two year,No,Electronic check,67.45,124.39,Yes
3807-YLAM,Male,0,No,No,34,Yes,Yes,Fiber optic,No,No,Yes,Yes,No,Yes,Month-to-month,No,Bank transfer (automatic),89.89,3080.92,Yes
9884-QSHW,Male,0,No,No,36,Yes,Yes,DSL,Yes,No,Yes,Yes,No,Yes,Two year,Yes,Credit card (automatic),73.87,2679.1,No
7992-PKWN,Male,0,Yes,No,24,Yes,Yes,Fiber optic,Yes,No,No,Yes,Yes,No,One year,No,Bank transfer (automatic),92.85,2165.22,No
6273-XATP,Female,0,Yes,Yes,5,Yes,Yes,Fiber optic,Yes,Yes,Yes,No,No,Yes,Month-to-month,Yes,Credit card (automatic),97.63,493.13,Yes
9373-ECMY,Female,0,No,No,67,Yes,No,No,No internet service,No internet service,No internet service,No internet service,No internet service,No internet service,Two year,Yes,Electronic check,31.83,1927.94,No
5963-BHVY,Female,0,No,No,47,No,No phone service,No,No internet service,No internet service,No internet service,No internet service,No internet service,No internet service,Month-to-month,No,Bank transfer (automatic),18.0,839.12,No
7737-WTXT,Female,0,Yes,Yes,61,Yes,No,Fiber optic,No,No,Yes,No,Yes,No,Month-to-month,Yes,Electronic check,89.79,5359.41,Yes
4879-HUGO,Female,0,No,No,42,Yes,Yes,DSL,No,No,Yes,Yes,No,Yes,One year,No,Bank transfer (automatic),70.89,2818.44,No
3259-KEBZ,Female,0,Yes,Yes,41,Yes,No,Fiber optic,No,Yes,Yes,No,Yes,Yes,Two year,Yes,Mailed check,95.21,3642.96,No
6678-OJNG,Male,0,Yes,No,58,Yes,Yes,Fiber optic,No,Yes,No,No,No,Yes,Month-to-month,Yes,Mailed check,87.72,4803.02,Yes
1625-YPIN,Male,1,Yes,Yes,67,Yes,Yes,DSL,Yes,No,No,Yes,Yes,No,Month-to-month,No,Electronic check,77.2,4893.11,No
6622-OVTP,Female,0,No,No,47,No,No phone service,No,No internet service,No internet service,No internet service,No internet service,No internet service,No internet service,Month-to-month,No,Mailed check,23.66,1084.48,No
2770-RAYL,Male,0,No,Yes,25,Yes,Yes,Fiber optic,No,Yes,No,Yes,Yes,Yes,Month-to-month,Yes,Credit card (automatic),93.97,2181.28,Yes
6856-DUHD,Male,1,Yes,No,57,Yes,Yes,No,No internet service,No internet service,No internet service,No internet service,No internet service,No internet service,Two year,No,Credit card (automatic),26.95,1518.07,No
7785-JVRR,Female,0,No,No,51,No,No phone service,No,No internet service,No internet service,No internet service,No internet service,No internet service,No internet service,Two year,Yes,Electronic check,24.23,1175.75,No
3910-NMKU,Female,0,No,No,35,No,No phone service,No,No internet service,No internet service,No internet service,No internet service,No internet service,No internet service,Month-to-month,Yes,Mailed check,19.55,703.31,No
9953-ULTM,Female,1,No,Yes,46,Yes,No,No,No internet service,No internet service,No internet service,No internet service,No internet service,No internet service,Month-to-month,Yes,Electronic check,19.85,861.23,No
3416-WCOX,Male,0,No,Yes,44,Yes,No,DSL,Yes,Yes,No,No,No,No,Month-to-month,No,Credit card (automatic),64.4,2620.96,No
8728-KPON,Female,0,No,Yes,54,Yes,Yes,Fiber optic,No,No,Yes,Yes,No,Yes,Month-to-month,Yes,Credit card (automatic),91.16,4835.04,Yes
6558-HOJL,Male,0,Yes,Yes,57,Yes,Yes,Fiber optic,No,Yes,No,No,No,Yes,One year,No,Electronic check,89.26,4913.1,Yes
4875-HBID,Male,1,No,Yes,19,Yes,No,Fiber optic,No,No,No,No,No,Yes,Two year,Yes,Credit card (automatic),80.87,1411.38,No
6274-XNYM,Male,0,No,No,57,Yes,Yes,Fiber optic,Yes,Yes,No,No,No,No,Two year,No,Electronic check,86.85,4594.13,No
9627-ASTL,Female,0,No,No,61,Yes,No,DSL,Yes,No,No,No,No,No,Month-to-month,Yes,Credit card (automatic),54.75,3087.93,No
3031-YPTP,Female,0,No,Yes,44,Yes,No,Fiber optic,No,No,No,No,No,No,Month-to-month,Yes,Bank transfer (automatic),73.84,2955.06,No
2684-VPEV,Male,0,No,No,41,Yes,Yes,DSL,No,No,No,Yes,No,Yes,Two year,No,Credit card (automatic),57.3,2251.02,No
2761-WFQG,Male,0,No,No,4,Yes,No,Fiber optic,No,Yes,No,No,No,Yes,Month-to-month,No,Mailed check,81.53,308.0,Yes
6864-VIGC,Female,0,Yes,No,47,Yes,No,DSL,Yes,No,Yes,No,No,No,One year,No,Electronic check,57.98,2566.43,No
1860-AIAH,Male,0,Yes,No,8,Yes,Yes,No,No internet service,No internet service,No internet service,No internet service,No internet service,No internet service,Month-to-month,No,Bank transfer (automatic),29.75,219.08,No
3732-XMSZ,Male,0,No,No,55,Yes,Yes,Fiber optic,No,No,Yes,Yes,No,Yes,Month-to-month,Yes,Electronic check,99.17,5053.03,No
6844-XADA,Female,0,No,Yes,34,Yes,Yes,DSL,No,No,Yes,Yes,No,Yes,Month-to-month,No,Credit card (automatic),74.15,2324.72,Yes
5764-BUUZ,Male,1,Yes,Yes,38,Yes,Yes,DSL,Yes,No,No,No,Yes,No,Two year,No,Electronic check,63.11,2330.35,No
3405-UXHA,Male,0,No,No,39,Yes,No,DSL,No,No,No,Yes,Yes,No,Month-to-month,Yes,Electronic check,59.18,2180.08,No
4692-GLXN,Female,0,No,No,3,Yes,No,Fiber optic,No,No,No,Yes,No,Yes,Two year,Yes,Mailed check,75.9,223.32,Yes
9360-NGZG,Female,1,No,No,14,No,No phone service,No,No internet service,No internet service,No internet service,No internet service,No internet service,No internet service,One year,No,Mailed check,26.11,358.86,No
8056-ETGU,Female,1,No,No,28,Yes,No,DSL,Yes,No,No,No,No,Yes,Month-to-month,Yes,Bank transfer (automatic),57.29,1460.35,No
9987-PJWE,Female,0,No,No,33,Yes,No,Fiber optic,Yes,Yes,No,No,Yes,No,Month-to-month,Yes,Credit card (automatic),89.34,2671.44,No
4466-EYKT,Male,0,No,No,11,Yes,Yes,Fiber optic,Yes,No,Yes,Yes,No,No,One year,Yes,Mailed check,93.42,974.0,Yes
2998-YKYC,Male,0,Yes,Yes,25,Yes,Yes,Fiber optic,Yes,No,No,No,No,No,One year,No,Credit card (automatic),83.34,1959.95,No
1205-GZYD,Male,1,No,No,60,No,No phone service,Fiber optic,No,Yes,No,Yes,No,No,Month-to-month,Yes,Credit card (automatic),71.86,4091.72,Yes
1826-HZIP,Female,0,Yes,No,45,Yes,Yes,DSL,Yes,Yes,No,Yes,No,Yes,Month-to-month,Yes,Electronic check,79.01,3386.57,No
6408-XWDH,Male,0,Yes,No,64,No,No phone service,Fiber optic,Yes,No,Yes,Yes,No,No,Two year,Yes,Bank transfer (automatic),80.15,4770.04,No
3136-GFVM,Female,1,Yes,No,43,Yes,No,DSL,No,No,Yes,No,No,No,Two year,Yes,Electronic check,60.1,2549.75,No
4784-CQZQ,Female,0,No,Yes,70,Yes,No,Fiber optic,No,Yes,Yes,Yes,Yes,Yes,Month-to-month,Yes,Bank transfer (automatic),105.31,7314.48,Yes
2277-UKKT,Male,0,No,No,32,Yes,Yes,Fiber optic,Yes,No,Yes,No,Yes,No,Month-to-month,Yes,Credit card (automatic),94.75,2962.97,No
6658-ZKIW,Female,0,No,Yes,62,Yes,No,Fiber optic,No,Yes,No,No,Yes,Yes,Month-to-month,Yes,Credit card (automatic),94.63,5660.22,No
4609-YZIR,Male,0,Yes,Yes,39,Yes,Yes,Fiber optic,No,No,No,No,No,Yes,Month-to-month,No,Electronic check,79.09,3174.42,Yes
3613-VJYU,Female,0,No,No,45,Yes,Yes,Fiber optic,Yes,No,No,No,Yes,No,Month-to-month,No,Credit card (automatic),84.39,3749.58,No
8864-ZKVK,Female,0,No,Yes,4,Yes,No,DSL,Yes,No,No,No,No,No,One year,No,Bank transfer (automatic),55.88,191.72,No
2480-JHOI,Female,0,Yes,No,53,Yes,Yes,No,No internet service,No internet service,No internet service,No internet service,No internet service,No internet service,Month-to-month,Yes,Credit card (automatic),36.82,1823.66,No
8310-OEWV,Male,0,Yes,Yes,26,Yes,No,Fiber optic,Yes,No,No,No,No,No,One year,Yes,Electronic check,75.73,1934.13,Yes
5458-SKGQ,Male,0,Yes,No,38,No,No phone service,Fiber optic,No,Yes,Yes,No,Yes,Yes,One year,Yes,Electronic check,90.41,3266.3,Yes
2221-JMQW,Female,1,Yes,No,11,Yes,No,No,No internet service,No internet service,No internet service,No internet service,No internet service,No internet service,Month-to-month,Yes,Bank transfer (automatic),28.42,312.06,Yes
4161-FQHZ,Male,0,Yes,No,33,Yes,No,No,No internet service,No internet service,No internet service,No internet service,No internet service,No internet service,Month-to-month,Yes,Bank transfer (automatic),22.04,744.15,No
9540-IHEP,Female,0,No,No,14,Yes,Yes,No,No internet service,No internet service,No internet service,No internet service,No internet service,No internet service,Month-to-month,Yes,Electronic check,28.34,379.58,No
8729-ROSM,Male,0,Yes,Yes,43,Yes,Yes,Fiber optic,No,No,No,Yes,No,No,Month-to-month,Yes,Credit card (automatic),81.5,3519.14,No
2742-GBMQ,Male,0,No,No,59,Yes,Yes,No,No internet service,No internet service,No internet service,No internet service,No internet service,No internet service,One year,Yes,Mailed check,30.16,1528.8,No
6933-ZLRW,Male,0,No,No,65,Yes,No,DSL,No,No,Yes,No,Yes,No,Month-to-month,Yes,Electronic check,70.68,3975.56,No
3049-OUBO,Female,0,Yes,No,29,Yes,No,Fiber optic,No,Yes,Yes,Yes,Yes,No,Month-to-month,Yes,Credit card (automatic),98.19,2800.72,No
3968-KWNZ,Female,0,Yes,No,39,Yes,No,DSL,Yes,No,No,No,No,Yes,Two year,Yes,Electronic check,64.58,2373.02,No
5269-CEXY,Male,0,Yes,No,67,Yes,Yes,Fiber optic,No,No,No,Yes,No,Yes,Month-to-month,Yes,Bank transfer (automatic),90.8,6181.12,No
1062-XWAZ,Male,0,No,No,35,Yes,No,No,No internet service,No internet service,No internet service,No internet service,No internet service,No internet service,Month-to-month,Yes,Bank transfer (automatic),18.0,594.64,No
3407-JFQS,Male,0,No,No,52,Yes,No,Fiber optic,No,No,No,No,Yes,Yes,Two year,Yes,Bank transfer (automatic),86.36,4243.68,No
7946-DRDT,Male,1,No,Yes,60,Yes,No,Fiber optic,No,Yes,No,Yes,No,No,Month-to-month,Yes,Electronic check,80.62,4675.2,No
7102-FMHR,Male,0,Yes,No,18,Yes,No,Fiber optic,No,No,Yes,No,No,Yes,One year,Yes,Credit card (automatic),81.36,1332.76,Yes
6035-YSJC,Male,0,No,No,41,Yes,No,No,No internet service,No internet service,No internet service,No internet service,No internet service,No internet service,Two year,Yes,Mailed check,23.94,946.95,No
9539-NFRI,Female,1,Yes,Yes,6,Yes,Yes,Fiber optic,No,Yes,Yes,No,No,No,Month-to-month,Yes,Electronic check,90.23,504.89,Yes
2721-HNMW,Female,1,Yes,No,31,Yes,Yes,DSL,No,No,Yes,No,No,Yes,One year,Yes,Electronic check,63.04,1932.06,No
1965-ZCZG,Female,1,No,No,39,No,No phone service,DSL,No,Yes,Yes,Yes,No,No,Month-to-month,No,Bank transfer (automatic),54.15,2078.53,No
4986-RJIN,Male,0,No,No,14,Yes,No,DSL,No,Yes,No,No,No,No,Two year,No,Credit card (automatic),66.65,870.51,Yes
2487-PCUG,Female,1,Yes,No,60,Yes,Yes,Fiber optic,Yes,No,Yes,No,Yes,Yes,Month-to-month,Yes,Credit card (automatic),103.19,5648.49,Yes
2982-SNRG,Male,0,No,No,57,Yes,No,DSL,Yes,Yes,No,No,No,No,Month-to-month,No,Electronic check,57.13,3034.35,Yes
8752-ULWT,Male,1,Yes,Yes,40,Yes,Yes,DSL,Yes,No,No,No,No,Yes,Two year,No,Electronic check,69.22,2739.31,Yes
2543-NSGQ,Female,1,No,No,39,Yes,Yes,No,No internet service,No internet service,No internet service,No internet service,No internet service,No internet service,One year,No,Mailed check,34.32,1225.01,No
4682-UGVW,Male,0,Yes,Yes,43,Yes,No,Fiber optic,Yes,No,Yes,Yes,No,No,Month-to-month,No,Bank transfer (automatic),81.91,3618.48,No
5676-BWQX,Male,0,No,No,5,Yes,No,DSL,No,Yes,Yes,No,No,Yes,One year,Yes,Credit card (automatic),65.78,314.94,No
8398-DVDG,Male,0,No,No,48,Yes,No,DSL,Yes,Yes,Yes,Yes,Yes,Yes,Month-to-month,Yes,Credit card (automatic),83.92,3789.93,No
5322-GZKN,Male,0,Yes,No,40,Yes,No,Fiber optic,No,No,Yes,No,No,Yes,Month-to-month,No,Mailed check,84.66,3495.39,Yes
3962-PCBQ,Female,0,Yes,No,64,Yes,No,Fiber optic,No,Yes,No,Yes,No,No,One year,No,Electronic check,81.23,5208.63,No
2448-XXLG,Female,0,No,No,4,No,No phone service,DSL,No,No,Yes,Yes,Yes,No,Two year,No,Bank transfer (automatic),59.02,240.71,No
8156-KQDA,Male,0,Yes,Yes,2,Yes,No,DSL,No,Yes,No,No,No,No,Month-to-month,No,Credit card (automatic),59.16,119.04,No
8806-MPKU,Male,0,Yes,No,26,Yes,No,No,No internet service,No internet service,No internet service,No internet service,No internet service,No internet service,One year,No,Electronic check,25.91,638.98,No
8897-QXVE,Male,0,No,Yes,47,Yes,No,Fiber optic,Yes,No,No,No,Yes,No,Two year,No,Credit card (automatic),88.33,3755.7,No
4605-KENL,Male,0,Yes,No,29,Yes,No,No,No internet service,No internet service,No internet service,No internet service,No internet service,No internet service,Month-to-month,Yes,Credit card (automatic),25.87,705.77,No
9809-WHTJ,Male,0,No,Yes,12,Yes,No,Fiber optic,Yes,No,Yes,No,No,No,Two year,Yes,Credit card (automatic),85.06,971.06,No
6073-WQAS,Female,0,Yes,No,47,Yes,Yes,Fiber optic,No,No,No,No,No,Yes,Month-to-month,Yes,Mailed check,80.7,3832.36,Yes
9844-WODX,Female,0,No,Yes,62,Yes,No,DSL,Yes,No,Yes,No,No,Yes,Month-to-month,No,Bank transfer (automatic),69.29,3981.06,No
5341-ZLUW,Male,0,Yes,No,27,No,No phone service,DSL,No,Yes,No,Yes,Yes,Yes,Month-to-month,Yes,Mailed check,73.34,1960.02,No
6449-OXHD,Male,0,No,No,27,Yes,No,No,No internet service,No internet service,No internet service,No internet service,No internet service,No internet service,Two year,No,Electronic check,24.09,639.87,No
4139-LYKS,Male,0,No,No,7,Yes,No,DSL,Yes,Yes,Yes,No,No,Yes,Month-to-month,No,Credit card (automatic),72.67,496.06,No
4472-OJEX,Female,1,No,No,41,Yes,Yes,No,No internet service,No internet service,No internet service,No internet service,No internet service,No internet service,Month-to-month,No,Bank transfer (automatic),29.39,1179.28,No
2994-BTKS,Male,0,Yes,No,21,Yes,No,Fiber optic,Yes,Yes,No,No,No,Yes,Two year,No,Electronic check,94.45,1775.12,No
4566-WWFG,Female,0,No,No,12,Yes,No,Fiber optic,Yes,No,No,No,No,Yes,Two year,No,Electronic check,85.72,982.78,No
5501-DVBR,Female,0,No,Yes,56,Yes,No,DSL,Yes,Yes,No,No,Yes,Yes,Month-to-month,Yes,Electronic check,68.52,3841.5,No
7601-LARU,Male,0,Yes,No,29,Yes,No,Fiber optic,Yes,No,Yes,Yes,No,Yes,Two year,No,Electronic check,94.67,2690.73,No
5488-BNLP,Female,0,Yes,No,12,Yes,Yes,Fiber optic,No,Yes,Yes,No,No,Yes,One year,Yes,Electronic check,94.93,1127.61,Yes
5481-KKYV,Female,0,Yes,No,13,Yes,Yes,No,No internet service,No internet service,No internet service,No internet service,No internet service,No internet service,One year,Yes,Electronic check,30.75,370.92,No
6578-TSRS,Male,1,No,No,28,No,No phone service,No,No internet service,No internet service,No internet service,No internet service,No internet service,No internet service,Month-to-month,No,Mailed check,19.67,534.72,No
3719-VZGQ,Female,0,Yes,No,41,Yes,Yes,Fiber optic,Yes,No,Yes,Yes,No,No,Month-to-month,Yes,Credit card (automatic),96.01,3640.28,No
9206-LGYJ,Male,0,No,No,6,No,No phone service,No,No internet service,No internet service,No internet service,No internet service,No internet service,No internet service,Month-to-month,No,Electronic check,27.92,145.22,No
5969-EQBN,Female,0,Yes,No,52,Yes,Yes,No,No internet service,No internet service,No internet service,No internet service,No internet service,No internet service,Month-to-month,No,Mailed check,30.43,1473.65,No
9411-AZPU,Female,0,No,No,47,Yes,No,DSL,Yes,Yes,No,No,No,No,Month-to-month,Yes,Electronic check,55.31,2461.46,No
6905-AKBE,Female,0,Yes,No,66,Yes,No,DSL,No,Yes,Yes,No,No,No,One year,Yes,Mailed check,54.38,3439.66,No
1024-RRHT,Male,0,Yes,No,12,Yes,Yes,DSL,No,No,Yes,No,No,Yes,Month-to-month,No,Bank transfer (automatic),68.48,819.57,Yes
3146-QMEB,Male,0,Yes,Yes,42,Yes,No,Fiber optic,Yes,No,No,Yes,No,Yes,Month-to-month,Yes,Bank transfer (automatic),87.71,3644.93,No
3528-YPPW,Male,0,Yes,No,53,Yes,No,Fiber optic,Yes,Yes,No,Yes,No,Yes,One year,Yes,Mailed check,92.69,4630.66,No
4877-CZNK,Male,0,No,Yes,24,Yes,Yes,Fiber optic,No,No,Yes,Yes,Yes,No,Month-to-month,Yes,Credit card (automatic),95.81,2248.58,No
5915-JPMY,Female,0,Yes,No,39,Yes,Yes,DSL,No,No,Yes,No,No,No,Month-to-month,No,Bank transfer (automatic),68.32,2449.35,Yes
9942-HVRG,Male,0,No,No,45,No,No phone service,Fiber optic,No,No,Yes,No,No,Yes,Month-to-month,Yes,Electronic check,73.72,3152.65,No
4302-YPED,Male,0,No,No,49,Yes,No,DSL,No,Yes,No,No,No,Yes,Month-to-month,No,Electronic check,58.12,2763.07,No
7355-YFVY,Male,1,Yes,No,41,Yes,Yes,Fiber optic,Yes,No,No,No,No,No,Month-to-month,Yes,Bank transfer (automatic),80.51,3121.14,No
1269-VYGE,Female,0,Yes,No,29,Yes,No,Fiber optic,Yes,No,Yes,No,No,Yes,Month-to-month,Yes,Credit card (automatic),95.4,2709.05,Yes
9041-AGMT,Male,0,Yes,No,71,Yes,Yes,Fiber optic,No,No,No,No,No,No,Two year,Yes,Bank transfer (automatic),78.51,5312.03,No
3145-JXPV,Male,1,No,No,58,Yes,Yes,Fiber optic,Yes,No,No,Yes,No,No,Month-to-month,Yes,Electronic check,83.23,4261.04,No
7727-OJTR,Female,0,Yes,Yes,17,Yes,Yes,Fiber optic,No,Yes,No,Yes,Yes,No,Two year,No,Credit card (automatic),94.21,1630.14,No
3393-XOIR,Female,1,No,No,30,Yes,Yes,Fiber optic,No,Yes,Yes,No,No,No,Month-to-month,No,Bank transfer (automatic),91.28,2533.4,Yes
4473-DWLB,Female,0,Yes,Yes,37,Yes,Yes,No,No internet service,No internet service,No internet service,No internet service,No internet service,No internet service,One year,No,Credit card (automatic),35.69,1319.64,No
8424-RMZP,Male,0,No,No,28,Yes,Yes,Fiber optic,Yes,No,Yes,Yes,Yes,Yes,One year,Yes,Bank transfer (automatic),97.69,2666.88,No
1478-ZHYB,Female,1,No,No,6,Yes,Yes,Fiber optic,No,No,Yes,No,Yes,No,Two year,Yes,Electronic check,91.08,467.05,Yes
6491-IPWH,Female,0,No,Yes,22,Yes,Yes,No,No internet service,No internet service,No internet service,No internet service,No internet service,No internet service,Month-to-month,No,Mailed check,31.18,660.19,No
3004-OWRZ,Female,0,No,No,44,No,No phone service,No,No internet service,No internet service,No internet service,No internet service,No internet service,No internet service,Month-to-month,No,Bank transfer (automatic),18.67,840.38,No
8003-HMSB,Male,0,Yes,Yes,45,Yes,Yes,DSL,Yes,No,Yes,No,No,No,Two year,Yes,Electronic check,65.73,2862.56,No
8919-OWDD,Male,1,No,Yes,61,Yes,No,No,No internet service,No internet service,No internet service,No internet service,No internet service,No internet service,One year,Yes,Credit card (automatic),23.43,1274.87,No
7864-OIPX,Female,1,Yes,Yes,43,No,No phone service,DSL,Yes,No,Yes,Yes,Yes,No,One year,Yes,Bank transfer (automatic),52.8,2152.85,No
4322-MMCL,Female,0,No,Yes,20,Yes,Yes,DSL,Yes,No,No,No,Yes,No,Month-to-month,No,Credit card (automatic),68.27,1393.15,No
1966-RWGV,Male,0,No,No,37,No,No phone service,No,No internet service,No internet service,No internet service,No internet service,No internet service,No internet service,Month-to-month,Yes,Mailed check,18.0,590.8,No
4726-RRQG,Male,1,Yes,No,53,No,No phone service,No,No internet service,No internet service,No internet service,No internet service,No internet service,No internet service,One year,Yes,Electronic check,18.0,896.74,No
4020-FKVT,Male,0,No,No,16,Yes,No,No,No internet service,No internet service,No internet service,No internet service,No internet service,No internet service,Month-to-month,No,Bank transfer (automatic),23.29,325.51,No
3203-HASV,Female,0,Yes,No,53,Yes,Yes,DSL,Yes,No,No,Yes,Yes,No,Month-to-month,No,Bank transfer (automatic),76.67,3779.91,No
7655-FSWV,Male,0,Yes,Yes,42,Yes,No,DSL,Yes,No,Yes,No,Yes,No,Two year,Yes,Electronic check,58.03,2373.23,No
4735-PGXK,Female,0,No,No,44,No,No phone service,DSL,No,Yes,Yes,No,Yes,No,One year,Yes,Electronic check,55.31,2462.69,No
7536-TFUT,Female,0,Yes,Yes,6,Yes,No,DSL,Yes,No,No,No,Yes,Yes,Two year,Yes,Mailed check,64.65,360.16,No
3147-OQPF,Female,0,Yes,No,22,Yes,No,Fiber optic,No,No,Yes,No,Yes,No,One year,No,Electronic check,81.62,1792.85,Yes
3888-XMAN,Female,0,Yes,No,12,Yes,Yes,Fiber optic,No,No,Yes,No,No,No,Two year,Yes,Credit card (automatic),87.59,1020.49,No
2591-UFKV,Female,0,No,No,29,Yes,No,Fiber optic,No,No,No,No,No,Yes,Month-to-month,No,Bank transfer (automatic),82.31,2262.89,Yes
4588-TRCW,Male,0,Yes,Yes,18,Yes,No,No,No internet service,No internet service,No internet service,No internet service,No internet service,No internet service,Two year,Yes,Electronic check,18.75,323.58,No
7772-WQZS,Female,0,Yes,No,7,Yes,No,No,No internet service,No internet service,No internet service,No internet service,No internet service,No internet service,One year,Yes,Electronic check,32.89,234.72,No
5032-QVMC,Male,0,No,Yes,34,Yes,No,Fiber optic,No,Yes,No,Yes,No,Yes,Month-to-month,No,Mailed check,89.85,2748.01,No
3722-SJUR,Female,0,No,No,21,No,No phone service,Fiber optic,No,Yes,Yes,Yes,Yes,No,Month-to-month,No,Bank transfer (automatic),86.19,1781.93,No
7068-AHWI,Male,0,Yes,No,21,Yes,No,No,No internet service,No internet service,No internet service,No internet service,No internet service,No internet service,Two year,Yes,Electronic check,23.38,492.21,No
8464-QWHA,Female,0,No,No,42,Yes,No,Fiber optic,No,No,No,No,No,No,Month-to-month,Yes,Electronic check,72.02,2869.87,Yes
5109-QOYD,Male,0,Yes,Yes,53,No,No phone service,DSL,Yes,No,No,Yes,No,Yes,Month-to-month,Yes,Bank transfer (automatic),55.6,2899.27,No
2806-KLKQ,Female,0,Yes,No,52,Yes,Yes,No,No internet service,No internet service,No internet service,No internet service,No internet service,No internet service,Month-to-month,No,Electronic check,37.51,1828.27,No
1793-RWAH,Male,0,Yes,No,51,Yes,No,Fiber optic,Yes,No,Yes,Yes,No,No,Month-to-month,Yes,Bank transfer (automatic),83.84,4317.85,No
4311-MOYU,Male,0,No,No,18,Yes,No,DSL,No,Yes,No,No,Yes,Yes,Month-to-month,Yes,Mailed check,66.97,1102.57,Yes
3894-QZBX,Female,0,No,No,23,Yes,No,DSL,No,Yes,No,Yes,No,Yes,Two year,Yes,Electronic check,67.17,1440.77,No
4221-UPUG,Female,0,Yes,No,23,Yes,No,Fiber optic,Yes,Yes,Yes,No,Yes,No,Month-to-month,Yes,Electronic check,91.45,1976.52,Yes
7038-LLTT,Male,0,Yes,Yes,55,Yes,Yes,Fiber optic,Yes,No,Yes,Yes,No,Yes,Month-to-month,Yes,Credit card (automatic),101.89,5456.96,No
8870-SECR,Female,0,Yes,Yes,34,Yes,No,Fiber optic,Yes,No,Yes,Yes,No,No,One year,No,Credit card (automatic),95.47,3137.68,No
9029-MJAW,Male,1,No,No,53,Yes,No,DSL,No,No,Yes,No,No,Yes,Month-to-month,Yes,Credit card (automatic),61.81,3117.7,Yes
6799-WIJF,Male,0,Yes,Yes,10,Yes,Yes,DSL,Yes,No,No,Yes,Yes,No,Month-to-month,Yes,Credit card (automatic),66.64,635.03,No
8512-NJDW,Female,1,No,No,68,Yes,No,DSL,No,Yes,Yes,Yes,Yes,Yes,Month-to-month,No,Mailed check,83.38,5332.78,No
2724-FYOI,Female,0,Yes,No,3,Yes,No,Fiber optic,No,No,Yes,Yes,Yes,Yes,One year,Yes,Credit card (automatic),93.29,274.6,No
7407-SFQD,Female,1,Yes,No,20,Yes,Yes,Fiber optic,No,Yes,No,Yes,Yes,No,One year,No,Mailed check,102.85,1932.12,Yes
1890-AJNM,Male,1,No,No,12,Yes,Yes,DSL,Yes,No,Yes,No,Yes,No,Month-to-month,No,Mailed check,71.99,766.04,Yes
5104-LZHS,Female,1,Yes,Yes,55,No,No phone service,Fiber optic,Yes,Yes,No,Yes,No,Yes,Month-to-month,No,Electronic check,84.27,4165.64,No
3778-DLUV,Female,0,No,No,4,Yes,No,Fiber optic,No,No,No,Yes,No,No,Month-to-month,No,Electronic check,90.51,331.21,Yes
3761-PDRN,Female,0,Yes,No,46,Yes,No,Fiber optic,No,No,No,No,No,Yes,Month-to-month,Yes,Bank transfer (automatic),75.36,3349.11,No
6040-UUJD,Male,0,No,No,22,Yes,No,Fiber optic,No,No,No,Yes,No,No,Two year,No,Electronic check,76.09,1611.03,No
4924-ESPS,Female,0,No,No,39,Yes,Yes,Fiber optic,Yes,Yes,No,Yes,No,Yes,Month-to-month,Yes,Credit card (automatic),97.56,3778.34,Yes
3516-JSXC,Female,0,No,No,39,Yes,No,Fiber optic,No,No,Yes,Yes,Yes,Yes,Two year,Yes,Bank transfer (automatic),89.92,3379.69,No
4922-UYZZ,Female,0,Yes,No,50,Yes,Yes,DSL,Yes,Yes,No,No,Yes,Yes,Month-to-month,Yes,Mailed check,79.52,3889.93,No
7975-RNUT,Female,1,No,No,36,Yes,Yes,Fiber optic,No,Yes,No,No,Yes,No,Two year,Yes,Bank transfer (automatic),83.37,2832.03,No
9303-KLPT,Male,0,No,No,45,Yes,No,Fiber optic,No,Yes,No,No,Yes,Yes,Month-to-month,Yes,Mailed check,89.62,3863.56,Yes
7650-OMJP,Female,0,No,No,51,Yes,No,Fiber optic,Yes,Yes,Yes,Yes,No,No,Two year,No,Mailed check,90.7,4236.01,No
6138-GKSH,Female,0,No,Yes,62,Yes,Yes,No,No internet service,No internet service,No internet service,No internet service,No internet service,No internet service,Month-to-month,No,Mailed check,35.1,1991.69,No
4721-QZWN,Female,0,Yes,No,18,Yes,No,Fiber optic,Yes,Yes,Yes,No,No,No,Two year,No,Bank transfer (automatic),85.61,1504.09,No
1717-GZPC,Male,0,Yes,Yes,32,Yes,No,Fiber optic,No,Yes,No,No,Yes,No,Month-to-month,Yes,Electronic check,83.06,2525.11,Yes
8386-MOZT,Male,0,Yes,No,34,No,No phone service,No,No internet service,No internet service,No internet service,No internet service,No internet service,No internet service,Month-to-month,Yes,Bank transfer (automatic),18.0,594.5,No
6457-EOIE,Female,1,Yes,No,44,Yes,No,DSL,Yes,No,No,Yes,Yes,Yes,Month-to-month,Yes,Credit card (automatic),71.86,2803.85,No
3097-PIBB,Female,0,No,No,27,Yes,No,No,No internet service,No internet service,No internet service,No internet service,No internet service,No internet service,Two year,Yes,Electronic check,26.64,746.24,No
2560-QOEU,Female,0,No,Yes,48,Yes,No,Fiber optic,Yes,No,No,No,No,No,Month-to-month,Yes,Mailed check,81.11,3562.67,No
5100-ROVF,Male,0,Yes,No,41,Yes,Yes,DSL,Yes,No,Yes,No,No,Yes,Two year,Yes,Mailed check,70.24,2834.61,No
3821-CTQH,Female,0,Yes,No,38,Yes,No,Fiber optic,Yes,No,Yes,No,Yes,Yes,Month-to-month,No,Bank transfer (automatic),99.78,3713.2,Yes
2929-HEKR,Female,1,No,Yes,69,Yes,No,DSL,Yes,Yes,Yes,Yes,No,Yes,Two year,No,Electronic check,78.36,5150.7,No
2863-ZERM,Female,0,Yes,No,21,Yes,No,No,No internet service,No internet service,No internet service,No internet service,No internet service,No internet service,Two year,Yes,Bank transfer (automatic),27.15,553.01,No
5158-YIPB,Male,0,Yes,No,18,Yes,Yes,Fiber optic,No,Yes,Yes,No,Yes,Yes,Month-to-month,Yes,Mailed check,108.58,1760.08,Yes
9047-GAIP,Male,0,Yes,No,33,Yes,No,Fiber optic,No,Yes,Yes,No,Yes,No,Month-to-month,No,Electronic check,82.45,2532.74,No
3100-SVKZ,Male,0,No,Yes,38,Yes,No,No,No internet service,No internet service,No internet service,No internet service,No internet service,No internet service,One year,Yes,Bank transfer (automatic),26.38,916.77,No
3060-DVDJ,Male,0,No,Yes,39,Yes,No,Fiber optic,No,No,Yes,No,Yes,No,Month-to-month,No,Electronic check,83.51,3017.76,Yes
5052-VZSG,Female,1,No,No,5,Yes,Yes,Fiber optic,Yes,No,No,No,No,Yes,Two year,Yes,Mailed check,87.98,427.36,No
8236-AUXT,Male,0,Yes,Yes,43,Yes,Yes,Fiber optic,Yes,No,Yes,Yes,No,Yes,Month-to-month,No,Credit card (automatic),93.97,3918.98,No
5054-ROLR,Male,0,No,No,45,Yes,Yes,No,No internet service,No internet service,No internet service,No internet service,No internet service,No internet service,One year,Yes,Electronic check,32.63,1302.83,No
6876-HSOO,Male,0,No,No,67,Yes,No,Fiber optic,No,No,Yes,No,No,No,Month-to-month,Yes,Credit card (automatic),74.36,4900.62,No
6141-DQTC,Male,0,Yes,No,46,Yes,Yes,Fiber optic,Yes,Yes,No,Yes,No,No,Month-to-month,Yes,Bank transfer (automatic),88.75,4210.71,No
4141-HRVR,Female,0,No,No,23,Yes,No,DSL,No,No,No,No,Yes,No,One year,Yes,Bank transfer (automatic),65.43,1387.15,Yes
9578-IWBT,Male,1,No,Yes,15,Yes,No,No,No internet service,No internet service,No internet service,No internet service,No internet service,No internet service,Month-to-month,Yes,Credit card (automatic),24.27,350.55,Yes
7781-POTL,Female,0,Yes,No,34,No,No phone service,Fiber optic,No,Yes,Yes,No,Yes,No,Month-to-month,No,Bank transfer (automatic),78.37,2440.64,No
5804-WXHM,Male,0,Yes,Yes,21,Yes,No,DSL,Yes,No,Yes,Yes,No,No,Month-to-month,No,Bank transfer (automatic),66.7,1340.82,No
8803-ZWNV,Male,1,Yes,Yes,44,Yes,No,Fiber optic,Yes,No,No,No,Yes,No,One year,No,Bank transfer (automatic),82.26,3257.87,No
3372-DHHP,Male,0,Yes,No,22,No,No phone service,Fiber optic,No,No,No,No,No,Yes,One year,Yes,Bank transfer (automatic),72.65,1416.32,No
3537-DBUQ,Male,0,No,Yes,21,Yes,No,No,No internet service,No internet service,No internet service,No internet service,No internet service,No internet service,Month-to-month,Yes,Bank transfer (automatic),23.83,472.34,Yes
6061-FWVQ,Male,0,No,Yes,41,Yes,No,No,No internet service,No internet service,No internet service,No internet service,No internet service,No internet service,Month-to-month,Yes,Mailed check,26.19,1000.52,No
2635-GDLZ,Male,0,Yes,Yes,61,Yes,Yes,Fiber optic,Yes,No,Yes,No,No,Yes,Month-to-month,Yes,Electronic check,89.99,5345.03,No
7260-CAZV,Male,0,No,No,21,Yes,Yes,No,No internet service,No internet service,No internet service,No internet service,No internet service,No internet service,Month-to-month,No,Mailed check,33.32,660.07,No
9047-IACD,Male,1,No,No,56,Yes,No,Fiber optic,No,Yes,No,Yes,No,Yes,Month-to-month,No,Mailed check,85.56,4549.56,Yes
8262-FWKE,Male,1,Yes,No,50,Yes,Yes,Fiber optic,No,Yes,Yes,Yes,No,No,Two year,Yes,Mailed check,88.12,3943.73,No
5650-QRVF,Male,0,No,No,46,Yes,No,Fiber optic,No,Yes,Yes,No,No,Yes,Two year,No,Mailed check,94.13,4265.0,Yes
6575-PWMW,Female,0,Yes,No,70,Yes,Yes,Fiber optic,No,Yes,No,Yes,Yes,Yes,Month-to-month,Yes,Electronic check,104.19,7472.02,No
7337-LAOH,Female,0,No,No,38,Yes,No,DSL,No,No,Yes,No,Yes,No,Two year,Yes,Electronic check,59.48,2217.51,No
5128-ILRO,Female,1,No,No,42,Yes,Yes,Fiber optic,Yes,Yes,Yes,No,No,No,One year,Yes,Credit card (automatic),90.14,3421.78,No
5271-JGAL,Male,1,Yes,Yes,26,Yes,Yes,Fiber optic,Yes,Yes,Yes,No,No,No,Two year,Yes,Bank transfer (automatic),90.65,2171.46,Yes
8238-XUHC,Female,0,No,No,6,Yes,No,DSL,Yes,Yes,Yes,No,Yes,No,Month-to-month,Yes,Bank transfer (automatic),73.46,400.29,Yes
6875-FWYB,Male,0,No,No,38,Yes,Yes,DSL,No,Yes,Yes,No,Yes,No,Month-to-month,No,Credit card (automatic),64.92,2266.43,No
5722-LEKM,Male,0,Yes,No,52,No,No phone service,No,No internet service,No internet service,No internet service,No internet service,No internet service,No internet service,Month-to-month,Yes,Electronic check,22.01,1115.65,No
7183-LCFS,Male,0,Yes,Yes,31,No,No phone service,No,No internet service,No internet service,No internet service,No internet service,No internet service,No internet service,Month-to-month,Yes,Bank transfer (automatic),21.58,664.51,No
7138-WSQP,Female,1,Yes,Yes,14,Yes,Yes,Fiber optic,Yes,No,Yes,Yes,Yes,Yes,Month-to-month,Yes,Mailed check,100.17,1306.7,Yes
4845-FDXQ,Male,1,No,No,24,Yes,No,Fiber optic,Yes,No,No,No,Yes,Yes,Month-to-month,Yes,Bank transfer (automatic),87.12,1937.24,Yes
7552-XACW,Female,0,Yes,No,19,Yes,No,Fiber optic,Yes,Yes,No,No,Yes,Yes,One year,Yes,Bank transfer (automatic),98.03,1771.73,No
2991-UZUO,Female,0,Yes,No,26,Yes,No,Fiber optic,No,No,No,Yes,Yes,No,One year,No,Credit card (automatic),84.36,2096.77,No
4879-TDDI,Female,0,Yes,Yes,7,Yes,No,Fiber optic,Yes,Yes,No,Yes,No,Yes,Month-to-month,No,Bank transfer (automatic),101.36,696.89,No
9827-MHMA,Male,0,Yes,No,59,Yes,Yes,DSL,No,No,No,No,Yes,No,Month-to-month,No,Electronic check,57.26,3039.67,No
9364-PIYM,Female,1,Yes,No,13,Yes,No,Fiber optic,No,Yes,Yes,Yes,No,Yes,Month-to-month,Yes,Bank transfer (automatic),95.44,1137.43,No
9601-PBNJ,Female,0,Yes,No,5,Yes,Yes,Fiber optic,No,Yes,No,No,No,Yes,Month-to-month,Yes,Mailed check,88.59,409.9,Yes
5486-KNVM,Male,0,Yes,No,64,Yes,No,No,No internet service,No internet service,No internet service,No internet service,No internet service,No internet service,Month-to-month,No,Electronic check,29.42,1698.77,No
6285-USSH,Female,1,Yes,Yes,31,Yes,Yes,DSL,Yes,No,No,Yes,No,Yes,Two year,No,Electronic check,74.56,2197.04,Yes
2451-TRHD,Female,0,No,Yes,21,Yes,No,No,No internet service,No internet service,No internet service,No internet service,No internet service,No internet service,Month-to-month,No,Mailed check,27.0,556.11,No
1770-MIPA,Male,0,Yes,No,65,Yes,No,Fiber optic,No,No,No,No,No,No,One year,No,Credit card (automatic),78.08,4561.86,No
5448-EWWP,Male,0,No,Yes,56,Yes,No,Fiber optic,No,Yes,No,No,No,No,Two year,Yes,Bank transfer (automatic),78.31,4186.99,No
3887-MUQI,Male,0,No,No,58,Yes,Yes,Fiber optic,No,No,Yes,No,No,Yes,One year,No,Electronic check,86.92,5124.04,No
2662-QEXI,Female,0,No,No,47,Yes,Yes,Fiber optic,Yes,No,No,No,No,Yes,Month-to-month,Yes,Credit card (automatic),90.27,4349.34,Yes
4020-SVCH,Female,1,No,Yes,46,Yes,Yes,DSL,No,Yes,No,Yes,No,Yes,Month-to-month,No,Credit card (automatic),73.16,3389.18,No
4152-HZTC,Female,1,Yes,No,30,Yes,No,No,No internet service,No internet service,No internet service,No internet service,No internet service,No internet service,One year,No,Credit card (automatic),32.4,901.29,No
5103-JOPQ,Male,0,No,No,12,Yes,Yes,No,No internet service,No internet service,No internet service,No internet service,No internet service,No internet service,Month-to-month,No,Credit card (automatic),31.21,343.17,Yes
4560-GCQP,Female,0,No,No,44,Yes,No,DSL,Yes,No,Yes,Yes,Yes,No,One year,Yes,Mailed check,67.06,2794.15,No
8303-KVZG,Female,0,No,No,39,Yes,Yes,Fiber optic,No,Yes,Yes,Yes,No,No,Month-to-month,Yes,Bank transfer (automatic),86.75,3300.32,Yes
1566-SYTA,Male,1,No,No,35,Yes,No,Fiber optic,Yes,Yes,Yes,No,No,Yes,Month-to-month,Yes,Credit card (automatic),98.3,3605.69,No
7294-ONSW,Female,0,Yes,No,10,Yes,No,Fiber optic,Yes,No,Yes,No,No,Yes,Month-to-month,Yes,Electronic check,86.2,834.48,Yes
8819-NDDO,Male,0,Yes,Yes,52,Yes,No,Fiber optic,No,No,No,No,No,Yes,Month-to-month,Yes,Mailed check,70.82,3562.99,No
4245-KLWE,Male,0,No,Yes,63,Yes,Yes,DSL,Yes,Yes,Yes,No,No,No,One year,Yes,Electronic check,74.1,4329.9,No
3208-IYEU,Female,0,Yes,Yes,45,Yes,Yes,No,No internet service,No internet service,No internet service,No internet service,No internet service,No internet service,Month-to-month,Yes,Electronic check,31.75,1340.8,No
3915-KEJB,Male,0,Yes,Yes,15,Yes,Yes,No,No internet service,No internet service,No internet service,No internet service,No internet service,No internet service,One year,Yes,Credit card (automatic),36.95,520.47,No
1805-IILE,Female,0,Yes,No,42,No,No phone service,No,No internet service,No internet service,No internet service,No internet service,No internet service,No internet service,Two year,No,Mailed check,18.0,733.32,No
8044-FQNO,Male,0,No,No,28,Yes,No,No,No internet service,No internet service,No internet service,No internet service,No internet service,No internet service,Month-to-month,No,Electronic check,27.31,730.42,No
6919-LBVT,Female,0,No,No,42,Yes,Yes,Fiber optic,Yes,No,No,No,No,Yes,Month-to-month,No,Electronic check,87.13,3277.36,No
2278-NNJK,Female,1,No,Yes,32,Yes,Yes,DSL,No,No,No,No,Yes,No,Month-to-month,Yes,Credit card (automatic),63.22,1929.62,No
3258-AIDB,Female,0,No,No,48,Yes,Yes,Fiber optic,Yes,Yes,No,No,Yes,Yes,Month-to-month,Yes,Credit card (automatic),99.46,4519.35,Yes
2121-YVZV,Female,1,No,Yes,46,Yes,Yes,No,No internet service,No internet service,No internet service,No internet service,No internet service,No internet service,Month-to-month,Yes,Electronic check,28.21,1224.97,No
8718-DMRI,Female,0,No,Yes,32,Yes,Yes,DSL,No,No,Yes,Yes,Yes,No,Month-to-month,Yes,Electronic check,66.85,1823.21,No
7568-ANXF,Male,0,Yes,Yes,18,Yes,Yes,DSL,Yes,No,Yes,Yes,No,Yes,One year,No,Electronic check,75.31,1243.96,No
7023-QSAE,Male,0,No,Yes,50,No,No phone service,Fiber optic,No,Yes,No,No,No,Yes,Month-to-month,No,Electronic check,82.78,3895.66,Yes
3593-AAPH,Male,0,Yes,No,33,Yes,No,DSL,No,Yes,Yes,No,No,No,Month-to-month,No,Mailed check,67.37,2219.85,Yes
2160-KKGU,Male,0,Yes,No,10,Yes,No,Fiber optic,No,Yes,No,Yes,No,No,Two year,No,Mailed check,78.72,777.68,No
7295-KCHI,Female,1,No,No,20,Yes,Yes,DSL,No,Yes,No,Yes,Yes,No,Month-to-month,No,Mailed check,80.01,1399.7,Yes
9857-DLCQ,Female,1,Yes,Yes,71,Yes,Yes,DSL,No,Yes,Yes,Yes,Yes,No,One year,No,Mailed check,70.9,5176.11,No
3235-DPAI,Female,0,Yes,No,16,Yes,No,No,No internet service,No internet service,No internet service,No internet service,No internet service,No internet service,One year,No,Credit card (automatic),28.78,410.88,No
7441-FJDN,Male,0,No,No,38,Yes,Yes,Fiber optic,Yes,No,No,Yes,No,No,Month-to-month,No,Mailed check,81.48,3008.06,No
6264-AKYW,Female,0,No,Yes,19,Yes,Yes,Fiber optic,Yes,Yes,Yes,Yes,No,No,Month-to-month,Yes,Mailed check,94.5,1742.27,Yes
5561-JIZU,Male,0,No,No,63,Yes,No,No,No internet service,No internet service,No internet service,No internet service,No internet service,No internet service,Month-to-month,Yes,Mailed check,30.43,1856.41,No
7980-JKDA,Female,0,Yes,Yes,20,Yes,No,Fiber optic,No,Yes,No,No,Yes,No,Month-to-month,No,Mailed check,89.75,1609.03,Yes
6778-MDYP,Female,0,No,No,65,Yes,Yes,Fiber optic,Yes,Yes,Yes,No,Yes,Yes,Month-to-month,No,Bank transfer (automatic),105.21,6940.32,Yes
1321-HNYJ,Male,0,No,Yes,18,Yes,No,Fiber optic,Yes,Yes,No,No,No,Yes,Month-to-month,No,Credit card (automatic),89.5,1598.19,Yes
7822-SORH,Female,1,Yes,No,36,Yes,No,DSL,No,Yes,No,No,Yes,No,Month-to-month,Yes,Credit card (automatic),62.82,2239.16,No
9156-UNIU,Female,0,No,Yes,56,Yes,Yes,Fiber optic,Yes,Yes,Yes,No,Yes,Yes,Month-to-month,Yes,Mailed check,108.51,5729.07,No
9002-AYBS,Female,0,No,No,24,Yes,No,No,No internet service,No internet service,No internet service,No internet service,No internet service,No internet service,One year,Yes,Mailed check,21.08,472.93,No
9341-NYDZ,Female,1,No,Yes,19,Yes,No,No,No internet service,No internet service,No internet service,No internet service,No internet service,No internet service,Month-to-month,No,Mailed check,29.56,510.79,No
6676-WSNG,Female,0,No,No,0,Yes,No,DSL,Yes,No,No,No,Yes,No,Month-to-month,Yes,Bank transfer (automatic),66.33,,No
5991-AAGH,Male,1,No,Yes,29,Yes,No,DSL,No,No,No,No,No,Yes,Two year,No,Bank transfer (automatic),57.7,1617.74,No
9344-MMOT,Male,0,Yes,No,66,Yes,No,No,No internet service,No internet service,No internet service,No internet service,No internet service,No internet service,Month-to-month,No,Credit card (automatic),26.76,1757.29,No
6119-KVQU,Female,0,No,Yes,2,Yes,No,DSL,Yes,No,Yes,No,No,Yes,Two year,Yes,Credit card (automatic),66.92,126.76,No
2056-PSIE,Male,0,No,Yes,26,Yes,Yes,No,No internet service,No internet service,No internet service,No internet service,No internet service,No internet service,Two year,Yes,Credit card (automatic),26.9,597.79,No
8090-YFVH,Male,0,No,No,29,Yes,Yes,No,No internet service,No internet service,No internet service,No internet service,No internet service,No internet service,Two year,Yes,Electronic check,31.83,925.21,No
8783-RZIM,Male,0,Yes,Yes,10,Yes,No,No,No internet service,No internet service,No internet service,No internet service,No internet service,No internet service,Month-to-month,No,Bank transfer (automatic),25.04,241.03,No
6070-OKQK,Male,0,Yes,No,5,Yes,No,Fiber optic,No,Yes,Yes,Yes,No,No,Two year,No,Electronic check,89.44,384.29,Yes
2451-LQCD,Female,0,No,Yes,35,Yes,Yes,No,No internet service,No internet service,No internet service,No internet service,No internet service,No internet service,Month-to-month,Yes,Electronic check,30.44,960.32,No
5037-DOMI,Male,0,No,No,66,No,No phone service,Fiber optic,Yes,Yes,No,No,Yes,No,Month-to-month,Yes,Mailed check,81.88,5182.58,Yes
5735-QQMZ,Male,0,Yes,No,48,Yes,No,Fiber optic,Yes,No,No,No,Yes,No,Month-to-month,Yes,Bank transfer (automatic),86.71,3660.92,No
7934-VMYX,Male,0,No,No,37,Yes,No,DSL,No,Yes,Yes,No,Yes,Yes,Month-to-month,Yes,Credit card (automatic),75.13,2667.31,Yes
5595-WBAS,Female,0,No,No,68,Yes,Yes,Fiber optic,No,Yes,No,Yes,No,Yes,Two year,Yes,Electronic check,94.49,6287.53,No
1119-CAKJ,Female,0,Yes,No,26,Yes,Yes,DSL,No,No,No,Yes,No,Yes,Two year,Yes,Electronic check,64.63,1633.09,No
5560-DZQV,Female,0,Yes,No,17,No,No phone service,Fiber optic,No,No,Yes,No,No,No,Month-to-month,No,Electronic check,75.99,1307.6,Yes
1083-JZAF,Male,0,No,No,54,No,No phone service,No,No internet service,No internet service,No internet service,No internet service,No internet service,No internet service,One year,Yes,Electronic check,18.0,928.54,No
3770-BHQU,Male,0,No,No,47,Yes,No,DSL,No,Yes,No,No,Yes,No,Month-to-month,No,Credit card (automatic),71.01,3219.89,Yes
1674-OJXJ,Female,0,Yes,No,60,Yes,No,DSL,Yes,Yes,No,No,Yes,No,One year,Yes,Mailed check,69.3,3920.82,No
4767-XOVW,Female,0,No,No,16,Yes,Yes,Fiber optic,No,No,No,No,Yes,Yes,Month-to-month,Yes,Bank transfer (automatic),89.14,1409.81,Yes
2571-SBRC,Male,0,Yes,No,8,Yes,No,Fiber optic,No,No,No,Yes,Yes,No,Month-to-month,No,Mailed check,83.9,658.3,Yes
5579-TAHX,Female,0,No,No,57,Yes,Yes,Fiber optic,No,No,Yes,No,No,No,Month-to-month,Yes,Mailed check,72.73,4081.56,No
1074-FJTN,Female,0,Yes,No,23,No,No phone service,DSL,Yes,No,No,No,Yes,Yes,Month-to-month,Yes,Mailed check,64.53,1469.79,No
7240-TFXO,Female,0,Yes,Yes,45,Yes,Yes,No,No internet service,No internet service,No internet service,No internet service,No internet service,No internet service,Two year,No,Electronic check,24.17,997.72,No
6930-RVVF,Female,0,No,No,62,Yes,No,Fiber optic,No,No,Yes,No,No,Yes,One year,No,Bank transfer (automatic),80.11,4853.55,No
6343-VCMO,Female,0,Yes,Yes,34,Yes,Yes,DSL,No,No,Yes,No,No,No,Month-to-month,Yes,Mailed check,64.76,2175.79,No
8975-HTHF,Male,0,No,Yes,55,Yes,Yes,Fiber optic,No,No,No,Yes,Yes,No,Month-to-month,Yes,Bank transfer (automatic),97.19,5284.58,Yes
3231-LUVE,Female,0,Yes,No,26,Yes,No,No,No internet service,No internet service,No internet service,No internet service,No internet service,No internet service,Month-to-month,Yes,Electronic check,18.0,468.04,No
2776-YMXQ,Male,0,Yes,No,51,Yes,No,No,No internet service,No internet service,No internet service,No internet service,No internet service,No internet service,Two year,Yes,Bank transfer (automatic),32.64,1629.48,No
9559-MBVU,Female,0,Yes,No,45,Yes,No,Fiber optic,No,Yes,Yes,No,No,No,Two year,Yes,Mailed check,79.23,3298.98,No
4393-GSEE,Male,1,Yes,No,33,Yes,No,Fiber optic,No,No,No,Yes,No,Yes,One year,Yes,Bank transfer (automatic),78.61,2647.46,No
3846-HOXC,Male,1,No,Yes,37,Yes,Yes,No,No internet service,No internet service,No internet service,No internet service,No internet service,No internet service,Two year,No,Electronic check,33.63,1132.4,No
7290-KJME,Female,0,Yes,No,31,Yes,No,No,No internet service,No internet service,No internet service,No internet service,No internet service,No internet service,One year,Yes,Bank transfer (automatic),25.55,762.71,No
7632-CUKW,Female,1,No,No,57,Yes,Yes,DSL,Yes,No,No,No,No,No,Two year,Yes,Electronic check,63.25,3408.61,No
8782-RUJY,Female,0,No,No,19,Yes,No,DSL,No,No,Yes,Yes,Yes,No,One year,No,Electronic check,62.74,1133.16,Yes
5627-KGEZ,Male,0,Yes,No,58,Yes,Yes,Fiber optic,No,No,Yes,No,No,Yes,Two year,Yes,Bank transfer (automatic),84.38,4663.16,No
6830-ZJPB,Female,1,Yes,No,57,Yes,Yes,Fiber optic,Yes,Yes,No,No,Yes,Yes,Two year,No,Electronic check,101.36,5655.24,No
1890-OOUL,Male,0,No,Yes,59,Yes,No,No,No internet service,No internet service,No internet service,No internet service,No internet service,No internet service,Month-to-month,Yes,Mailed check,23.0,1252.8,No
2516-SIWN,Male,0,No,No,57,Yes,No,No,No internet service,No internet service,No internet service,No internet service,No internet service,No internet service,One year,No,Mailed check,25.61,1558.7,No
5361-ECSQ,Female,0,No,No,7,No,No phone service,DSL,No,No,No,No,Yes,Yes,Two year,Yes,Mailed check,59.83,383.53,No
3791-GMZE,Female,0,Yes,No,17,No,No phone service,DSL,No,Yes,Yes,No,Yes,Yes,Month-to-month,Yes,Bank transfer (automatic),62.32,985.41,No
7928-VLPC,Female,0,No,No,6,Yes,No,Fiber optic,Yes,Yes,No,No,Yes,Yes,Month-to-month,No,Bank transfer (automatic),100.02,569.41,Yes
1608-ZZTV,Male,1,No,Yes,35,Yes,No,Fiber optic,No,Yes,Yes,No,Yes,Yes,Month-to-month,No,Mailed check,98.53,3150.17,Yes
1450-GCJP,Male,0,No,No,30,Yes,No,DSL,No,Yes,Yes,No,No,Yes,One year,Yes,Bank transfer (automatic),62.63,1886.19,No
9404-PGYY,Male,0,No,No,23,No,No phone service,Fiber optic,Yes,Yes,Yes,Yes,Yes,Yes,Month-to-month,No,Electronic check,92.66,2114.97,Yes
4767-RZNS,Female,0,Yes,No,34,Yes,Yes,DSL,No,No,No,No,No,No,Month-to-month,Yes,Bank transfer (automatic),57.74,1856.94,Yes
6550-VPLO,Female,0,No,No,18,Yes,No,Fiber optic,No,Yes,Yes,No,Yes,Yes,One year,No,Bank transfer (automatic),100.31,1691.21,No
8993-QCJB,Female,0,No,No,48,Yes,No,Fiber optic,No,Yes,No,No,Yes,No,One year,No,Bank transfer (automatic),83.17,3794.15,No
3743-YVHJ,Female,0,Yes,No,42,Yes,No,No,No internet service,No internet service,No internet service,No internet service,No internet service,No internet service,Two year,No,Credit card (automatic),23.22,978.09,No
8710-ENPT,Male,0,No,No,32,Yes,Yes,No,No internet service,No internet service,No internet service,No internet service,No internet service,No internet service,Two year,No,Electronic check,34.17,990.91,No
9076-EEVR,Male,0,No,Yes,37,Yes,Yes,DSL,Yes,No,No,No,Yes,Yes,Two year,Yes,Mailed check,74.36,2831.34,No
8517-OHXQ,Female,1,Yes,No,25,Yes,No,Fiber optic,No,Yes,Yes,Yes,Yes,No,One year,Yes,Credit card (automatic),93.04,2433.47,Yes
4629-BMGU,Male,1,No,No,28,Yes,No,DSL,No,Yes,No,No,Yes,No,Month-to-month,No,Credit card (automatic),58.27,1587.32,No
2282-POSP,Female,0,Yes,No,56,Yes,Yes,Fiber optic,Yes,No,Yes,No,Yes,Yes,Month-to-month,No,Credit card (automatic),92.56,4895.1,Yes
7119-VLSH,Female,0,Yes,Yes,58,Yes,No,Fiber optic,No,No,No,No,No,No,Month-to-month,Yes,Mailed check,74.12,4144.41,No
8086-WXMN,Male,0,Yes,Yes,17,Yes,No,Fiber optic,No,Yes,No,Yes,Yes,Yes,Month-to-month,Yes,Mailed check,94.63,1517.27,No
8044-BZBB,Female,0,No,Yes,8,Yes,No,Fiber optic,No,Yes,Yes,No,No,Yes,Two year,No,Bank transfer (automatic),85.8,659.72,No
4155-QGUA,Male,0,Yes,No,30,Yes,Yes,No,No internet service,No internet service,No internet service,No internet service,No internet service,No internet service,Month-to-month,No,Mailed check,35.69,1021.6,Yes
3943-XIDC,Male,0,Yes,No,50,Yes,No,No,No internet service,No internet service,No internet service,No internet service,No internet service,No internet service,Month-to-month,Yes,Electronic check,28.4,1401.04,No
4077-WTVY,Male,0,Yes,No,46,Yes,No,No,No internet service,No internet service,No internet service,No internet service,No internet service,No internet service,One year,Yes,Electronic check,26.25,1128.98,No
6926-WKDD,Male,1,Yes,No,35,Yes,Yes,No,No internet service,No internet service,No internet service,No internet service,No internet service,No internet service,One year,Yes,Mailed check,28.93,1030.02,No
8478-QQMA,Male,0,No,Yes,10,Yes,No,No,No internet service,No internet service,No internet service,No internet service,No internet service,No internet service,Month-to-month,Yes,Mailed check,30.82,293.76,No
2273-HLQW,Male,0,No,No,54,Yes,Yes,DSL,No,No,Yes,No,Yes,Yes,Month-to-month,Yes,Electronic check,74.92,3788.28,No
5811-FFOW,Male,0,No,Yes,17,No,No phone service,Fiber optic,Yes,Yes,Yes,No,Yes,No,Two year,Yes,Credit card (automatic),85.05,1408.24,No
7573-CAQV,Male,0,No,No,54,Yes,No,Fiber optic,No,Yes,No,No,No,No,One year,Yes,Electronic check,79.87,3908.73,Yes
6534-OKTI,Male,1,No,Yes,28,Yes,No,DSL,No,Yes,No,No,Yes,No,One year,Yes,Bank transfer (automatic),53.81,1487.23,No
6961-HYVQ,Female,0,No,Yes,67,Yes,Yes,DSL,No,No,No,Yes,No,Yes,One year,No,Mailed check,68.59,4295.4,No
7448-QJSH,Male,0,Yes,No,38,Yes,Yes,Fiber optic,No,No,No,Yes,No,Yes,Month-to-month,No,Bank transfer (automatic),84.72,3198.74,No
6690-RWMI,Female,0,No,No,42,No,No phone service,DSL,No,No,Yes,Yes,Yes,No,Month-to-month,Yes,Credit card (automatic),64.6,2615.36,No
9971-JBOP,Female,0,No,No,63,Yes,Yes,No,No internet service,No internet service,No internet service,No internet service,No internet service,No internet service,Two year,Yes,Credit card (automatic),31.18,1821.86,No
7011-IICI,Male,0,No,No,23,Yes,No,DSL,Yes,No,Yes,No,No,Yes,Month-to-month,No,Credit card (automatic),61.54,1270.74,No
7803-YTCU,Male,1,Yes,No,9,Yes,No,DSL,Yes,Yes,Yes,No,No,Yes,Two year,Yes,Bank transfer (automatic),72.55,588.44,No
7056-CEPU,Male,0,Yes,No,1,Yes,No,Fiber optic,No,No,Yes,Yes,No,No,Month-to-month,Yes,Electronic check,81.02,75.17,Yes
1933-HOEX,Female,1,No,No,30,Yes,Yes,Fiber optic,No,Yes,No,Yes,Yes,No,Month-to-month,No,Mailed check,89.92,2450.69,No
7892-NRZV,Female,0,Yes,No,32,Yes,No,DSL,No,No,No,No,Yes,Yes,Two year,No,Bank transfer (automatic),67.78,2118.83,No
6840-KYHT,Male,0,No,No,46,Yes,No,DSL,No,Yes,Yes,No,Yes,No,Month-to-month,No,Bank transfer (automatic),70.35,3151.8,No
1046-EYYN,Male,0,No,No,50,Yes,Yes,No,No internet service,No internet service,No internet service,No internet service,No internet service,No internet service,Month-to-month,Yes,Electronic check,29.57,1430.76,No
4522-GYIT,Female,0,Yes,Yes,63,Yes,No,DSL,Yes,Yes,No,No,Yes,Yes,Month-to-month,No,Electronic check,73.75,4962.87,No
4771-ORSS,Male,0,No,No,38,Yes,Yes,No,No internet service,No internet service,No internet service,No internet service,No internet service,No internet service,Month-to-month,Yes,Electronic check,27.55,1009.19,No
1250-LBWK,Male,0,No,No,22,Yes,Yes,Fiber optic,Yes,Yes,No,No,No,No,Month-to-month,No,Bank transfer (automatic),86.97,1773.03,No
8288-FAQI,Male,1,Yes,No,61,Yes,No,DSL,Yes,Yes,No,Yes,No,Yes,One year,Yes,Bank transfer (automatic),63.86,4114.19,No
3650-QLWW,Male,0,Yes,No,67,Yes,No,Fiber optic,No,Yes,No,No,No,No,Month-to-month,Yes,Mailed check,83.51,5653.53,No
1804-FACI,Female,0,Yes,No,42,Yes,No,No,No internet service,No internet service,No internet service,No internet service,No internet service,No internet service,Two year,Yes,Mailed check,30.19,1238.39,No
7206-LHWN,Male,1,Yes,No,21,Yes,Yes,DSL,Yes,Yes,No,No,No,Yes,Month-to-month,Yes,Mailed check,70.41,1417.95,No
1204-JGQD,Male,0,No,No,64,Yes,Yes,DSL,Yes,No,Yes,No,Yes,No,Month-to-month,Yes,Mailed check,68.84,4392.95,No
3473-CPCJ,Male,0,Yes,Yes,51,Yes,Yes,DSL,Yes,Yes,No,No,No,Yes,Month-to-month,Yes,Mailed check,71.61,3405.02,No
7778-TVXP,Male,0,No,Yes,60,Yes,Yes,Fiber optic,No,No,No,No,Yes,No,Month-to-month,No,Credit card (automatic),80.68,4652.21,No
6749-XMIH,Male,0,Yes,Yes,36,Yes,No,DSL,Yes,No,No,Yes,No,Yes,Month-to-month,No,Mailed check,62.0,2071.45,No
6281-KOQE,Male,0,Yes,Yes,50,No,No phone service,DSL,No,No,Yes,No,No,No,Month-to-month,No,Bank transfer (automatic),46.97,2063.49,No
5697-AEXT,Male,0,Yes,Yes,25,Yes,No,DSL,No,Yes,No,No,No,No,Month-to-month,Yes,Bank transfer (automatic),53.95,1271.87,No
9024-CAAT,Male,0,No,No,48,No,No phone service,DSL,No,Yes,No,No,Yes,No,Month-to-month,Yes,Credit card (automatic),55.42,2519.92,No
6641-JIFB,Male,0,No,No,60,Yes,Yes,No,No internet service,No internet service,No internet service,No internet service,No internet service,No internet service,Month-to-month,No,Credit card (automatic),30.31,1842.98,No
8952-FKJV,Male,1,No,Yes,47,Yes,No,DSL,No,Yes,Yes,Yes,No,Yes,Month-to-month,Yes,Credit card (automatic),69.99,3130.69,No
2487-ONVV,Male,0,No,Yes,20,Yes,Yes,No,No internet service,No internet service,No internet service,No internet service,No internet service,No internet service,One year,Yes,Mailed check,31.52,610.4,No
8775-TIGH,Male,0,No,No,22,Yes,Yes,Fiber optic,Yes,No,Yes,No,Yes,Yes,Month-to-month,No,Credit card (automatic),104.97,2209.64,Yes
7391-SZTZ,Female,0,Yes,No,61,Yes,No,No,No internet service,No internet service,No internet service,No internet service,No internet service,No internet service,Month-to-month,No,Electronic check,25.34,1474.31,No
1607-KVBE,Female,0,No,Yes,13,Yes,Yes,DSL,Yes,Yes,Yes,No,Yes,Yes,Month-to-month,No,Electronic check,84.25,1045.98,Yes
7136-CDBE,Female,0,No,No,40,Yes,No,No,No internet service,No internet service,No internet service,No internet service,No internet service,No internet service,One year,No,Mailed check,19.45,733.39,No
5133-XWKZ,Male,0,No,Yes,42,No,No phone service,DSL,No,No,No,No,No,Yes,One year,No,Mailed check,53.03,1916.12,No
9068-PHQV,Female,0,No,No,53,Yes,No,DSL,No,No,No,Yes,No,No,Month-to-month,Yes,Bank transfer (automatic),53.54,2750.69,No
1922-RZJH,Male,0,Yes,No,6,Yes,Yes,DSL,No,Yes,No,Yes,No,Yes,Month-to-month,Yes,Mailed check,70.78,424.32,No
9213-HYAW,Female,0,No,Yes,11,Yes,No,Fiber optic,Yes,No,Yes,No,No,Yes,One year,Yes,Bank transfer (automatic),88.35,919.1,Yes
8146-DXHS,Male,0,Yes,Yes,56,Yes,No,Fiber optic,No,Yes,No,No,Yes,No,Month-to-month,Yes,Mailed check,82.73,4349.58,No
8724-QNHO,Male,1,No,No,20,Yes,Yes,DSL,No,Yes,No,No,Yes,No,One year,Yes,Bank transfer (automatic),71.81,1214.91,No
7972-GLEI,Male,0,Yes,Yes,11,Yes,Yes,No,No internet service,No internet service,No internet service,No internet service,No internet service,No internet service,Month-to-month,Yes,Credit card (automatic),25.7,283.43,No
8121-XWQX,Female,1,No,No,62,No,No phone service,Fiber optic,No,No,No,No,Yes,No,Month-to-month,No,Bank transfer (automatic),74.0,4344.91,Yes
1135-FXIZ,Male,0,Yes,Yes,13,Yes,No,DSL,Yes,No,Yes,Yes,Yes,No,One year,Yes,Mailed check,76.54,1044.97,No
4156-QYZV,Male,1,Yes,No,10,Yes,Yes,Fiber optic,No,Yes,Yes,No,No,No,Two year,Yes,Bank transfer (automatic),88.92,876.73,Yes
9627-CTXI,Male,0,Yes,Yes,24,Yes,Yes,Fiber optic,No,No,No,No,Yes,No,Month-to-month,Yes,Mailed check,82.05,1797.01,Yes
7687-EMLA,Female,0,Yes,No,57,Yes,No,DSL,No,No,Yes,Yes,Yes,No,Month-to-month,No,Mailed check,68.7,3985.16,No
1188-SAXY,Female,0,Yes,No,53,Yes,No,DSL,No,No,No,No,No,No,Two year,Yes,Electronic check,44.8,2271.02,No
8017-GUAL,Female,1,Yes,Yes,21,Yes,No,DSL,Yes,No,Yes,Yes,No,No,Two year,Yes,Electronic check,68.28,1406.21,No
7035-YXBY,Male,0,Yes,No,50,Yes,No,DSL,No,No,Yes,No,No,Yes,Two year,No,Mailed check,65.37,2987.54,No
3272-XFUP,Female,0,Yes,No,8,Yes,Yes,Fiber optic,No,No,Yes,No,No,No,Month-to-month,No,Bank transfer (automatic),80.97,644.08,Yes
4565-ODIH,Female,0,No,No,62,Yes,Yes,DSL,Yes,No,No,Yes,No,No,Two year,No,Credit card (automatic),71.53,4314.71,No
4579-RQCM,Female,0,Yes,No,68,Yes,Yes,Fiber optic,No,No,Yes,Yes,Yes,Yes,Two year,Yes,Electronic check,99.47,6504.29,No
6388-DSLR,Male,0,Yes,No,13,Yes,No,DSL,No,Yes,Yes,No,No,Yes,Month-to-month,No,Credit card (automatic),72.62,849.11,Yes
6662-JBRV,Female,0,No,No,32,Yes,Yes,Fiber optic,Yes,No,No,Yes,No,No,Month-to-month,No,Bank transfer (automatic),90.49,2743.82,Yes
1330-NFPP,Male,0,No,No,18,Yes,No,Fiber optic,No,No,Yes,No,No,No,Month-to-month,Yes,Credit card (automatic),81.34,1278.85,No
6655-GMZT,Male,0,No,No,33,Yes,Yes,Fiber optic,No,No,Yes,No,Yes,No,Month-to-month,No,Credit card (automatic),89.13,2864.18,Yes
7132-OQXY,Female,1,No,No,12,Yes,No,DSL,Yes,No,Yes,No,No,Yes,Two year,No,Credit card (automatic),64.0,730.62,No
3061-QKRL,Female,0,Yes,Yes,31,Yes,No,Fiber optic,Yes,No,Yes,No,No,No,Two year,Yes,Credit card (automatic),74.22,2192.49,No
8823-INXQ,Female,0,Yes,No,24,Yes,No,DSL,No,No,No,Yes,Yes,Yes,Two year,No,Electronic check,64.51,1429.6,No
4685-IGSV,Male,0,No,No,38,Yes,No,Fiber optic,No,Yes,No,Yes,Yes,Yes,Two year,No,Electronic check,97.49,3228.23,No
2228-IREF,Female,0,Yes,Yes,5,Yes,No,No,No internet service,No internet service,No internet service,No internet service,No internet service,No internet service,Month-to-month,No,Credit card (automatic),30.22,135.32,Yes
2075-RQPH,Female,0,No,No,62,Yes,Yes,Fiber optic,Yes,No,No,Yes,Yes,No,Month-to-month,Yes,Credit card (automatic),95.15,5543.89,No
5804-CKCJ,Female,0,No,No,24,Yes,No,Fiber optic,No,No,No,Yes,Yes,Yes,Month-to-month,No,Credit card (automatic),95.0,2270.14,Yes
2984-HLUA,Male,0,No,Yes,52,No,No phone service,DSL,Yes,No,Yes,No,No,No,Two year,No,Bank transfer (automatic),49.15,2371.87,No
9349-JNGV,Male,0,Yes,No,51,Yes,Yes,Fiber optic,No,No,No,No,Yes,Yes,Month-to-month,Yes,Electronic check,94.84,4805.67,No
2044-WLJR,Female,0,No,No,29,Yes,No,No,No internet service,No internet service,No internet service,No internet service,No internet service,No internet service,Two year,No,Bank transfer (automatic),26.87,769.49,No
6648-FVCR,Female,0,No,Yes,15,Yes,No,DSL,Yes,Yes,No,No,Yes,Yes,Two year,No,Electronic check,76.58,1154.22,Yes
2026-YKCA,Female,0,No,No,25,Yes,Yes,Fiber optic,Yes,Yes,No,Yes,No,Yes,Month-to-month,No,Credit card (automatic),95.33,2338.72,No
8556-WNCP,Female,0,Yes,No,60,Yes,No,DSL,Yes,Yes,Yes,No,No,Yes,Two year,No,Mailed check,61.75,3553.97,No
8624-OANG,Male,0,Yes,Yes,55,Yes,No,Fiber optic,No,No,No,No,No,Yes,One year,Yes,Bank transfer (automatic),75.23,3747.02,No
1415-QHRV,Male,0,Yes,Yes,8,Yes,No,Fiber optic,No,No,No,No,Yes,No,Month-to-month,No,Electronic check,70.78,562.11,Yes
6512-QZNW,Female,0,Yes,Yes,18,Yes,Yes,Fiber optic,No,Yes,Yes,No,Yes,No,One year,Yes,Electronic check,93.2,1543.19,Yes
8613-MXPC,Female,0,No,No,20,Yes,Yes,No,No internet service,No internet service,No internet service,No internet service,No internet service,No internet service,Month-to-month,No,Credit card (automatic),30.29,592.26,No
8252-NDRU,Female,0,No,No,57,No,No phone service,DSL,No,Yes,No,No,No,Yes,Month-to-month,No,Electronic check,55.73,2823.92,No
3065-UJOV,Female,0,Yes,No,32,Yes,No,Fiber optic,Yes,No,No,No,No,Yes,Two year,Yes,Bank transfer (automatic),81.87,2617.2,No
7241-OYVF,Female,0,Yes,No,29,Yes,No,Fiber optic,No,No,Yes,No,Yes,Yes,Month-to-month,No,Mailed check,99.61,2737.93,Yes
4736-ETBX,Male,0,Yes,No,30,Yes,No,Fiber optic,Yes,No,No,Yes,Yes,Yes,Month-to-month,Yes,Mailed check,97.0,2732.01,No
3052-BUMY,Female,0,No,No,26,Yes,Yes,No,No internet service,No internet service,No internet service,No internet service,No internet service,No internet service,Month-to-month,Yes,Electronic check,31.11,755.24,No
7399-FLRT,Female,1,Yes,No,11,Yes,No,DSL,No,Yes,Yes,Yes,No,No,Month-to-month,No,Bank transfer (automatic),64.64,678.0,Yes
6538-UHHZ,Female,1,No,No,44,Yes,No,Fiber optic,No,No,No,Yes,Yes,Yes,Month-to-month,No,Mailed check,98.95,3843.87,Yes
5037-KPYP,Male,0,No,No,46,Yes,No,DSL,Yes,Yes,Yes,No,Yes,Yes,Month-to-month,Yes,Credit card (automatic),78.34,3616.67,No
9624-JRCQ,Female,0,Yes,Yes,68,No,No phone service,Fiber optic,No,No,Yes,Yes,Yes,No,One year,No,Bank transfer (automatic),77.11,5011.64,No
6810-CMTF,Male,1,No,Yes,21,Yes,Yes,Fiber optic,No,Yes,Yes,Yes,Yes,No,Month-to-month,Yes,Mailed check,105.56,2177.11,Yes
3488-VQDV,Female,0,Yes,Yes,11,Yes,Yes,DSL,Yes,No,No,No,No,No,Month-to-month,Yes,Electronic check,55.29,591.95,No
9261-CYPB,Female,0,No,Yes,19,Yes,Yes,Fiber optic,No,Yes,Yes,Yes,No,No,One year,Yes,Credit card (automatic),95.07,1736.54,No
5016-PHRF,Male,1,No,Yes,13,Yes,Yes,Fiber optic,No,Yes,Yes,Yes,No,No,Month-to-month,Yes,Mailed check,91.29,1109.08,No
9873-SAPR,Female,0,Yes,Yes,23,Yes,Yes,DSL,No,No,Yes,Yes,No,No,One year,Yes,Mailed check,67.87,1443.21,No
5331-AXZP,Male,0,Yes,No,62,Yes,Yes,DSL,Yes,Yes,No,No,Yes,No,Month-to-month,No,Electronic check,66.51,4035.2,No
7475-DDKJ,Female,0,Yes,No,33,Yes,Yes,Fiber optic,Yes,No,No,Yes,No,Yes,Month-to-month,No,Electronic check,94.17,3049.51,No
4817-XRGS,Male,0,No,No,15,Yes,Yes,No,No internet service,No internet service,No internet service,No internet service,No internet service,No internet service,Month-to-month,Yes,Mailed check,35.45,510.89,No
4667-YDJO,Male,0,Yes,No,7,Yes,No,Fiber optic,No,No,Yes,No,No,Yes,Two year,Yes,Bank transfer (automatic),81.04,565.84,Yes
5839-YLZV,Female,0,Yes,No,46,Yes,No,Fiber optic,No,No,Yes,Yes,No,No,Two year,Yes,Electronic check,77.48,3233.69,No
9945-DJZE,Female,0,No,No,19,Yes,No,No,No internet service,No internet service,No internet service,No internet service,No internet service,No internet service,One year,No,Mailed check,23.68,464.03,No
5456-FWFS,Female,0,No,Yes,20,Yes,No,Fiber optic,No,No,No,Yes,Yes,No,Month-to-month,Yes,Electronic check,84.92,1635.26,Yes
9273-PRZY,Male,0,No,Yes,2,Yes,No,Fiber optic,No,No,Yes,Yes,Yes,No,Month-to-month,Yes,Electronic check,94.48,184.94,Yes
5541-JNYP,Male,0,Yes,Yes,38,Yes,No,Fiber optic,No,No,No,No,Yes,Yes,Month-to-month,Yes,Bank transfer (automatic),87.67,3438.59,Yes
7537-MTCE,Female,0,Yes,No,30,Yes,Yes,No,No internet service,No internet service,No internet service,No internet service,No internet service,No internet service,Month-to-month,Yes,Electronic check,35.17,1004.95,No
9655-PEIL,Female,0,Yes,No,62,No,No phone service,Fiber optic,No,No,Yes,No,Yes,Yes,One year,Yes,Mailed check,83.8,5097.21,No
2790-UICP,Male,1,No,No,23,Yes,No,Fiber optic,No,Yes,No,No,No,No,Month-to-month,No,Bank transfer (automatic),90.54,1847.68,Yes
2358-CGBO,Female,0,No,Yes,31,Yes,No,Fiber optic,No,No,Yes,No,No,Yes,Month-to-month,Yes,Mailed check,84.23,2481.81,No
9854-JSTZ,Male,1,Yes,No,39,Yes,No,DSL,No,Yes,No,Yes,No,No,Month-to-month,No,Electronic check,62.85,2514.31,No
4375-QZUN,Female,0,Yes,No,59,Yes,No,DSL,Yes,Yes,Yes,No,Yes,No,Two year,Yes,Mailed check,72.12,3989.83,No
8031-IGKE,Female,1,Yes,Yes,38,Yes,Yes,DSL,No,No,Yes,No,Yes,No,One year,No,Electronic check,71.32,2693.17,Yes
9634-NGFR,Female,1,No,No,56,Yes,No,Fiber optic,Yes,No,No,Yes,Yes,No,Two year,Yes,Electronic check,97.9,5179.87,No
5720-BCBX,Female,0,Yes,No,47,Yes,No,DSL,No,No,No,No,Yes,No,Month-to-month,No,Credit card (automatic),61.44,2869.2,No
8908-YTRX,Female,0,Yes,No,19,Yes,No,DSL,Yes,Yes,No,No,Yes,Yes,Month-to-month,No,Credit card (automatic),71.06,1267.88,Yes
7348-RAXN,Female,0,Yes,No,67,No,No phone service,Fiber optic,No,Yes,Yes,No,No,Yes,Month-to-month,No,Electronic check,83.42,5019.23,No
3273-TWEE,Male,0,Yes,No,67,Yes,Yes,Fiber optic,Yes,Yes,Yes,Yes,Yes,No,Month-to-month,Yes,Bank transfer (automatic),96.98,6205.65,No
7159-XRMQ,Male,0,Yes,No,21,Yes,Yes,Fiber optic,Yes,Yes,Yes,Yes,Yes,Yes,Month-to-month,Yes,Mailed check,110.39,2180.29,No
8811-KHAQ,Female,1,Yes,No,43,Yes,Yes,Fiber optic,No,Yes,Yes,No,Yes,No,Month-to-month,Yes,Credit card (automatic),95.62,4028.07,Yes
7842-PIYB,Female,0,Yes,No,58,Yes,No,Fiber optic,No,Yes,Yes,No,No,Yes,Month-to-month,Yes,Credit card (automatic),90.87,5180.0,Yes
8231-FTYD,Female,0,No,No,21,Yes,No,DSL,No,No,No,Yes,No,No,One year,No,Mailed check,51.74,1130.83,No
5852-KDXR,Male,0,No,No,28,No,No phone service,DSL,Yes,Yes,No,Yes,Yes,Yes,Two year,No,Bank transfer (automatic),68.31,1800.2,No
1799-NMJF,Female,0,Yes,No,48,Yes,Yes,Fiber optic,Yes,Yes,Yes,No,No,No,Month-to-month,Yes,Bank transfer (automatic),85.88,4082.83,No
4307-YEPH,Female,0,No,No,59,Yes,No,Fiber optic,No,Yes,No,Yes,No,Yes,Month-to-month,No,Mailed check,92.3,5017.51,No
1511-UKFZ,Male,0,Yes,No,34,Yes,No,Fiber optic,No,No,No,Yes,No,Yes,Two year,No,Credit card (automatic),83.43,2611.74,No
1076-CCCQ,Male,0,Yes,No,55,Yes,No,DSL,Yes,No,Yes,No,No,Yes,Month-to-month,Yes,Bank transfer (automatic),64.97,3331.27,No
2673-HLBD,Female,1,No,No,52,Yes,No,DSL,No,No,Yes,Yes,Yes,No,Month-to-month,Yes,Mailed check,71.01,3858.31,No
4263-MVRA,Female,0,Yes,No,21,Yes,No,DSL,No,Yes,No,Yes,Yes,Yes,One year,No,Electronic check,72.23,1402.48,No
8246-QEAR,Male,0,Yes,Yes,41,Yes,Yes,DSL,Yes,No,No,Yes,Yes,Yes,Month-to-month,Yes,Electronic check,79.04,3177.14,Yes
2115-ILZA,Male,0,No,Yes,5,Yes,No,Fiber optic,Yes,Yes,No,Yes,Yes,Yes,One year,Yes,Electronic check,95.05,441.3,No
6716-WZFF,Male,0,No,No,47,Yes,No,DSL,No,Yes,No,Yes,No,No,Month-to-month,Yes,Bank transfer (automatic),56.0,2760.77,No
4470-BOHG,Female,0,No,No,44,Yes,Yes,Fiber optic,No,Yes,Yes,Yes,Yes,Yes,Month-to-month,Yes,Mailed check,102.96,4516.48,No
2111-ERPO,Male,0,Yes,Yes,65,Yes,No,DSL,No,Yes,Yes,No,No,No,One year,Yes,Credit card (automatic),66.72,4172.43,No
1950-AQGA,Male,1,No,Yes,28,Yes,No,DSL,Yes,No,Yes,Yes,Yes,No,One year,No,Electronic check,69.63,1853.91,Yes
2107-SDUS,Male,0,No,No,37,Yes,Yes,Fiber optic,Yes,No,No,Yes,Yes,Yes,One year,Yes,Mailed check,102.19,3750.18,No
6771-QKEY,Male,0,No,No,72,Yes,Yes,DSL,Yes,No,Yes,No,No,No,Month-to-month,Yes,Electronic check,66.19,4698.38,Yes
7165-DWIB,Female,0,Yes,Yes,40,No,No phone service,DSL,Yes,Yes,No,No,No,No,One year,Yes,Mailed check,57.53,2424.25,No
7578-YTYN,Male,0,No,Yes,21,Yes,No,Fiber optic,No,No,No,Yes,No,Yes,Two year,Yes,Electronic check,77.51,1683.72,No
6334-UQQD,Female,0,No,No,35,Yes,Yes,Fiber optic,Yes,No,Yes,No,No,No,Month-to-month,Yes,Mailed check,89.9,2901.04,Yes
8416-UKEY,Male,0,No,Yes,41,Yes,No,Fiber optic,Yes,Yes,Yes,No,Yes,No,Two year,No,Electronic check,102.36,3984.13,Yes
5326-SJAK,Female,0,Yes,No,69,Yes,No,DSL,No,Yes,No,Yes,No,No,Two year,Yes,Electronic check,61.52,4006.88,No
1876-KAQW,Female,0,No,No,54,Yes,No,Fiber optic,No,No,No,No,No,Yes,Month-to-month,Yes,Mailed check,74.5,3990.94,Yes
9220-EFBK,Male,0,No,No,57,Yes,Yes,DSL,Yes,No,Yes,Yes,No,Yes,Two year,No,Electronic check,71.92,3864.79,No
8687-BNRS,Female,0,No,No,14,Yes,No,DSL,No,Yes,Yes,No,No,Yes,Two year,Yes,Mailed check,60.31,853.1,No
7826-ABZY,Male,0,No,No,38,No,No phone service,No,No internet service,No internet service,No internet service,No internet service,No internet service,No internet service,Month-to-month,No,Mailed check,18.0,642.62,No
3389-JOKW,Female,0,No,No,3,Yes,No,DSL,Yes,Yes,Yes,No,No,Yes,Two year,Yes,Credit card (automatic),67.87,192.32,Yes
2543-ZJWA,Female,0,Yes,No,47,Yes,Yes,Fiber optic,Yes,No,No,Yes,Yes,Yes,Month-to-month,Yes,Credit card (automatic),105.4,4691.4,No
1501-EWJX,Female,0,Yes,No,64,Yes,No,Fiber optic,No,No,No,No,Yes,No,Month-to-month,No,Mailed check,76.82,4920.85,No
5047-VTLI,Male,1,Yes,No,40,Yes,No,DSL,No,No,No,No,No,Yes,Month-to-month,No,Bank transfer (automatic),55.39,2083.64,No
8948-HEFG,Male,0,No,No,10,Yes,No,Fiber optic,No,Yes,No,No,Yes,No,One year,Yes,Bank transfer (automatic),79.95,842.16,No
9101-JEXU,Female,0,No,Yes,31,Yes,No,No,No internet service,No internet service,No internet service,No internet service,No internet service,No internet service,Two year,Yes,Mailed check,26.55,776.2,No
7085-ZGTI,Female,1,Yes,No,51,Yes,No,No,No internet service,No internet service,No internet service,No internet service,No internet service,No internet service,Month-to-month,Yes,Mailed check,26.27,1237.01,No
7310-EEGI,Male,1,No,No,46,Yes,No,DSL,Yes,No,No,No,Yes,Yes,Month-to-month,Yes,Electronic check,72.85,3389.83,No
8773-WZFD,Female,0,Yes,Yes,50,Yes,Yes,Fiber optic,Yes,Yes,Yes,Yes,Yes,No,Month-to-month,Yes,Credit card (automatic),102.29,4875.25,No
8842-CZVU,Female,1,Yes,Yes,46,Yes,Yes,DSL,Yes,Yes,No,No,Yes,No,Month-to-month,No,Credit card (automatic),73.51,3336.57,No
6041-RBIZ,Female,1,Yes,Yes,36,Yes,Yes,Fiber optic,No,Yes,No,No,Yes,Yes,Month-to-month,No,Mailed check,97.06,3327.04,Yes
6170-FUZC,Male,0,No,Yes,41,Yes,No,No,No internet service,No internet service,No internet service,No internet service,No internet service,No internet service,Month-to-month,No,Electronic check,30.77,1231.9,No
8979-ZGQR,Male,1,Yes,Yes,57,Yes,Yes,No,No internet service,No internet service,No internet service,No internet service,No internet service,No internet service,Month-to-month,No,Bank transfer (automatic),24.55,1398.67,No
8193-LGKB,Male,0,No,Yes,47,Yes,No,Fiber optic,Yes,Yes,Yes,Yes,No,Yes,One year,Yes,Mailed check,107.29,5000.25,No
3827-EGDA,Female,0,No,No,59,Yes,Yes,Fiber optic,Yes,Yes,No,No,No,No,Two year,Yes,Credit card (automatic),83.43,4805.68,No
8919-BBPA,Female,0,Yes,No,32,Yes,No,Fiber optic,Yes,No,Yes,No,Yes,Yes,Two year,Yes,Electronic check,97.41,3129.82,No
1925-NAIB,Male,0,Yes,Yes,34,No,No phone service,DSL,No,Yes,No,No,No,No,Month-to-month,Yes,Mailed check,46.32,1574.84,No
4727-THSM,Female,0,Yes,No,29,Yes,Yes,Fiber optic,Yes,Yes,No,No,No,Yes,Two year,Yes,Mailed check,95.95,2648.42,No
2009-PHET,Female,0,Yes,No,22,Yes,No,No,No internet service,No internet service,No internet service,No internet service,No internet service,No internet service,Month-to-month,No,Credit card (automatic),24.81,552.55,No
7739-UWPY,Male,0,No,Yes,66,Yes,Yes,Fiber optic,No,Yes,No,No,Yes,Yes,Month-to-month,Yes,Electronic check,94.83,6143.13,Yes
9994-YZEY,Female,0,Yes,No,56,Yes,No,Fiber optic,Yes,Yes,No,No,No,No,Month-to-month,Yes,Bank transfer (automatic),83.02,4495.97,No
7094-QOCX,Male,0,No,Yes,14,Yes,No,DSL,Yes,No,No,No,No,No,Two year,Yes,Mailed check,55.55,750.57,No
2933-JOYU,Male,0,No,No,27,Yes,Yes,No,No internet service,No internet service,No internet service,No internet service,No internet service,No internet service,One year,No,Mailed check,31.69,834.46,No
4211-BUHR,Male,0,No,No,61,Yes,Yes,Fiber optic,No,No,No,No,No,Yes,Month-to-month,Yes,Electronic check,83.72,4480.97,Yes
3135-YEES,Male,0,No,Yes,15,Yes,Yes,Fiber optic,Yes,Yes,No,Yes,Yes,No,Month-to-month,Yes,Bank transfer (automatic),94.23,1473.28,No
5325-QPVF,Female,0,Yes,No,6,Yes,No,Fiber optic,No,No,No,No,No,Yes,One year,Yes,Credit card (automatic),75.38,429.56,No
1900-QRAJ,Male,0,No,Yes,8,Yes,No,No,No internet service,No internet service,No internet service,No internet service,No internet service,No internet service,One year,No,Mailed check,24.56,191.86,No
9605-MMNV,Female,1,Yes,No,15,Yes,No,Fiber optic,No,Yes,Yes,No,Yes,Yes,Month-to-month,Yes,Mailed check,103.06,1433.35,Yes
4515-NMZK,Male,0,No,No,59,No,No phone service,No,No internet service,No internet service,No internet service,No internet service,No internet service,No internet service,Two year,Yes,Mailed check,19.89,1067.48,No
7155-DEME,Male,0,Yes,No,28,Yes,No,Fiber optic,No,No,Yes,No,Yes,Yes,One year,Yes,Mailed check,84.37,2247.11,Yes
2768-ZHCV,Female,0,No,Yes,28,Yes,Yes,No,No internet service,No internet service,No internet service,No internet service,No internet service,No internet service,Month-to-month,Yes,Mailed check,27.61,746.5,No
2789-UNWA,Female,0,No,No,3,Yes,No,Fiber optic,No,Yes,No,No,No,Yes,Two year,Yes,Credit card (automatic),86.21,255.37,No
2314-JZQQ,Female,1,Yes,No,31,Yes,No,No,No internet service,No internet service,No internet service,No internet service,No internet service,No internet service,Month-to-month,Yes,Mailed check,25.63,691.35,No
9285-FSHA,Female,0,Yes,Yes,63,Yes,No,Fiber optic,No,No,No,No,Yes,No,Month-to-month,Yes,Credit card (automatic),77.14,5030.03,No
1682-VFNE,Male,0,Yes,No,21,Yes,Yes,DSL,No,No,Yes,Yes,Yes,No,Two year,Yes,Electronic check,80.31,1644.64,No
5814-RMEF,Female,1,Yes,No,16,Yes,Yes,DSL,Yes,Yes,Yes,No,No,Yes,Month-to-month,No,Electronic check,75.27,1117.3,Yes
5064-XBOL,Male,1,Yes,Yes,24,No,No phone service,No,No internet service,No internet service,No internet service,No internet service,No internet service,No internet service,Month-to-month,Yes,Electronic check,21.03,474.54,No
9188-DOCC,Female,0,No,No,67,Yes,No,Fiber optic,No,Yes,No,Yes,No,No,Month-to-month,Yes,Mailed check,83.65,5475.6,Yes
5873-LABQ,Male,0,No,Yes,23,Yes,No,Fiber optic,No,No,Yes,No,No,No,One year,Yes,Credit card (automatic),81.46,1853.14,No
7468-EPHO,Male,1,Yes,No,46,Yes,Yes,DSL,Yes,No,No,No,No,Yes,Month-to-month,No,Bank transfer (automatic),70.42,3104.49,Yes
3229-FSLJ,Female,1,Yes,No,32,No,No phone service,DSL,Yes,No,Yes,Yes,No,Yes,Month-to-month,Yes,Electronic check,63.5,1974.06,Yes
1268-UOWK,Male,0,No,Yes,23,No,No phone service,Fiber optic,Yes,No,No,Yes,Yes,Yes,Month-to-month,No,Bank transfer (automatic),89.72,2031.05,No
3481-GNBY,Male,0,Yes,Yes,32,Yes,No,Fiber optic,Yes,No,Yes,No,No,No,Month-to-month,No,Mailed check,82.55,2414.31,No
7668-XFVX,Male,0,Yes,No,40,Yes,No,Fiber optic,Yes,No,No,No,Yes,No,Two year,Yes,Mailed check,83.23,2884.03,No
6349-HVWQ,Male,0,No,No,61,Yes,Yes,No,No internet service,No internet service,No internet service,No internet service,No internet service,No internet service,One year,No,Electronic check,27.81,1576.3,No
5125-VETB,Male,0,No,Yes,3,Yes,Yes,No,No internet service,No internet service,No internet service,No internet service,No internet service,No internet service,Month-to-month,Yes,Credit card (automatic),25.3,73.47,Yes
2725-YDFX,Female,1,Yes,No,47,Yes,Yes,DSL,No,No,Yes,No,No,Yes,One year,No,Electronic check,64.99,3122.8,No
6221-QPBN,Male,0,Yes,No,32,Yes,Yes,Fiber optic,No,No,No,No,Yes,Yes,Two year,Yes,Electronic check,91.22,2927.08,No
2141-FOCY,Female,0,No,Yes,39,Yes,Yes,Fiber optic,Yes,No,Yes,No,Yes,No,Month-to-month,Yes,Bank transfer (automatic),85.72,2998.97,No
9392-ZRHU,Male,0,No,No,50,Yes,No,Fiber optic,No,Yes,No,No,Yes,No,Month-to-month,Yes,Credit card (automatic),85.75,4094.31,Yes
5893-QDAM,Female,0,Yes,No,37,Yes,Yes,Fiber optic,Yes,Yes,No,Yes,Yes,Yes,Two year,No,Electronic check,109.88,4057.32,No
1997-XAHT,Male,1,No,No,63,Yes,No,No,No internet service,No internet service,No internet service,No internet service,No internet service,No internet service,One year,Yes,Mailed check,23.93,1506.51,No
7515-PBSP,Female,0,Yes,No,13,Yes,No,No,No internet service,No internet service,No internet service,No internet service,No internet service,No internet service,Two year,No,Electronic check,27.43,331.6,No
6002-OREA,Male,0,Yes,No,34,Yes,Yes,Fiber optic,Yes,Yes,Yes,No,Yes,No,Two year,No,Credit card (automatic),99.64,3173.3,No
4128-PBII,Female,0,No,No,34,Yes,No,No,No internet service,No internet service,No internet service,No internet service,No internet service,No internet service,Month-to-month,No,Credit card (automatic),24.68,811.73,No
3224-UWRQ,Female,0,No,No,46,Yes,Yes,Fiber optic,No,Yes,No,No,Yes,Yes,Two year,Yes,Mailed check,106.55,4836.08,No
8045-XIUA,Female,0,No,No,23,Yes,Yes,DSL,Yes,No,No,Yes,No,No,One year,Yes,Credit card (automatic),57.78,1273.85,No
2058-GAZA,Female,0,No,No,32,Yes,No,No,No internet service,No internet service,No internet service,No internet service,No internet service,No internet service,One year,Yes,Credit card (automatic),27.11,862.34,No
5794-UQHM,Female,0,No,Yes,38,Yes,No,Fiber optic,No,Yes,Yes,No,Yes,Yes,Month-to-month,No,Bank transfer (automatic),91.9,3464.72,Yes
6932-PYZV,Male,0,No,No,57,Yes,No,Fiber optic,Yes,Yes,No,No,No,Yes,Month-to-month,Yes,Mailed check,94.7,5151.2,Yes
4783-YADH,Female,1,Yes,Yes,37,No,No phone service,No,No internet service,No internet service,No internet service,No internet service,No internet service,No internet service,Two year,Yes,Electronic check,18.0,641.59,No
1195-VFYL,Female,0,No,Yes,57,Yes,No,Fiber optic,No,No,Yes,Yes,Yes,No,Two year,Yes,Electronic check,88.93,4625.72,No
2816-PBXJ,Male,1,Yes,Yes,63,Yes,Yes,Fiber optic,Yes,No,Yes,No,No,No,Month-to-month,No,Credit card (automatic),92.22,5877.77,No
7845-BSPU,Female,0,No,No,46,Yes,Yes,Fiber optic,No,No,No,No,No,Yes,Two year,Yes,Credit card (automatic),87.13,4221.98,No
1961-UOFZ,Female,0,Yes,No,60,Yes,Yes,DSL,No,Yes,Yes,Yes,Yes,No,Month-to-month,No,Electronic check,77.05,4646.6,No
1991-ZCBF,Female,1,No,No,29,Yes,No,DSL,No,No,Yes,Yes,Yes,Yes,One year,No,Bank transfer (automatic),79.14,2334.9,No
2767-LERP,Female,0,No,No,28,No,No phone service,DSL,Yes,No,No,No,Yes,Yes,Month-to-month,No,Credit card (automatic),64.17,1698.21,Yes
4445-QOZG,Male,0,No,Yes,9,No,No phone service,No,No internet service,No internet service,No internet service,No internet service,No internet service,No internet service,One year,Yes,Credit card (automatic),18.0,158.03,No
8051-DTUI,Male,0,Yes,No,24,Yes,Yes,Fiber optic,No,Yes,No,No,Yes,No,Month-to-month,No,Electronic check,95.43,2153.35,Yes
6171-ZSHK,Male,1,Yes,No,33,Yes,No,No,No internet service,No internet service,No internet service,No internet service,No internet service,No internet service,Month-to-month,No,Electronic check,35.42,1114.88,No
1281-TGYG,Female,1,Yes,No,71,Yes,Yes,No,No internet service,No internet service,No internet service,No internet service,No internet service,No internet service,Month-to-month,No,Electronic check,28.56,1916.24,No
6499-IDGH,Female,0,Yes,No,59,Yes,No,DSL,Yes,No,Yes,No,Yes,Yes,Month-to-month,Yes,Mailed check,79.91,4316.5,No
9242-AIQS,Male,0,Yes,No,49,Yes,No,Fiber optic,No,No,No,No,No,No,Two year,No,Mailed check,72.97,3362.19,No
3130-UMON,Male,0,Yes,No,33,Yes,Yes,No,No internet service,No internet service,No internet service,No internet service,No internet service,No internet service,Month-to-month,No,Credit card (automatic),31.15,986.63,No
1356-ZBBN,Male,0,No,No,48,Yes,No,Fiber optic,Yes,No,Yes,No,No,Yes,Month-to-month,No,Mailed check,87.59,4046.46,No
3314-LSAG,Male,0,Yes,Yes,53,Yes,Yes,DSL,No,No,Yes,No,Yes,No,One year,Yes,Bank transfer (automatic),67.1,3472.58,No
7629-SZMY,Male,0,Yes,No,57,Yes,No,DSL,Yes,Yes,No,Yes,No,No,Two year,No,Credit card (automatic),63.29,3338.14,No
6382-ITQL,Male,0,No,No,50,No,No phone service,DSL,Yes,No,Yes,No,No,Yes,Month-to-month,Yes,Mailed check,65.66,3143.91,No
1448-YVER,Female,0,Yes,No,34,Yes,No,Fiber optic,No,Yes,No,Yes,No,Yes,One year,No,Electronic check,91.47,2869.94,No
5991-APJT,Male,0,No,No,20,Yes,Yes,No,No internet service,No internet service,No internet service,No internet service,No internet service,No internet service,One year,Yes,Credit card (automatic),26.83,542.14,No
9682-NWIC,Male,0,No,Yes,34,Yes,No,No,No internet service,No internet service,No internet service,No internet service,No internet service,No internet service,Month-to-month,Yes,Credit card (automatic),29.58,978.14,No
1476-EZPU,Male,0,No,No,12,Yes,Yes,DSL,Yes,Yes,Yes,Yes,Yes,No,Month-to-month,Yes,Credit card (automatic),86.35,1001.17,Yes
1553-ENXE,Male,0,Yes,Yes,23,Yes,Yes,DSL,Yes,No,No,Yes,No,No,Two year,No,Credit card (automatic),67.01,1527.98,No
1931-SRLK,Female,0,Yes,Yes,39,Yes,Yes,DSL,Yes,Yes,Yes,No,No,Yes,One year,Yes,Electronic check,78.19,2911.14,No
3530-ABWT,Female,0,No,No,21,Yes,No,Fiber optic,No,No,No,Yes,No,No,Month-to-month,Yes,Electronic check,74.9,1491.93,No
2432-WHQJ,Male,1,No,Yes,53,Yes,No,DSL,No,Yes,No,No,No,No,One year,Yes,Electronic check,56.71,3078.06,Yes
2180-BMKU,Female,0,Yes,Yes,55,Yes,Yes,DSL,No,No,Yes,No,No,No,Month-to-month,Yes,Mailed check,56.72,2757.37,No
7713-DYNF,Female,0,No,Yes,5,No,No phone service,DSL,No,No,Yes,No,No,Yes,One year,No,Electronic check,60.9,281.35,No
2471-YQWJ,Female,0,No,No,50,Yes,No,No,No internet service,No internet service,No internet service,No internet service,No internet service,No internet service,Two year,Yes,Bank transfer (automatic),30.02,1345.08,No
6220-EOBD,Male,1,Yes,No,26,Yes,No,Fiber optic,Yes,No,No,Yes,Yes,No,Month-to-month,No,Electronic check,87.56,2115.56,No
1967-SKMR,Male,0,Yes,No,52,Yes,Yes,Fiber optic,No,No,No,No,No,No,Two year,Yes,Electronic check,77.06,3954.97,No
8620-UJAL,Male,0,No,No,41,Yes,Yes,Fiber optic,No,Yes,Yes,Yes,Yes,Yes,Month-to-month,Yes,Bank transfer (automatic),99.41,3882.15,Yes
3139-TOHT,Male,0,No,No,48,Yes,No,No,No internet service,No internet service,No internet service,No internet service,No internet service,No internet service,Month-to-month,Yes,Electronic check,28.68,1295.57,No
1239-ELKZ,Male,0,No,Yes,29,Yes,Yes,DSL,Yes,Yes,Yes,Yes,Yes,Yes,Two year,No,Electronic check,86.7,2607.87,No
7186-QWZB,Male,0,No,No,47,Yes,Yes,Fiber optic,No,Yes,No,No,No,No,Month-to-month,No,Electronic check,84.94,3905.35,Yes
1424-OARZ,Male,0,Yes,Yes,53,Yes,No,Fiber optic,No,Yes,No,No,Yes,No,One year,Yes,Mailed check,87.41,4527.16,No
8530-MADI,Male,0,Yes,No,41,No,No phone service,Fiber optic,Yes,No,No,No,Yes,No,Two year,No,Mailed check,81.89,3319.82,No
2763-JXRY,Female,1,No,No,1,Yes,No,Fiber optic,No,No,Yes,No,No,Yes,One year,Yes,Electronic check,81.86,78.62,No
1533-RJAL,Male,0,Yes,No,33,No,No phone service,No,No internet service,No internet service,No internet service,No internet service,No internet service,No internet service,Two year,Yes,Credit card (automatic),18.46,609.15,No
2834-FRLZ,Male,0,No,No,49,Yes,Yes,DSL,Yes,No,No,No,No,No,Month-to-month,Yes,Electronic check,61.95,2961.37,Yes
1662-SDOD,Female,0,No,No,12,Yes,Yes,DSL,Yes,Yes,No,No,Yes,Yes,Two year,No,Mailed check,69.29,826.41,No
9920-ZLRU,Female,0,No,No,55,Yes,Yes,No,No internet service,No internet service,No internet service,No internet service,No internet service,No internet service,Month-to-month,Yes,Electronic check,30.8,1516.41,No
9420-BZCW,Female,0,Yes,Yes,18,Yes,Yes,No,No internet service,No internet service,No internet service,No internet service,No internet service,No internet service,One year,Yes,Electronic check,28.94,455.47,No
6637-TWCE,Male,0,No,No,46,Yes,Yes,DSL,No,No,No,No,No,No,Two year,No,Credit card (automatic),58.41,2436.84,No
9314-FPSW,Male,0,No,Yes,18,Yes,Yes,No,No internet service,No internet service,No internet service,No internet service,No internet service,No internet service,Two year,No,Electronic check,25.65,436.39,No
1236-ISWB,Female,0,No,Yes,55,Yes,No,DSL,No,Yes,Yes,Yes,Yes,Yes,Month-to-month,Yes,Electronic check,80.48,4158.2,No
2790-XCPN,Male,0,No,No,60,Yes,Yes,Fiber optic,No,Yes,No,No,Yes,No,Month-to-month,Yes,Electronic check,85.09,5121.25,Yes
5907-UTOU,Male,0,Yes,Yes,40,Yes,No,DSL,No,No,Yes,Yes,No,Yes,One year,Yes,Bank transfer (automatic),62.35,2414.95,No
8552-KFEI,Male,0,Yes,No,56,Yes,Yes,No,No internet service,No internet service,No internet service,No internet service,No internet service,No internet service,One year,No,Mailed check,27.7,1506.04,No
7010-EPUK,Female,0,No,No,12,Yes,No,DSL,No,No,Yes,Yes,No,No,Two year,Yes,Mailed check,51.74,610.98,No
6538-JEIU,Male,0,No,No,48,Yes,Yes,DSL,Yes,Yes,Yes,No,No,Yes,One year,No,Credit card (automatic),72.8,3362.29,No
7862-CZYI,Male,0,No,Yes,11,Yes,No,Fiber optic,No,No,No,No,No,No,Month-to-month,Yes,Mailed check,61.37,627.67,No
7167-LCKW,Female,1,No,Yes,39,No,No phone service,No,No internet service,No internet service,No internet service,No internet service,No internet service,No internet service,Two year,No,Bank transfer (automatic),18.0,671.54,No
8500-WPBA,Male,0,Yes,No,4,Yes,No,No,No internet service,No internet service,No internet service,No internet service,No internet service,No internet service,Month-to-month,No,Bank transfer (automatic),19.92,68.67,No
6065-QWOV,Female,0,No,No,11,Yes,No,Fiber optic,No,No,No,No,Yes,Yes,Two year,Yes,Credit card (automatic),89.08,997.67,No
1269-GNTX,Male,0,Yes,Yes,51,Yes,Yes,DSL,Yes,No,No,Yes,Yes,No,Month-to-month,Yes,Electronic check,70.95,3384.18,Yes
3131-DFTD,Female,0,No,No,26,Yes,Yes,Fiber optic,No,No,Yes,No,No,No,Month-to-month,No,Bank transfer (automatic),84.38,2188.8,Yes
4396-DEEG,Female,1,No,No,41,Yes,Yes,Fiber optic,No,No,Yes,No,Yes,No,One year,Yes,Electronic check,91.61,3498.23,No
8061-BTMJ,Male,1,Yes,No,42,No,No phone service,Fiber optic,No,Yes,Yes,Yes,No,Yes,Month-to-month,No,Bank transfer (automatic),91.32,3750.7,No
5202-NTTJ,Female,0,No,Yes,43,Yes,No,No,No internet service,No internet service,No internet service,No internet service,No internet service,No internet service,Month-to-month,No,Electronic check,26.43,1052.96,No
9289-NWXF,Female,0,Yes,No,57,Yes,No,No,No internet service,No internet service,No internet service,No internet service,No internet service,No internet service,Month-to-month,No,Bank transfer (automatic),28.47,1562.37,No
6180-KCIT,Male,0,Yes,Yes,47,Yes,No,Fiber optic,No,No,Yes,Yes,Yes,Yes,Month-to-month,No,Credit card (automatic),91.07,4301.72,No
3037-SKXK,Male,0,No,Yes,7,Yes,Yes,DSL,No,No,Yes,No,No,Yes,One year,No,Bank transfer (automatic),70.1,440.58,No
9242-IOWS,Female,0,No,No,3,Yes,No,Fiber optic,No,Yes,No,Yes,No,Yes,Month-to-month,Yes,Mailed check,94.2,277.05,Yes
5605-RSJS,Male,0,Yes,Yes,27,Yes,No,Fiber optic,No,Yes,Yes,Yes,No,Yes,Two year,No,Electronic check,89.45,2222.7,No
2094-NKLI,Male,0,Yes,No,28,Yes,Yes,Fiber optic,No,Yes,Yes,No,Yes,No,Month-to-month,No,Bank transfer (automatic),101.94,2765.3,No
7039-MAUD,Male,0,Yes,No,2,Yes,Yes,DSL,No,Yes,No,No,No,Yes,Two year,Yes,Electronic check,66.18,124.94,No
8996-ZKPX,Female,0,No,No,21,No,No phone service,Fiber optic,Yes,No,No,Yes,Yes,No,Two year,No,Bank transfer (automatic),78.14,1525.9,No
6462-VXHG,Male,0,No,No,24,Yes,No,DSL,No,Yes,No,Yes,Yes,Yes,Month-to-month,Yes,Bank transfer (automatic),78.45,1832.72,No
7292-VZKA,Male,0,Yes,Yes,61,Yes,Yes,DSL,No,No,No,No,No,Yes,Month-to-month,No,Credit card (automatic),59.44,3779.38,No
8067-AGNA,Female,0,Yes,Yes,33,Yes,No,Fiber optic,No,Yes,No,No,Yes,Yes,Month-to-month,Yes,Mailed check,89.2,2820.13,Yes
1791-EBDV,Female,0,No,Yes,56,Yes,Yes,Fiber optic,No,Yes,Yes,Yes,Yes,Yes,One year,No,Credit card (automatic),101.23,5281.58,No
8402-UNRC,Female,0,No,No,62,Yes,No,Fiber optic,No,Yes,No,No,No,Yes,Two year,Yes,Electronic check,83.27,4887.46,No
3551-YYOM,Male,0,No,No,48,Yes,Yes,No,No internet service,No internet service,No internet service,No internet service,No internet service,No internet service,Month-to-month,Yes,Electronic check,31.06,1386.54,No
9171-SUOA,Female,0,Yes,Yes,55,Yes,Yes,No,No internet service,No internet service,No internet service,No internet service,No internet service,No internet service,Month-to-month,No,Electronic check,31.3,1523.17,No
9076-FBKM,Female,0,No,No,20,Yes,Yes,Fiber optic,No,Yes,Yes,No,No,No,Two year,Yes,Mailed check,87.81,1536.86,No
4943-QOIM,Female,0,Yes,Yes,54,Yes,No,DSL,Yes,Yes,No,No,Yes,No,Two year,No,Credit card (automatic),64.59,3514.9,No
6921-FRBQ,Female,0,Yes,Yes,0,Yes,No,DSL,Yes,No,No,Yes,No,No,Month-to-month,Yes,Mailed check,61.87,,No
7302-JDGN,Female,0,No,No,23,Yes,No,Fiber optic,No,No,No,No,No,Yes,Month-to-month,No,Electronic check,87.71,1944.94,Yes
2569-QHSK,Female,0,Yes,Yes,15,Yes,No,DSL,No,Yes,Yes,No,Yes,Yes,Month-to-month,Yes,Credit card (automatic),73.76,1082.19,No
3791-QMLR,Female,0,Yes,No,58,Yes,No,Fiber optic,Yes,Yes,Yes,No,No,Yes,Two year,No,Bank transfer (automatic),89.94,5068.28,No
3786-SNHH,Female,0,No,No,56,Yes,No,No,No internet service,No internet service,No internet service,No internet service,No internet service,No internet service,Month-to-month,No,Electronic check,21.46,1148.63,No
4033-LUEL,Male,0,No,No,26,Yes,Yes,Fiber optic,Yes,Yes,Yes,Yes,No,Yes,Two year,Yes,Mailed check,102.75,2445.69,No
9016-TNAP,Female,0,Yes,No,10,Yes,No,Fiber optic,No,Yes,Yes,No,No,No,Month-to-month,Yes,Mailed check,77.28,772.69,Yes
4021-IEMT,Female,0,Yes,No,29,Yes,Yes,Fiber optic,Yes,Yes,Yes,No,No,No,Month-to-month,No,Credit card (automatic),95.33,2743.84,Yes
3539-TYBK,Male,0,Yes,No,1,Yes,No,Fiber optic,Yes,Yes,Yes,No,No,No,Two year,Yes,Electronic check,88.82,87.17,No
8664-WLJA,Female,0,Yes,Yes,9,Yes,Yes,DSL,No,Yes,No,No,No,Yes,Two year,Yes,Mailed check,58.87,491.99,No
5700-UHZP,Male,0,No,Yes,46,Yes,Yes,No,No internet service,No internet service,No internet service,No internet service,No internet service,No internet service,Month-to-month,Yes,Credit card (automatic),35.58,1486.42,No
9244-ONSF,Female,0,No,Yes,71,Yes,No,Fiber optic,No,Yes,No,Yes,No,Yes,Month-to-month,Yes,Bank transfer (automatic),89.43,6067.37,Yes
4504-FXUB,Male,0,Yes,No,32,Yes,No,No,No internet service,No internet service,No internet service,No internet service,No internet service,No internet service,Month-to-month,Yes,Bank transfer (automatic),26.36,818.2,No
2434-FOQE,Female,0,No,Yes,28,Yes,Yes,Fiber optic,Yes,Yes,Yes,Yes,No,No,One year,Yes,Mailed check,95.54,2662.05,No
8361-PPPC,Male,1,No,No,43,Yes,Yes,DSL,Yes,Yes,Yes,No,No,No,Month-to-month,No,Bank transfer (automatic),73.12,3073.26,Yes
4329-DWMB,Female,0,Yes,No,51,Yes,Yes,Fiber optic,Yes,Yes,Yes,Yes,No,Yes,Month-to-month,No,Electronic check,94.34,4680.69,No
1012-NORV,Female,1,Yes,Yes,15,Yes,No,Fiber optic,No,No,Yes,Yes,Yes,No,One year,Yes,Bank transfer (automatic),92.41,1351.94,Yes
4790-TXQH,Male,0,Yes,No,47,Yes,No,No,No internet service,No internet service,No internet service,No internet service,No internet service,No internet service,Month-to-month,Yes,Bank transfer (automatic),28.3,1283.78,No
9446-VHCE,Male,1,No,Yes,37,Yes,No,Fiber optic,No,Yes,Yes,Yes,No,No,Month-to-month,Yes,Mailed check,86.99,2887.72,No
5386-YFKM,Female,0,Yes,Yes,62,Yes,No,No,No internet service,No internet service,No internet service,No internet service,No internet service,No internet service,Month-to-month,Yes,Credit card (automatic),34.07,2115.1,No
8824-VBFR,Female,0,No,Yes,20,Yes,No,DSL,No,Yes,Yes,No,Yes,No,Month-to-month,Yes,Bank transfer (automatic),64.92,1207.08,Yes
1821-YUWL,Female,0,Yes,Yes,57,Yes,No,Fiber optic,No,No,Yes,No,Yes,Yes,Month-to-month,No,Electronic check,87.11,5067.83,No
6485-YHYI,Female,0,Yes,No,9,Yes,No,DSL,Yes,No,No,No,Yes,No,Month-to-month,No,Mailed check,56.96,501.5,No
4208-BJHF,Female,0,No,Yes,19,Yes,Yes,DSL,No,Yes,Yes,No,Yes,No,Month-to-month,Yes,Electronic check,76.14,1366.18,Yes
5201-AKJV,Male,0,Yes,No,47,Yes,No,DSL,No,Yes,No,No,No,No,Month-to-month,No,Mailed check,53.49,2466.32,No
6585-LPSX,Female,0,No,Yes,18,No,No phone service,DSL,No,Yes,Yes,No,No,No,Month-to-month,Yes,Credit card (automatic),45.61,830.34,No
7277-YIXF,Male,0,No,No,37,No,No phone service,No,No internet service,No internet service,No internet service,No internet service,No internet service,No internet service,Two year,Yes,Electronic check,18.0,637.43,No
8197-LSZY,Female,0,No,No,50,Yes,No,No,No internet service,No internet service,No internet service,No internet service,No internet service,No internet service,Month-to-month,No,Bank transfer (automatic),28.34,1155.35,No
2959-BTOG,Female,0,Yes,Yes,48,Yes,Yes,DSL,Yes,No,Yes,Yes,No,No,Month-to-month,Yes,Electronic check,76.43,3654.05,No
9647-ZBFH,Female,0,No,No,45,Yes,No,Fiber optic,No,No,Yes,Yes,Yes,Yes,Month-to-month,Yes,Credit card (automatic),88.61,4034.84,Yes
9508-HWSM,Male,0,No,Yes,50,No,No phone service,DSL,No,Yes,Yes,Yes,No,Yes,Two year,Yes,Bank transfer (automatic),62.89,3062.4,No
1863-GSUR,Male,0,Yes,No,40,Yes,Yes,Fiber optic,Yes,No,No,Yes,No,No,Two year,No,Credit card (automatic),90.09,3228.04,No
1441-HZPZ,Female,0,No,No,26,Yes,No,No,No internet service,No internet service,No internet service,No internet service,No internet service,No internet service,Two year,Yes,Bank transfer (automatic),27.7,708.86,No
3866-PIKQ,Female,0,No,Yes,51,Yes,Yes,Fiber optic,No,No,Yes,No,Yes,No,Month-to-month,No,Electronic check,89.41,4461.94,Yes
9416-HXUM,Male,0,Yes,No,61,Yes,Yes,No,No internet service,No internet service,No internet service,No internet service,No internet service,No internet service,Month-to-month,Yes,Credit card (automatic),32.68,1943.33,No
3897-AEFP,Male,0,Yes,No,35,Yes,Yes,DSL,No,No,Yes,No,No,No,Month-to-month,Yes,Electronic check,60.51,2114.64,Yes
8610-VAVC,Female,0,No,Yes,49,Yes,No,DSL,Yes,No,Yes,Yes,No,Yes,Month-to-month,No,Credit card (automatic),67.29,3167.65,No
8439-WEMV,Male,0,No,Yes,37,Yes,No,No,No internet service,No internet service,No internet service,No internet service,No internet service,No internet service,Two year,Yes,Credit card (automatic),27.92,999.02,No
6872-LIAD,Male,0,Yes,No,14,Yes,No,DSL,Yes,Yes,Yes,No,Yes,Yes,Month-to-month,Yes,Electronic check,81.76,1118.9,Yes
4259-QDUB,Male,1,Yes,Yes,64,Yes,No,DSL,No,No,Yes,Yes,Yes,No,Month-to-month,Yes,Electronic check,65.31,3977.94,Yes
6470-PSDI,Male,0,No,No,45,Yes,Yes,No,No internet service,No internet service,No internet service,No internet service,No internet service,No internet service,Month-to-month,No,Credit card (automatic),30.61,1320.29,No
3621-MGVW,Male,0,No,No,48,Yes,Yes,No,No internet service,No internet service,No internet service,No internet service,No internet service,No internet service,Two year,Yes,Bank transfer (automatic),26.69,1270.9,No
6549-ZQSP,Female,0,No,Yes,43,No,No phone service,Fiber optic,No,No,Yes,No,No,No,Two year,Yes,Credit card (automatic),72.66,3140.79,No
6860-NSHK,Female,0,Yes,Yes,68,Yes,No,No,No internet service,No internet service,No internet service,No internet service,No internet service,No internet service,Month-to-month,No,Credit card (automatic),23.41,1510.7,No
7888-PAPE,Male,0,Yes,Yes,42,Yes,No,No,No internet service,No internet service,No internet service,No internet service,No internet service,No internet service,Month-to-month,Yes,Bank transfer (automatic),25.87,1060.09,No
2264-HXBN,Female,0,Yes,Yes,36,Yes,Yes,DSL,No,No,No,No,No,Yes,One year,Yes,Bank transfer (automatic),57.37,2020.26,No
8450-JXVY,Female,0,No,No,18,Yes,No,Fiber optic,Yes,Yes,Yes,Yes,Yes,Yes,One year,No,Electronic check,108.4,1845.0,Yes
6053-NBST,Male,0,No,No,46,Yes,No,DSL,No,Yes,No,No,No,Yes,Two year,No,Mailed check,70.6,3131.89,No
3267-ZUDV,Male,0,No,No,63,No,No phone service,Fiber optic,Yes,Yes,No,No,Yes,Yes,Month-to-month,Yes,Bank transfer (automatic),82.79,5065.45,No
6709-ZQMT,Male,1,No,No,63,Yes,Yes,Fiber optic,Yes,No,No,Yes,No,Yes,One year,No,Bank transfer (automatic),95.4,5902.0,No
3582-AGIV,Male,0,No,No,44,Yes,Yes,Fiber optic,No,No,No,No,No,No,Two year,No,Bank transfer (automatic),76.25,3371.88,No
3004-ZZCV,Male,0,Yes,Yes,39,Yes,Yes,Fiber optic,No,No,Yes,No,No,No,Month-to-month,No,Credit card (automatic),80.93,3214.48,Yes
2419-RJBD,Female,0,No,Yes,20,Yes,No,DSL,No,Yes,No,Yes,No,No,Month-to-month,No,Mailed check,62.93,1187.86,No
2776-ZDEP,Female,0,Yes,No,39,Yes,No,DSL,No,Yes,Yes,No,Yes,No,Two year,Yes,Electronic check,63.38,2276.05,No
7641-PIYH,Female,0,No,No,32,Yes,No,No,No internet service,No internet service,No internet service,No internet service,No internet service,No internet service,Month-to-month,No,Credit card (automatic),28.68,855.79,No
3472-OUNZ,Female,0,Yes,No,49,Yes,No,No,No internet service,No internet service,No internet service,No internet service,No internet service,No internet service,Month-to-month,No,Bank transfer (automatic),24.66,1119.92,No
5326-XEJN,Female,0,No,No,40,Yes,No,No,No internet service,No internet service,No internet service,No internet service,No internet service,No internet service,Month-to-month,Yes,Electronic check,22.54,849.81,No
1788-LYNU,Female,1,Yes,No,57,Yes,Yes,No,No internet service,No internet service,No internet service,No internet service,No internet service,No internet service,Two year,Yes,Bank transfer (automatic),32.19,1716.23,No
7393-XGSQ,Female,0,No,Yes,5,Yes,Yes,Fiber optic,No,Yes,Yes,No,No,No,Two year,No,Electronic check,85.94,433.82,No
7557-SNSG,Male,0,No,No,46,Yes,No,Fiber optic,No,No,Yes,Yes,No,Yes,One year,No,Credit card (automatic),87.04,3604.24,No
7009-ZKPJ,Male,1,No,No,39,Yes,Yes,Fiber optic,No,Yes,Yes,Yes,Yes,Yes,Two year,No,Credit card (automatic),103.04,3526.31,Yes
7767-GYOW,Male,0,Yes,No,15,Yes,Yes,Fiber optic,Yes,No,Yes,No,Yes,No,Month-to-month,Yes,Bank transfer (automatic),95.23,1399.42,Yes
3368-RWZO,Male,0,No,No,31,Yes,Yes,No,No internet service,No internet service,No internet service,No internet service,No internet service,No internet service,Two year,No,Credit card (automatic),31.53,873.33,No
6186-CGCX,Male,0,Yes,No,33,Yes,No,No,No internet service,No internet service,No internet service,No internet service,No internet service,No internet service,Two year,Yes,Bank transfer (automatic),22.71,736.45,No
2171-GLTF,Female,0,No,Yes,41,Yes,Yes,DSL,No,Yes,Yes,No,No,No,Month-to-month,No,Credit card (automatic),61.34,2456.73,No
3945-YHZN,Female,0,Yes,No,26,Yes,Yes,No,No internet service,No internet service,No internet service,No internet service,No internet service,No internet service,Month-to-month,Yes,Mailed check,31.8,788.15,No
5838-JPSX,Male,0,No,No,50,Yes,Yes,DSL,Yes,No,No,Yes,No,No,Month-to-month,Yes,Electronic check,69.45,3513.24,No
7747-DWTU,Female,0,Yes,Yes,53,Yes,Yes,Fiber optic,Yes,No,No,Yes,Yes,Yes,Month-to-month,Yes,Electronic check,103.12,5183.03,No
3364-ZJDA,Female,0,No,No,56,Yes,Yes,Fiber optic,No,No,No,No,Yes,No,One year,Yes,Electronic check,83.12,4268.69,Yes
8540-KRQQ,Female,0,Yes,No,25,Yes,Yes,Fiber optic,No,No,Yes,No,Yes,No,Two year,Yes,Mailed check,94.57,2377.36,No
5633-EDII,Male,0,No,Yes,45,No,No phone service,DSL,Yes,No,Yes,Yes,No,Yes,Month-to-month,Yes,Electronic check,63.86,2824.12,No
1882-GREV,Male,0,No,Yes,40,No,No phone service,Fiber optic,No,Yes,No,Yes,Yes,No,Month-to-month,Yes,Credit card (automatic),88.55,3510.33,Yes
6709-DIYJ,Male,0,Yes,Yes,48,No,No phone service,Fiber optic,Yes,No,No,No,No,No,One year,No,Bank transfer (automatic),68.85,3295.85,No
3854-OJHQ,Female,0,Yes,No,45,Yes,Yes,Fiber optic,No,No,Yes,Yes,Yes,No,Month-to-month,No,Mailed check,92.85,3963.76,Yes
6578-COJU,Male,0,No,No,53,No,No phone service,DSL,No,Yes,Yes,Yes,No,No,Month-to-month,No,Electronic check,59.34,2982.55,No
1278-TJBT,Female,0,Yes,Yes,52,Yes,Yes,No,No internet service,No internet service,No internet service,No internet service,No internet service,No internet service,Month-to-month,No,Bank transfer (automatic),29.65,1501.65,No
5268-GSWX,Male,0,Yes,No,3,Yes,Yes,No,No internet service,No internet service,No internet service,No internet service,No internet service,No internet service,Month-to-month,Yes,Credit card (automatic),36.79,108.78,Yes
7869-TIXW,Female,0,Yes,No,56,Yes,Yes,Fiber optic,No,Yes,No,Yes,No,No,Month-to-month,No,Bank transfer (automatic),90.83,5000.29,No
5043-TXNE,Female,0,No,No,54,Yes,No,Fiber optic,Yes,No,Yes,No,Yes,No,Month-to-month,Yes,Mailed check,90.62,4860.47,Yes
7323-LOKQ,Male,0,No,No,59,Yes,No,Fiber optic,Yes,Yes,Yes,No,No,Yes,Month-to-month,Yes,Electronic check,95.97,5356.4,No
4184-GVRE,Male,0,Yes,No,9,Yes,No,Fiber optic,Yes,No,Yes,Yes,No,Yes,One year,No,Credit card (automatic),93.38,872.57,No
7055-RLHE,Male,0,No,No,16,Yes,Yes,No,No internet service,No internet service,No internet service,No internet service,No internet service,No internet service,Month-to-month,Yes,Electronic check,34.31,529.2,No
8782-SYRH,Female,0,Yes,No,43,Yes,No,DSL,Yes,No,No,No,No,Yes,One year,Yes,Bank transfer (automatic),62.04,2679.77,No
1728-YTJZ,Male,0,No,No,2,Yes,No,Fiber optic,Yes,No,Yes,No,No,Yes,Month-to-month,No,Mailed check,93.75,168.58,No
2616-LGKE,Female,0,No,No,44,Yes,No,No,No internet service,No internet service,No internet service,No internet service,No internet service,No internet service,Two year,No,Electronic check,27.98,1223.1,No
7091-NWCW,Female,0,No,Yes,54,Yes,No,No,No internet service,No internet service,No internet service,No internet service,No internet service,No internet service,Month-to-month,Yes,Mailed check,21.87,1133.94,No
5078-CLMI,Female,1,Yes,Yes,65,No,No phone service,DSL,No,No,No,Yes,Yes,No,Month-to-month,Yes,Credit card (automatic),51.25,3075.67,No
8726-TCVS,Female,0,Yes,No,14,Yes,No,Fiber optic,Yes,Yes,Yes,Yes,Yes,Yes,Month-to-month,No,Bank transfer (automatic),111.48,1455.42,Yes
5078-YHFY,Female,0,Yes,Yes,38,Yes,No,No,No internet service,No internet service,No internet service,No internet service,No internet service,No internet service,Two year,Yes,Electronic check,21.44,789.11,No
7167-BGLO,Female,0,Yes,Yes,34,Yes,No,Fiber optic,No,No,No,No,Yes,No,Month-to-month,Yes,Electronic check,78.97,2560.52,Yes
7542-HFNO,Male,0,No,No,24,Yes,No,Fiber optic,No,Yes,No,Yes,No,Yes,Two year,No,Electronic check,89.16,2112.87,No
8692-TLMN,Male,0,Yes,No,53,No,No phone service,DSL,Yes,No,Yes,No,Yes,Yes,Month-to-month,Yes,Bank transfer (automatic),64.8,3170.64,No
4096-LAEN,Male,0,Yes,No,24,Yes,No,Fiber optic,No,No,No,Yes,Yes,No,Month-to-month,Yes,Mailed check,90.12,2171.13,Yes
7860-XEIS,Female,0,Yes,No,47,Yes,Yes,DSL,No,No,No,Yes,No,Yes,One year,Yes,Bank transfer (automatic),61.27,2774.84,No
4101-YJBK,Male,0,Yes,No,59,Yes,Yes,Fiber optic,Yes,No,No,Yes,Yes,Yes,Month-to-month,Yes,Mailed check,99.37,5501.89,No
9925-UAHO,Male,0,Yes,No,44,Yes,Yes,DSL,No,Yes,Yes,Yes,No,No,Month-to-month,Yes,Bank transfer (automatic),73.74,3292.58,Yes
5662-JXWR,Male,0,No,No,19,No,No phone service,No,No internet service,No internet service,No internet service,No internet service,No internet service,No internet service,One year,No,Electronic check,18.0,343.43,No
4582-USLI,Male,0,Yes,No,56,Yes,No,Fiber optic,Yes,Yes,No,Yes,No,No,Month-to-month,No,Electronic check,82.09,4609.06,No
2503-XAXP,Female,0,No,No,30,Yes,Yes,Fiber optic,No,No,No,Yes,No,Yes,Two year,Yes,Credit card (automatic),89.11,2482.37,No
7422-TOXA,Female,0,Yes,No,35,Yes,No,No,No internet service,No internet service,No internet service,No internet service,No internet service,No internet service,Month-to-month,No,Electronic check,21.16,701.59,No
7045-LKHY,Female,1,No,Yes,6,Yes,No,Fiber optic,No,Yes,Yes,Yes,No,No,Two year,Yes,Bank transfer (automatic),90.37,517.88,No
6980-ZSEX,Female,0,Yes,Yes,3,Yes,No,Fiber optic,No,No,No,No,Yes,No,Month-to-month,Yes,Bank transfer (automatic),76.69,226.7,Yes
3983-SPJJ,Male,1,Yes,No,36,Yes,Yes,No,No internet service,No internet service,No internet service,No internet service,No internet service,No internet service,Two year,No,Electronic check,31.94,1114.32,No
1150-XHZN,Female,0,Yes,No,25,Yes,No,Fiber optic,No,Yes,No,No,Yes,Yes,Month-to-month,Yes,Mailed check,90.84,2299.26,Yes
8908-CRCI,Female,0,Yes,No,7,Yes,No,DSL,Yes,No,No,No,No,Yes,Two year,Yes,Electronic check,63.43,432.66,No
8121-NPAM,Male,0,Yes,No,11,Yes,No,DSL,Yes,No,No,No,Yes,No,Two year,Yes,Credit card (automatic),63.45,650.31,No
2709-HION,Male,0,No,No,14,No,No phone service,No,No internet service,No internet service,No internet service,No internet service,No internet service,No internet service,Month-to-month,Yes,Bank transfer (automatic),23.29,341.04,No
6703-UEBU,Male,0,No,No,24,Yes,Yes,DSL,No,No,Yes,No,No,No,One year,Yes,Mailed check,53.36,1156.88,No
6659-VIZA,Male,0,No,No,33,Yes,No,DSL,Yes,No,Yes,No,Yes,No,Month-to-month,Yes,Electronic check,62.72,2013.2,No
6525-HXIP,Female,0,Yes,Yes,40,Yes,Yes,DSL,Yes,Yes,Yes,No,Yes,No,Month-to-month,No,Electronic check,75.69,2776.46,Yes
7148-BNXE,Male,0,No,Yes,32,Yes,No,Fiber optic,No,No,No,No,Yes,No,Month-to-month,No,Credit card (automatic),76.33,2330.04,Yes
5878-LZXJ,Female,1,Yes,Yes,41,Yes,Yes,Fiber optic,No,No,Yes,Yes,Yes,Yes,Two year,No,Electronic check,101.92,4500.66,Yes
8490-ENJV,Female,0,Yes,No,2,Yes,Yes,Fiber optic,Yes,No,No,No,No,Yes,Month-to-month,Yes,Electronic check,87.76,169.55,No
7152-RWIV,Female,0,No,No,5,Yes,No,DSL,No,No,No,No,No,No,Month-to-month,Yes,Electronic check,49.49,225.42,Yes
5768-FYEE,Male,1,No,No,25,Yes,Yes,Fiber optic,No,No,Yes,Yes,Yes,No,One year,Yes,Electronic check,90.88,2150.57,Yes
1398-XMGM,Male,0,Yes,Yes,25,Yes,No,Fiber optic,No,Yes,Yes,No,Yes,No,Two year,No,Electronic check,90.6,2147.01,No
